Plan ID,渠道,标题,正文,触达成功,点击人次,发送日期
P0000,企微1v1,限时秒杀 免费麦辣鸡腿堡 仅剩98份,快来领取优惠券 新人立减5元 免费配送,28562,431,2026-08-01
P0000,企微1v1,限时秒杀 免费麦辣鸡腿堡 仅剩66份,快来领取优惠券 新人立减5元 免费配送,32845,3417,2026-08-01
P0000,企微1v1,限时秒杀 免费麦辣鸡腿堡 仅剩62份,快来领取优惠券 新人立减5元 免费配送,24465,4879,2026-08-01
P0000,APP Push,限时秒杀 免费麦辣鸡腿堡 仅剩65份,快来领取优惠券 新人立减5元 免费配送,10127,2408,2026-08-01
P0000,APP Push,限时秒杀 免费麦辣鸡腿堡 仅剩97份,快来领取优惠券 新人立减5元 免费配送,7214,2152,2026-08-01
P0000,短信,限时秒杀 免费麦辣鸡腿堡 仅剩91份,快来领取优惠券 新人立减5元 免费配送,40446,1303,2026-08-01
P0000,企微1v1,限时秒杀 免费麦辣鸡腿堡 仅剩13份,快来领取优惠券 新人立减5元 免费配送,48830,704,2026-08-01
P0000,短信,限时秒杀 免费麦辣鸡腿堡 仅剩43份,快来领取优惠券 新人立减5元 免费配送,31942,4685,2026-08-01
P0000,APP Push,限时秒杀 免费麦辣鸡腿堡 仅剩46份,快来领取优惠券 新人立减5元 免费配送,29453,2690,2026-08-01
P0000,短信,限时秒杀 免费麦辣鸡腿堡 仅剩82份,快来领取优惠券 新人立减5元 免费配送,14400,4626,2026-08-01
P0000,企微1v1,限时秒杀 免费麦辣鸡腿堡 仅剩57份,快来领取优惠券 新人立减5元 免费配送,35167,2233,2026-08-01
P0000,APP Push,限时秒杀 免费麦辣鸡腿堡 仅剩71份,快来领取优惠券 新人立减5元 免费配送,1920,864,2026-08-01
P0000,短信,限时秒杀 免费麦辣鸡腿堡 仅剩52份,快来领取优惠券 新人立减5元 免费配送,47547,109,2026-08-01
P0000,短信,限时秒杀 免费麦辣鸡腿堡 仅剩64份,快来领取优惠券 新人立减5元 免费配送,22832,2098,2026-08-01
P0000,短信,限时秒杀 免费麦辣鸡腿堡 仅剩42份,快来领取优惠券 新人立减5元 免费配送,47113,615,2026-08-01
P0000,APP Push,限时秒杀 免费麦辣鸡腿堡 仅剩73份,快来领取优惠券 新人立减5元 免费配送,15529,2054,2026-08-01
P0000,APP Push,限时秒杀 免费麦辣鸡腿堡 仅剩70份,快来领取优惠券 新人立减5元 免费配送,30358,847,2026-08-01
P0000,APP Push,限时秒杀 免费麦辣鸡腿堡 仅剩41份,快来领取优惠券 新人立减5元 免费配送,34288,4108,2026-08-01
P0000,APP Push,限时秒杀 免费麦辣鸡腿堡 仅剩39份,快来领取优惠券 新人立减5元 免费配送,37127,2484,2026-08-01
P0000,短信,限时秒杀 免费麦辣鸡腿堡 仅剩16份,快来领取优惠券 新人立减5元 免费配送,36877,2825,2026-08-01
P0001,短信,限时秒杀 免费麦辣鸡腿堡 仅剩27份,快来领取优惠券 新人立减5元 免费配送,40530,4582,2026-08-01
P0001,短信,限时秒杀 免费麦辣鸡腿堡 仅剩37份,快来领取优惠券 新人立减5元 免费配送,30162,850,2026-08-01
P0001,短信,限时秒杀 免费麦辣鸡腿堡 仅剩50份,快来领取优惠券 新人立减5元 免费配送,21777,4815,2026-08-01
P0001,APP Push,限时秒杀 免费麦辣鸡腿堡 仅剩38份,快来领取优惠券 新人立减5元 免费配送,13050,1651,2026-08-01
P0001,APP Push,限时秒杀 免费麦辣鸡腿堡 仅剩5份,快来领取优惠券 新人立减5元 免费配送,41158,2230,2026-08-01
P0001,企微1v1,限时秒杀 免费麦辣鸡腿堡 仅剩9份,快来领取优惠券 新人立减5元 免费配送,6886,1166,2026-08-01
P0001,APP Push,限时秒杀 免费麦辣鸡腿堡 仅剩5份,快来领取优惠券 新人立减5元 免费配送,6259,4528,2026-08-01
P0001,短信,限时秒杀 免费麦辣鸡腿堡 仅剩51份,快来领取优惠券 新人立减5元 免费配送,47221,4397,2026-08-01
P0001,企微1v1,限时秒杀 免费麦辣鸡腿堡 仅剩67份,快来领取优惠券 新人立减5元 免费配送,16433,1862,2026-08-01
P0001,短信,限时秒杀 免费麦辣鸡腿堡 仅剩76份,快来领取优惠券 新人立减5元 免费配送,28487,4848,2026-08-01
P0001,企微1v1,限时秒杀 免费麦辣鸡腿堡 仅剩58份,快来领取优惠券 新人立减5元 免费配送,33286,3027,2026-08-01
P0001,APP Push,限时秒杀 免费麦辣鸡腿堡 仅剩42份,快来领取优惠券 新人立减5元 免费配送,41159,1044,2026-08-01
P0001,企微1v1,限时秒杀 免费麦辣鸡腿堡 仅剩76份,快来领取优惠券 新人立减5元 免费配送,42297,2846,2026-08-01
P0001,APP Push,限时秒杀 免费麦辣鸡腿堡 仅剩32份,快来领取优惠券 新人立减5元 免费配送,2062,2320,2026-08-01
P0001,APP Push,限时秒杀 免费麦辣鸡腿堡 仅剩91份,快来领取优惠券 新人立减5元 免费配送,15448,3147,2026-08-01
P0001,APP Push,限时秒杀 免费麦辣鸡腿堡 仅剩43份,快来领取优惠券 新人立减5元 免费配送,28926,609,2026-08-01
P0001,APP Push,限时秒杀 免费麦辣鸡腿堡 仅剩19份,快来领取优惠券 新人立减5元 免费配送,46722,1892,2026-08-01
P0001,APP Push,限时秒杀 免费麦辣鸡腿堡 仅剩74份,快来领取优惠券 新人立减5元 免费配送,42563,4476,2026-08-01
P0001,短信,限时秒杀 免费麦辣鸡腿堡 仅剩88份,快来领取优惠券 新人立减5元 免费配送,5849,318,2026-08-01
P0001,APP Push,限时秒杀 免费麦辣鸡腿堡 仅剩82份,快来领取优惠券 新人立减5元 免费配送,13354,4818,2026-08-01
P0002,APP Push,限时秒杀 免费麦辣鸡腿堡 仅剩51份,快来领取优惠券 新人立减5元 免费配送,6998,3132,2026-08-01
P0002,APP Push,限时秒杀 免费麦辣鸡腿堡 仅剩5份,快来领取优惠券 新人立减5元 免费配送,40682,277,2026-08-01
P0002,APP Push,限时秒杀 免费麦辣鸡腿堡 仅剩24份,快来领取优惠券 新人立减5元 免费配送,48062,1114,2026-08-01
P0002,企微1v1,限时秒杀 免费麦辣鸡腿堡 仅剩27份,快来领取优惠券 新人立减5元 免费配送,48654,600,2026-08-01
P0002,短信,限时秒杀 免费麦辣鸡腿堡 仅剩3份,快来领取优惠券 新人立减5元 免费配送,36667,3586,2026-08-01
P0002,短信,限时秒杀 免费麦辣鸡腿堡 仅剩13份,快来领取优惠券 新人立减5元 免费配送,18034,673,2026-08-01
P0002,APP Push,限时秒杀 免费麦辣鸡腿堡 仅剩10份,快来领取优惠券 新人立减5元 免费配送,43396,2566,2026-08-01
P0002,企微1v1,限时秒杀 免费麦辣鸡腿堡 仅剩56份,快来领取优惠券 新人立减5元 免费配送,12817,600,2026-08-01
P0002,短信,限时秒杀 免费麦辣鸡腿堡 仅剩60份,快来领取优惠券 新人立减5元 免费配送,3580,4986,2026-08-01
P0002,APP Push,限时秒杀 免费麦辣鸡腿堡 仅剩90份,快来领取优惠券 新人立减5元 免费配送,26642,1733,2026-08-01
P0002,企微1v1,限时秒杀 免费麦辣鸡腿堡 仅剩46份,快来领取优惠券 新人立减5元 免费配送,48946,3952,2026-08-01
P0002,短信,限时秒杀 免费麦辣鸡腿堡 仅剩22份,快来领取优惠券 新人立减5元 免费配送,46724,1766,2026-08-01
P0002,APP Push,限时秒杀 免费麦辣鸡腿堡 仅剩87份,快来领取优惠券 新人立减5元 免费配送,11368,1426,2026-08-01
P0002,企微1v1,限时秒杀 免费麦辣鸡腿堡 仅剩68份,快来领取优惠券 新人立减5元 免费配送,17429,1060,2026-08-01
P0002,短信,限时秒杀 免费麦辣鸡腿堡 仅剩57份,快来领取优惠券 新人立减5元 免费配送,44621,1532,2026-08-01
P0002,APP Push,限时秒杀 免费麦辣鸡腿堡 仅剩61份,快来领取优惠券 新人立减5元 免费配送,45648,3457,2026-08-01
P0002,短信,限时秒杀 免费麦辣鸡腿堡 仅剩66份,快来领取优惠券 新人立减5元 免费配送,21410,3025,2026-08-01
P0002,企微1v1,限时秒杀 免费麦辣鸡腿堡 仅剩85份,快来领取优惠券 新人立减5元 免费配送,17445,1356,2026-08-01
P0002,短信,限时秒杀 免费麦辣鸡腿堡 仅剩89份,快来领取优惠券 新人立减5元 免费配送,1815,3851,2026-08-01
P0002,短信,限时秒杀 免费麦辣鸡腿堡 仅剩11份,快来领取优惠券 新人立减5元 免费配送,23014,474,2026-08-01
P0003,短信,限时秒杀 免费麦辣鸡腿堡 仅剩36份,快来领取优惠券 新人立减5元 免费配送,9836,2067,2026-08-01
P0003,企微1v1,限时秒杀 免费麦辣鸡腿堡 仅剩46份,快来领取优惠券 新人立减5元 免费配送,40985,2458,2026-08-01
P0003,短信,限时秒杀 免费麦辣鸡腿堡 仅剩46份,快来领取优惠券 新人立减5元 免费配送,39684,1184,2026-08-01
P0003,短信,限时秒杀 免费麦辣鸡腿堡 仅剩40份,快来领取优惠券 新人立减5元 免费配送,26429,3494,2026-08-01
P0003,短信,限时秒杀 免费麦辣鸡腿堡 仅剩11份,快来领取优惠券 新人立减5元 免费配送,1099,4970,2026-08-01
P0003,APP Push,限时秒杀 免费麦辣鸡腿堡 仅剩90份,快来领取优惠券 新人立减5元 免费配送,22915,1411,2026-08-01
P0003,APP Push,限时秒杀 免费麦辣鸡腿堡 仅剩29份,快来领取优惠券 新人立减5元 免费配送,42772,3771,2026-08-01
P0003,企微1v1,限时秒杀 免费麦辣鸡腿堡 仅剩91份,快来领取优惠券 新人立减5元 免费配送,45156,4754,2026-08-01
P0003,企微1v1,限时秒杀 免费麦辣鸡腿堡 仅剩5份,快来领取优惠券 新人立减5元 免费配送,27362,4748,2026-08-01
P0003,企微1v1,限时秒杀 免费麦辣鸡腿堡 仅剩99份,快来领取优惠券 新人立减5元 免费配送,44397,483,2026-08-01
P0003,APP Push,限时秒杀 免费麦辣鸡腿堡 仅剩58份,快来领取优惠券 新人立减5元 免费配送,5186,2223,2026-08-01
P0003,短信,限时秒杀 免费麦辣鸡腿堡 仅剩21份,快来领取优惠券 新人立减5元 免费配送,30252,4421,2026-08-01
P0003,企微1v1,限时秒杀 免费麦辣鸡腿堡 仅剩72份,快来领取优惠券 新人立减5元 免费配送,40582,100,2026-08-01
P0003,APP Push,限时秒杀 免费麦辣鸡腿堡 仅剩64份,快来领取优惠券 新人立减5元 免费配送,22361,2656,2026-08-01
P0003,企微1v1,限时秒杀 免费麦辣鸡腿堡 仅剩7份,快来领取优惠券 新人立减5元 免费配送,28206,1640,2026-08-01
P0003,短信,限时秒杀 免费麦辣鸡腿堡 仅剩82份,快来领取优惠券 新人立减5元 免费配送,6470,1169,2026-08-01
P0003,APP Push,限时秒杀 免费麦辣鸡腿堡 仅剩52份,快来领取优惠券 新人立减5元 免费配送,45467,3520,2026-08-01
P0003,企微1v1,限时秒杀 免费麦辣鸡腿堡 仅剩1份,快来领取优惠券 新人立减5元 免费配送,14993,217,2026-08-01
P0003,短信,限时秒杀 免费麦辣鸡腿堡 仅剩97份,快来领取优惠券 新人立减5元 免费配送,1154,4428,2026-08-01
P0003,短信,限时秒杀 免费麦辣鸡腿堡 仅剩13份,快来领取优惠券 新人立减5元 免费配送,13481,1074,2026-08-01
P0004,短信,限时秒杀 免费麦辣鸡腿堡 仅剩84份,快来领取优惠券 新人立减5元 免费配送,14009,2577,2026-08-01
P0004,企微1v1,限时秒杀 免费麦辣鸡腿堡 仅剩89份,快来领取优惠券 新人立减5元 免费配送,12942,920,2026-08-01
P0004,企微1v1,限时秒杀 免费麦辣鸡腿堡 仅剩51份,快来领取优惠券 新人立减5元 免费配送,42132,766,2026-08-01
P0004,APP Push,限时秒杀 免费麦辣鸡腿堡 仅剩36份,快来领取优惠券 新人立减5元 免费配送,30686,1048,2026-08-01
P0004,企微1v1,限时秒杀 免费麦辣鸡腿堡 仅剩18份,快来领取优惠券 新人立减5元 免费配送,43832,4366,2026-08-01
P0004,短信,限时秒杀 免费麦辣鸡腿堡 仅剩83份,快来领取优惠券 新人立减5元 免费配送,23744,1042,2026-08-01
P0004,APP Push,限时秒杀 免费麦辣鸡腿堡 仅剩36份,快来领取优惠券 新人立减5元 免费配送,2217,446,2026-08-01
P0004,APP Push,限时秒杀 免费麦辣鸡腿堡 仅剩27份,快来领取优惠券 新人立减5元 免费配送,45629,2227,2026-08-01
P0004,短信,限时秒杀 免费麦辣鸡腿堡 仅剩41份,快来领取优惠券 新人立减5元 免费配送,25044,4748,2026-08-01
P0004,APP Push,限时秒杀 免费麦辣鸡腿堡 仅剩96份,快来领取优惠券 新人立减5元 免费配送,46962,4150,2026-08-01
P0004,短信,限时秒杀 免费麦辣鸡腿堡 仅剩83份,快来领取优惠券 新人立减5元 免费配送,31059,3667,2026-08-01
P0004,企微1v1,限时秒杀 免费麦辣鸡腿堡 仅剩69份,快来领取优惠券 新人立减5元 免费配送,12684,1802,2026-08-01
P0004,企微1v1,限时秒杀 免费麦辣鸡腿堡 仅剩76份,快来领取优惠券 新人立减5元 免费配送,20073,172,2026-08-01
P0004,APP Push,限时秒杀 免费麦辣鸡腿堡 仅剩20份,快来领取优惠券 新人立减5元 免费配送,18784,2831,2026-08-01
P0004,企微1v1,限时秒杀 免费麦辣鸡腿堡 仅剩48份,快来领取优惠券 新人立减5元 免费配送,48087,867,2026-08-01
P0004,企微1v1,限时秒杀 免费麦辣鸡腿堡 仅剩80份,快来领取优惠券 新人立减5元 免费配送,3337,437,2026-08-01
P0004,企微1v1,限时秒杀 免费麦辣鸡腿堡 仅剩21份,快来领取优惠券 新人立减5元 免费配送,10792,4879,2026-08-01
P0004,企微1v1,限时秒杀 免费麦辣鸡腿堡 仅剩47份,快来领取优惠券 新人立减5元 免费配送,26873,4593,2026-08-01
P0004,APP Push,限时秒杀 免费麦辣鸡腿堡 仅剩38份,快来领取优惠券 新人立减5元 免费配送,8529,4016,2026-08-01
P0004,短信,限时秒杀 免费麦辣鸡腿堡 仅剩31份,快来领取优惠券 新人立减5元 免费配送,4162,2622,2026-08-01
P0005,APP Push,限时秒杀 免费麦辣鸡腿堡 仅剩67份,快来领取优惠券 新人立减5元 免费配送,48753,680,2026-08-01
P0005,企微1v1,限时秒杀 免费麦辣鸡腿堡 仅剩52份,快来领取优惠券 新人立减5元 免费配送,22529,2551,2026-08-01
P0005,企微1v1,限时秒杀 免费麦辣鸡腿堡 仅剩14份,快来领取优惠券 新人立减5元 免费配送,7514,4694,2026-08-01
P0005,企微1v1,限时秒杀 免费麦辣鸡腿堡 仅剩61份,快来领取优惠券 新人立减5元 免费配送,23090,2915,2026-08-01
P0005,APP Push,限时秒杀 免费麦辣鸡腿堡 仅剩62份,快来领取优惠券 新人立减5元 免费配送,8602,4177,2026-08-01
P0005,企微1v1,限时秒杀 免费麦辣鸡腿堡 仅剩5份,快来领取优惠券 新人立减5元 免费配送,20785,2844,2026-08-01
P0005,短信,限时秒杀 免费麦辣鸡腿堡 仅剩88份,快来领取优惠券 新人立减5元 免费配送,11201,1464,2026-08-01
P0005,短信,限时秒杀 免费麦辣鸡腿堡 仅剩73份,快来领取优惠券 新人立减5元 免费配送,25613,812,2026-08-01
P0005,APP Push,限时秒杀 免费麦辣鸡腿堡 仅剩11份,快来领取优惠券 新人立减5元 免费配送,13978,1910,2026-08-01
P0005,APP Push,限时秒杀 免费麦辣鸡腿堡 仅剩50份,快来领取优惠券 新人立减5元 免费配送,1514,903,2026-08-01
P0005,企微1v1,限时秒杀 免费麦辣鸡腿堡 仅剩72份,快来领取优惠券 新人立减5元 免费配送,35013,2474,2026-08-01
P0005,企微1v1,限时秒杀 免费麦辣鸡腿堡 仅剩63份,快来领取优惠券 新人立减5元 免费配送,39331,1879,2026-08-01
P0005,企微1v1,限时秒杀 免费麦辣鸡腿堡 仅剩11份,快来领取优惠券 新人立减5元 免费配送,25138,1903,2026-08-01
P0005,企微1v1,限时秒杀 免费麦辣鸡腿堡 仅剩75份,快来领取优惠券 新人立减5元 免费配送,11917,3632,2026-08-01
P0005,APP Push,限时秒杀 免费麦辣鸡腿堡 仅剩46份,快来领取优惠券 新人立减5元 免费配送,8537,623,2026-08-01
P0005,短信,限时秒杀 免费麦辣鸡腿堡 仅剩4份,快来领取优惠券 新人立减5元 免费配送,35459,3799,2026-08-01
P0005,短信,限时秒杀 免费麦辣鸡腿堡 仅剩26份,快来领取优惠券 新人立减5元 免费配送,8792,4172,2026-08-01
P0005,企微1v1,限时秒杀 免费麦辣鸡腿堡 仅剩33份,快来领取优惠券 新人立减5元 免费配送,14581,444,2026-08-01
P0005,APP Push,限时秒杀 免费麦辣鸡腿堡 仅剩80份,快来领取优惠券 新人立减5元 免费配送,10591,957,2026-08-01
P0005,APP Push,限时秒杀 免费麦辣鸡腿堡 仅剩59份,快来领取优惠券 新人立减5元 免费配送,25774,3062,2026-08-01
P0006,短信,限时秒杀 免费麦辣鸡腿堡 仅剩20份,快来领取优惠券 新人立减5元 免费配送,7864,4984,2026-08-01
P0006,企微1v1,限时秒杀 免费麦辣鸡腿堡 仅剩19份,快来领取优惠券 新人立减5元 免费配送,37956,3425,2026-08-01
P0006,短信,限时秒杀 免费麦辣鸡腿堡 仅剩88份,快来领取优惠券 新人立减5元 免费配送,28737,4369,2026-08-01
P0006,企微1v1,限时秒杀 免费麦辣鸡腿堡 仅剩87份,快来领取优惠券 新人立减5元 免费配送,22132,4183,2026-08-01
P0006,企微1v1,限时秒杀 免费麦辣鸡腿堡 仅剩82份,快来领取优惠券 新人立减5元 免费配送,44913,1754,2026-08-01
P0006,短信,限时秒杀 免费麦辣鸡腿堡 仅剩79份,快来领取优惠券 新人立减5元 免费配送,15337,179,2026-08-01
P0006,企微1v1,限时秒杀 免费麦辣鸡腿堡 仅剩91份,快来领取优惠券 新人立减5元 免费配送,49957,2707,2026-08-01
P0006,企微1v1,限时秒杀 免费麦辣鸡腿堡 仅剩5份,快来领取优惠券 新人立减5元 免费配送,35413,1315,2026-08-01
P0006,企微1v1,限时秒杀 免费麦辣鸡腿堡 仅剩78份,快来领取优惠券 新人立减5元 免费配送,11217,3204,2026-08-01
P0006,短信,限时秒杀 免费麦辣鸡腿堡 仅剩38份,快来领取优惠券 新人立减5元 免费配送,48063,3953,2026-08-01
P0006,APP Push,限时秒杀 免费麦辣鸡腿堡 仅剩11份,快来领取优惠券 新人立减5元 免费配送,34851,422,2026-08-01
P0006,APP Push,限时秒杀 免费麦辣鸡腿堡 仅剩29份,快来领取优惠券 新人立减5元 免费配送,9552,432,2026-08-01
P0006,企微1v1,限时秒杀 免费麦辣鸡腿堡 仅剩2份,快来领取优惠券 新人立减5元 免费配送,30398,2808,2026-08-01
P0006,APP Push,限时秒杀 免费麦辣鸡腿堡 仅剩20份,快来领取优惠券 新人立减5元 免费配送,43997,3874,2026-08-01
P0006,企微1v1,限时秒杀 免费麦辣鸡腿堡 仅剩65份,快来领取优惠券 新人立减5元 免费配送,26049,4440,2026-08-01
P0006,短信,限时秒杀 免费麦辣鸡腿堡 仅剩5份,快来领取优惠券 新人立减5元 免费配送,38609,842,2026-08-01
P0006,短信,限时秒杀 免费麦辣鸡腿堡 仅剩67份,快来领取优惠券 新人立减5元 免费配送,40330,725,2026-08-01
P0006,短信,限时秒杀 免费麦辣鸡腿堡 仅剩55份,快来领取优惠券 新人立减5元 免费配送,14507,2472,2026-08-01
P0006,短信,限时秒杀 免费麦辣鸡腿堡 仅剩77份,快来领取优惠券 新人立减5元 免费配送,28383,4050,2026-08-01
P0006,企微1v1,限时秒杀 免费麦辣鸡腿堡 仅剩78份,快来领取优惠券 新人立减5元 免费配送,39429,2013,2026-08-01
P0007,APP Push,限时秒杀 免费麦辣鸡腿堡 仅剩85份,快来领取优惠券 新人立减5元 免费配送,1015,1590,2026-08-01
P0007,企微1v1,限时秒杀 免费麦辣鸡腿堡 仅剩65份,快来领取优惠券 新人立减5元 免费配送,38372,2184,2026-08-01
P0007,企微1v1,限时秒杀 免费麦辣鸡腿堡 仅剩9份,快来领取优惠券 新人立减5元 免费配送,33342,2246,2026-08-01
P0007,企微1v1,限时秒杀 免费麦辣鸡腿堡 仅剩99份,快来领取优惠券 新人立减5元 免费配送,27743,3247,2026-08-01
P0007,企微1v1,限时秒杀 免费麦辣鸡腿堡 仅剩8份,快来领取优惠券 新人立减5元 免费配送,11734,1143,2026-08-01
P0007,APP Push,限时秒杀 免费麦辣鸡腿堡 仅剩37份,快来领取优惠券 新人立减5元 免费配送,48805,2836,2026-08-01
P0007,APP Push,限时秒杀 免费麦辣鸡腿堡 仅剩5份,快来领取优惠券 新人立减5元 免费配送,32544,3523,2026-08-01
P0007,APP Push,限时秒杀 免费麦辣鸡腿堡 仅剩63份,快来领取优惠券 新人立减5元 免费配送,40450,768,2026-08-01
P0007,短信,限时秒杀 免费麦辣鸡腿堡 仅剩90份,快来领取优惠券 新人立减5元 免费配送,10920,2989,2026-08-01
P0007,企微1v1,限时秒杀 免费麦辣鸡腿堡 仅剩5份,快来领取优惠券 新人立减5元 免费配送,41093,3919,2026-08-01
P0007,企微1v1,限时秒杀 免费麦辣鸡腿堡 仅剩59份,快来领取优惠券 新人立减5元 免费配送,4082,931,2026-08-01
P0007,企微1v1,限时秒杀 免费麦辣鸡腿堡 仅剩20份,快来领取优惠券 新人立减5元 免费配送,2325,365,2026-08-01
P0007,短信,限时秒杀 免费麦辣鸡腿堡 仅剩80份,快来领取优惠券 新人立减5元 免费配送,9696,2753,2026-08-01
P0007,APP Push,限时秒杀 免费麦辣鸡腿堡 仅剩90份,快来领取优惠券 新人立减5元 免费配送,36988,2939,2026-08-01
P0007,APP Push,限时秒杀 免费麦辣鸡腿堡 仅剩50份,快来领取优惠券 新人立减5元 免费配送,33133,1009,2026-08-01
P0007,APP Push,限时秒杀 免费麦辣鸡腿堡 仅剩79份,快来领取优惠券 新人立减5元 免费配送,46928,3927,2026-08-01
P0007,短信,限时秒杀 免费麦辣鸡腿堡 仅剩81份,快来领取优惠券 新人立减5元 免费配送,23142,1118,2026-08-01
P0007,短信,限时秒杀 免费麦辣鸡腿堡 仅剩92份,快来领取优惠券 新人立减5元 免费配送,41765,2527,2026-08-01
P0007,APP Push,限时秒杀 免费麦辣鸡腿堡 仅剩50份,快来领取优惠券 新人立减5元 免费配送,20254,1095,2026-08-01
P0007,短信,限时秒杀 免费麦辣鸡腿堡 仅剩25份,快来领取优惠券 新人立减5元 免费配送,3502,3311,2026-08-01
P0008,企微1v1,限时秒杀 免费麦辣鸡腿堡 仅剩48份,快来领取优惠券 新人立减5元 免费配送,13483,3831,2026-08-01
P0008,企微1v1,限时秒杀 免费麦辣鸡腿堡 仅剩81份,快来领取优惠券 新人立减5元 免费配送,5937,465,2026-08-01
P0008,APP Push,限时秒杀 免费麦辣鸡腿堡 仅剩63份,快来领取优惠券 新人立减5元 免费配送,17736,318,2026-08-01
P0008,短信,限时秒杀 免费麦辣鸡腿堡 仅剩86份,快来领取优惠券 新人立减5元 免费配送,38306,4784,2026-08-01
P0008,APP Push,限时秒杀 免费麦辣鸡腿堡 仅剩30份,快来领取优惠券 新人立减5元 免费配送,7126,4215,2026-08-01
P0008,短信,限时秒杀 免费麦辣鸡腿堡 仅剩68份,快来领取优惠券 新人立减5元 免费配送,28532,4254,2026-08-01
P0008,企微1v1,限时秒杀 免费麦辣鸡腿堡 仅剩15份,快来领取优惠券 新人立减5元 免费配送,10547,3589,2026-08-01
P0008,短信,限时秒杀 免费麦辣鸡腿堡 仅剩55份,快来领取优惠券 新人立减5元 免费配送,6507,958,2026-08-01
P0008,企微1v1,限时秒杀 免费麦辣鸡腿堡 仅剩9份,快来领取优惠券 新人立减5元 免费配送,7501,3501,2026-08-01
P0008,APP Push,限时秒杀 免费麦辣鸡腿堡 仅剩94份,快来领取优惠券 新人立减5元 免费配送,3012,3759,2026-08-01
P0008,企微1v1,限时秒杀 免费麦辣鸡腿堡 仅剩88份,快来领取优惠券 新人立减5元 免费配送,28329,346,2026-08-01
P0008,企微1v1,限时秒杀 免费麦辣鸡腿堡 仅剩42份,快来领取优惠券 新人立减5元 免费配送,48352,2169,2026-08-01
P0008,APP Push,限时秒杀 免费麦辣鸡腿堡 仅剩46份,快来领取优惠券 新人立减5元 免费配送,5609,1094,2026-08-01
P0008,企微1v1,限时秒杀 免费麦辣鸡腿堡 仅剩89份,快来领取优惠券 新人立减5元 免费配送,2925,2929,2026-08-01
P0008,企微1v1,限时秒杀 免费麦辣鸡腿堡 仅剩23份,快来领取优惠券 新人立减5元 免费配送,1653,1988,2026-08-01
P0008,企微1v1,限时秒杀 免费麦辣鸡腿堡 仅剩10份,快来领取优惠券 新人立减5元 免费配送,40098,1273,2026-08-01
P0008,APP Push,限时秒杀 免费麦辣鸡腿堡 仅剩1份,快来领取优惠券 新人立减5元 免费配送,14421,1109,2026-08-01
P0008,短信,限时秒杀 免费麦辣鸡腿堡 仅剩1份,快来领取优惠券 新人立减5元 免费配送,20219,3123,2026-08-01
P0008,短信,限时秒杀 免费麦辣鸡腿堡 仅剩4份,快来领取优惠券 新人立减5元 免费配送,40639,2007,2026-08-01
P0008,APP Push,限时秒杀 免费麦辣鸡腿堡 仅剩24份,快来领取优惠券 新人立减5元 免费配送,30756,1020,2026-08-01
P0009,企微1v1,限时秒杀 免费麦辣鸡腿堡 仅剩45份,快来领取优惠券 新人立减5元 免费配送,47365,2215,2026-08-01
P0009,APP Push,限时秒杀 免费麦辣鸡腿堡 仅剩4份,快来领取优惠券 新人立减5元 免费配送,14639,3067,2026-08-01
P0009,企微1v1,限时秒杀 免费麦辣鸡腿堡 仅剩61份,快来领取优惠券 新人立减5元 免费配送,20177,2527,2026-08-01
P0009,短信,限时秒杀 免费麦辣鸡腿堡 仅剩82份,快来领取优惠券 新人立减5元 免费配送,22429,1607,2026-08-01
P0009,短信,限时秒杀 免费麦辣鸡腿堡 仅剩11份,快来领取优惠券 新人立减5元 免费配送,7722,4468,2026-08-01
P0009,短信,限时秒杀 免费麦辣鸡腿堡 仅剩40份,快来领取优惠券 新人立减5元 免费配送,11250,3185,2026-08-01
P0009,APP Push,限时秒杀 免费麦辣鸡腿堡 仅剩17份,快来领取优惠券 新人立减5元 免费配送,15602,2687,2026-08-01
P0009,短信,限时秒杀 免费麦辣鸡腿堡 仅剩32份,快来领取优惠券 新人立减5元 免费配送,16509,1606,2026-08-01
P0009,企微1v1,限时秒杀 免费麦辣鸡腿堡 仅剩48份,快来领取优惠券 新人立减5元 免费配送,28511,478,2026-08-01
P0009,APP Push,限时秒杀 免费麦辣鸡腿堡 仅剩77份,快来领取优惠券 新人立减5元 免费配送,2346,3326,2026-08-01
P0009,APP Push,限时秒杀 免费麦辣鸡腿堡 仅剩90份,快来领取优惠券 新人立减5元 免费配送,5797,1181,2026-08-01
P0009,企微1v1,限时秒杀 免费麦辣鸡腿堡 仅剩39份,快来领取优惠券 新人立减5元 免费配送,37095,3514,2026-08-01
P0009,短信,限时秒杀 免费麦辣鸡腿堡 仅剩19份,快来领取优惠券 新人立减5元 免费配送,39736,3558,2026-08-01
P0009,企微1v1,限时秒杀 免费麦辣鸡腿堡 仅剩82份,快来领取优惠券 新人立减5元 免费配送,24236,792,2026-08-01
P0009,APP Push,限时秒杀 免费麦辣鸡腿堡 仅剩57份,快来领取优惠券 新人立减5元 免费配送,42469,3124,2026-08-01
P0009,短信,限时秒杀 免费麦辣鸡腿堡 仅剩68份,快来领取优惠券 新人立减5元 免费配送,4791,3183,2026-08-01
P0009,企微1v1,限时秒杀 免费麦辣鸡腿堡 仅剩2份,快来领取优惠券 新人立减5元 免费配送,28343,2726,2026-08-01
P0009,企微1v1,限时秒杀 免费麦辣鸡腿堡 仅剩27份,快来领取优惠券 新人立减5元 免费配送,25352,2502,2026-08-01
P0009,企微1v1,限时秒杀 免费麦辣鸡腿堡 仅剩12份,快来领取优惠券 新人立减5元 免费配送,13154,989,2026-08-01
P0009,企微1v1,限时秒杀 免费麦辣鸡腿堡 仅剩15份,快来领取优惠券 新人立减5元 免费配送,37580,1360,2026-08-01
P0010,短信,限时秒杀 免费麦辣鸡腿堡 仅剩58份,快来领取优惠券 新人立减5元 免费配送,27134,1618,2026-08-01
P0010,企微1v1,限时秒杀 免费麦辣鸡腿堡 仅剩56份,快来领取优惠券 新人立减5元 免费配送,12451,2131,2026-08-01
P0010,企微1v1,限时秒杀 免费麦辣鸡腿堡 仅剩44份,快来领取优惠券 新人立减5元 免费配送,35298,1267,2026-08-01
P0010,企微1v1,限时秒杀 免费麦辣鸡腿堡 仅剩60份,快来领取优惠券 新人立减5元 免费配送,42387,808,2026-08-01
P0010,企微1v1,限时秒杀 免费麦辣鸡腿堡 仅剩97份,快来领取优惠券 新人立减5元 免费配送,14345,2514,2026-08-01
P0010,APP Push,限时秒杀 免费麦辣鸡腿堡 仅剩90份,快来领取优惠券 新人立减5元 免费配送,30431,3884,2026-08-01
P0010,APP Push,限时秒杀 免费麦辣鸡腿堡 仅剩28份,快来领取优惠券 新人立减5元 免费配送,20566,1037,2026-08-01
P0010,短信,限时秒杀 免费麦辣鸡腿堡 仅剩39份,快来领取优惠券 新人立减5元 免费配送,36730,1379,2026-08-01
P0010,企微1v1,限时秒杀 免费麦辣鸡腿堡 仅剩91份,快来领取优惠券 新人立减5元 免费配送,31895,858,2026-08-01
P0010,短信,限时秒杀 免费麦辣鸡腿堡 仅剩64份,快来领取优惠券 新人立减5元 免费配送,16228,4554,2026-08-01
P0010,企微1v1,限时秒杀 免费麦辣鸡腿堡 仅剩36份,快来领取优惠券 新人立减5元 免费配送,42423,277,2026-08-01
P0010,APP Push,限时秒杀 免费麦辣鸡腿堡 仅剩35份,快来领取优惠券 新人立减5元 免费配送,44810,432,2026-08-01
P0010,APP Push,限时秒杀 免费麦辣鸡腿堡 仅剩33份,快来领取优惠券 新人立减5元 免费配送,27111,4409,2026-08-01
P0010,短信,限时秒杀 免费麦辣鸡腿堡 仅剩91份,快来领取优惠券 新人立减5元 免费配送,26967,3742,2026-08-01
P0010,APP Push,限时秒杀 免费麦辣鸡腿堡 仅剩96份,快来领取优惠券 新人立减5元 免费配送,17554,2998,2026-08-01
P0010,企微1v1,限时秒杀 免费麦辣鸡腿堡 仅剩97份,快来领取优惠券 新人立减5元 免费配送,45076,1705,2026-08-01
P0010,短信,限时秒杀 免费麦辣鸡腿堡 仅剩11份,快来领取优惠券 新人立减5元 免费配送,3323,677,2026-08-01
P0010,企微1v1,限时秒杀 免费麦辣鸡腿堡 仅剩40份,快来领取优惠券 新人立减5元 免费配送,35972,2884,2026-08-01
P0010,APP Push,限时秒杀 免费麦辣鸡腿堡 仅剩68份,快来领取优惠券 新人立减5元 免费配送,17321,1439,2026-08-01
P0010,APP Push,限时秒杀 免费麦辣鸡腿堡 仅剩54份,快来领取优惠券 新人立减5元 免费配送,19985,2416,2026-08-01
P0011,短信,限时秒杀 免费麦辣鸡腿堡 仅剩18份,快来领取优惠券 新人立减5元 免费配送,38616,4384,2026-08-01
P0011,短信,限时秒杀 免费麦辣鸡腿堡 仅剩27份,快来领取优惠券 新人立减5元 免费配送,35824,962,2026-08-01
P0011,企微1v1,限时秒杀 免费麦辣鸡腿堡 仅剩82份,快来领取优惠券 新人立减5元 免费配送,36623,3404,2026-08-01
P0011,短信,限时秒杀 免费麦辣鸡腿堡 仅剩36份,快来领取优惠券 新人立减5元 免费配送,20153,3723,2026-08-01
P0011,企微1v1,限时秒杀 免费麦辣鸡腿堡 仅剩73份,快来领取优惠券 新人立减5元 免费配送,42209,1228,2026-08-01
P0011,APP Push,限时秒杀 免费麦辣鸡腿堡 仅剩16份,快来领取优惠券 新人立减5元 免费配送,46680,1087,2026-08-01
P0011,企微1v1,限时秒杀 免费麦辣鸡腿堡 仅剩52份,快来领取优惠券 新人立减5元 免费配送,39735,3933,2026-08-01
P0011,APP Push,限时秒杀 免费麦辣鸡腿堡 仅剩72份,快来领取优惠券 新人立减5元 免费配送,44794,2549,2026-08-01
P0011,企微1v1,限时秒杀 免费麦辣鸡腿堡 仅剩81份,快来领取优惠券 新人立减5元 免费配送,31976,3500,2026-08-01
P0011,APP Push,限时秒杀 免费麦辣鸡腿堡 仅剩62份,快来领取优惠券 新人立减5元 免费配送,33037,4208,2026-08-01
P0011,企微1v1,限时秒杀 免费麦辣鸡腿堡 仅剩64份,快来领取优惠券 新人立减5元 免费配送,43733,593,2026-08-01
P0011,企微1v1,限时秒杀 免费麦辣鸡腿堡 仅剩39份,快来领取优惠券 新人立减5元 免费配送,10359,4159,2026-08-01
P0011,APP Push,限时秒杀 免费麦辣鸡腿堡 仅剩80份,快来领取优惠券 新人立减5元 免费配送,15137,309,2026-08-01
P0011,企微1v1,限时秒杀 免费麦辣鸡腿堡 仅剩61份,快来领取优惠券 新人立减5元 免费配送,26622,182,2026-08-01
P0011,短信,限时秒杀 免费麦辣鸡腿堡 仅剩9份,快来领取优惠券 新人立减5元 免费配送,46016,766,2026-08-01
P0011,短信,限时秒杀 免费麦辣鸡腿堡 仅剩95份,快来领取优惠券 新人立减5元 免费配送,44844,3336,2026-08-01
P0011,APP Push,限时秒杀 免费麦辣鸡腿堡 仅剩47份,快来领取优惠券 新人立减5元 免费配送,3698,1051,2026-08-01
P0011,短信,限时秒杀 免费麦辣鸡腿堡 仅剩1份,快来领取优惠券 新人立减5元 免费配送,18716,2496,2026-08-01
P0011,短信,限时秒杀 免费麦辣鸡腿堡 仅剩30份,快来领取优惠券 新人立减5元 免费配送,10219,4792,2026-08-01
P0011,企微1v1,限时秒杀 免费麦辣鸡腿堡 仅剩25份,快来领取优惠券 新人立减5元 免费配送,7911,3655,2026-08-01
P0012,企微1v1,限时秒杀 免费麦辣鸡腿堡 仅剩92份,快来领取优惠券 新人立减5元 免费配送,22639,3246,2026-08-01
P0012,APP Push,限时秒杀 免费麦辣鸡腿堡 仅剩43份,快来领取优惠券 新人立减5元 免费配送,28637,3665,2026-08-01
P0012,APP Push,限时秒杀 免费麦辣鸡腿堡 仅剩58份,快来领取优惠券 新人立减5元 免费配送,47453,1308,2026-08-01
P0012,短信,限时秒杀 免费麦辣鸡腿堡 仅剩41份,快来领取优惠券 新人立减5元 免费配送,9468,1811,2026-08-01
P0012,APP Push,限时秒杀 免费麦辣鸡腿堡 仅剩57份,快来领取优惠券 新人立减5元 免费配送,23883,3285,2026-08-01
P0012,企微1v1,限时秒杀 免费麦辣鸡腿堡 仅剩63份,快来领取优惠券 新人立减5元 免费配送,26528,1903,2026-08-01
P0012,APP Push,限时秒杀 免费麦辣鸡腿堡 仅剩57份,快来领取优惠券 新人立减5元 免费配送,14386,4904,2026-08-01
P0012,短信,限时秒杀 免费麦辣鸡腿堡 仅剩7份,快来领取优惠券 新人立减5元 免费配送,26450,372,2026-08-01
P0012,APP Push,限时秒杀 免费麦辣鸡腿堡 仅剩82份,快来领取优惠券 新人立减5元 免费配送,6548,1629,2026-08-01
P0012,企微1v1,限时秒杀 免费麦辣鸡腿堡 仅剩8份,快来领取优惠券 新人立减5元 免费配送,49703,1520,2026-08-01
P0012,APP Push,限时秒杀 免费麦辣鸡腿堡 仅剩79份,快来领取优惠券 新人立减5元 免费配送,20498,809,2026-08-01
P0012,短信,限时秒杀 免费麦辣鸡腿堡 仅剩66份,快来领取优惠券 新人立减5元 免费配送,19640,2992,2026-08-01
P0012,企微1v1,限时秒杀 免费麦辣鸡腿堡 仅剩59份,快来领取优惠券 新人立减5元 免费配送,4535,4328,2026-08-01
P0012,短信,限时秒杀 免费麦辣鸡腿堡 仅剩84份,快来领取优惠券 新人立减5元 免费配送,36860,3627,2026-08-01
P0012,短信,限时秒杀 免费麦辣鸡腿堡 仅剩59份,快来领取优惠券 新人立减5元 免费配送,33125,2186,2026-08-01
P0012,短信,限时秒杀 免费麦辣鸡腿堡 仅剩61份,快来领取优惠券 新人立减5元 免费配送,15117,2862,2026-08-01
P0012,企微1v1,限时秒杀 免费麦辣鸡腿堡 仅剩6份,快来领取优惠券 新人立减5元 免费配送,3870,530,2026-08-01
P0012,APP Push,限时秒杀 免费麦辣鸡腿堡 仅剩45份,快来领取优惠券 新人立减5元 免费配送,1253,2474,2026-08-01
P0012,短信,限时秒杀 免费麦辣鸡腿堡 仅剩1份,快来领取优惠券 新人立减5元 免费配送,10201,621,2026-08-01
P0012,企微1v1,限时秒杀 免费麦辣鸡腿堡 仅剩88份,快来领取优惠券 新人立减5元 免费配送,15559,3348,2026-08-01
P0013,短信,限时秒杀 免费麦辣鸡腿堡 仅剩29份,快来领取优惠券 新人立减5元 免费配送,30733,1679,2026-08-01
P0013,企微1v1,限时秒杀 免费麦辣鸡腿堡 仅剩78份,快来领取优惠券 新人立减5元 免费配送,7706,801,2026-08-01
P0013,企微1v1,限时秒杀 免费麦辣鸡腿堡 仅剩42份,快来领取优惠券 新人立减5元 免费配送,36120,3833,2026-08-01
P0013,企微1v1,限时秒杀 免费麦辣鸡腿堡 仅剩33份,快来领取优惠券 新人立减5元 免费配送,2889,4376,2026-08-01
P0013,APP Push,限时秒杀 免费麦辣鸡腿堡 仅剩25份,快来领取优惠券 新人立减5元 免费配送,25163,756,2026-08-01
P0013,APP Push,限时秒杀 免费麦辣鸡腿堡 仅剩68份,快来领取优惠券 新人立减5元 免费配送,23658,1638,2026-08-01
P0013,APP Push,限时秒杀 免费麦辣鸡腿堡 仅剩33份,快来领取优惠券 新人立减5元 免费配送,45083,2568,2026-08-01
P0013,企微1v1,限时秒杀 免费麦辣鸡腿堡 仅剩67份,快来领取优惠券 新人立减5元 免费配送,26209,2186,2026-08-01
P0013,企微1v1,限时秒杀 免费麦辣鸡腿堡 仅剩45份,快来领取优惠券 新人立减5元 免费配送,47693,2065,2026-08-01
P0013,APP Push,限时秒杀 免费麦辣鸡腿堡 仅剩40份,快来领取优惠券 新人立减5元 免费配送,37174,692,2026-08-01
P0013,APP Push,限时秒杀 免费麦辣鸡腿堡 仅剩59份,快来领取优惠券 新人立减5元 免费配送,33460,3689,2026-08-01
P0013,APP Push,限时秒杀 免费麦辣鸡腿堡 仅剩53份,快来领取优惠券 新人立减5元 免费配送,33347,3872,2026-08-01
P0013,企微1v1,限时秒杀 免费麦辣鸡腿堡 仅剩16份,快来领取优惠券 新人立减5元 免费配送,6610,767,2026-08-01
P0013,APP Push,限时秒杀 免费麦辣鸡腿堡 仅剩13份,快来领取优惠券 新人立减5元 免费配送,11079,3491,2026-08-01
P0013,APP Push,限时秒杀 免费麦辣鸡腿堡 仅剩57份,快来领取优惠券 新人立减5元 免费配送,41157,731,2026-08-01
P0013,企微1v1,限时秒杀 免费麦辣鸡腿堡 仅剩72份,快来领取优惠券 新人立减5元 免费配送,26852,422,2026-08-01
P0013,APP Push,限时秒杀 免费麦辣鸡腿堡 仅剩32份,快来领取优惠券 新人立减5元 免费配送,33113,1902,2026-08-01
P0013,APP Push,限时秒杀 免费麦辣鸡腿堡 仅剩36份,快来领取优惠券 新人立减5元 免费配送,24075,2718,2026-08-01
P0013,企微1v1,限时秒杀 免费麦辣鸡腿堡 仅剩14份,快来领取优惠券 新人立减5元 免费配送,37507,2438,2026-08-01
P0013,短信,限时秒杀 免费麦辣鸡腿堡 仅剩70份,快来领取优惠券 新人立减5元 免费配送,14184,2530,2026-08-01
P0014,企微1v1,限时秒杀 免费麦辣鸡腿堡 仅剩66份,快来领取优惠券 新人立减5元 免费配送,40627,3885,2026-08-01
P0014,短信,限时秒杀 免费麦辣鸡腿堡 仅剩82份,快来领取优惠券 新人立减5元 免费配送,18104,2332,2026-08-01
P0014,APP Push,限时秒杀 免费麦辣鸡腿堡 仅剩3份,快来领取优惠券 新人立减5元 免费配送,8781,910,2026-08-01
P0014,APP Push,限时秒杀 免费麦辣鸡腿堡 仅剩94份,快来领取优惠券 新人立减5元 免费配送,28175,2137,2026-08-01
P0014,APP Push,限时秒杀 免费麦辣鸡腿堡 仅剩37份,快来领取优惠券 新人立减5元 免费配送,49239,152,2026-08-01
P0014,短信,限时秒杀 免费麦辣鸡腿堡 仅剩69份,快来领取优惠券 新人立减5元 免费配送,34769,3608,2026-08-01
P0014,APP Push,限时秒杀 免费麦辣鸡腿堡 仅剩16份,快来领取优惠券 新人立减5元 免费配送,26211,2332,2026-08-01
P0014,APP Push,限时秒杀 免费麦辣鸡腿堡 仅剩95份,快来领取优惠券 新人立减5元 免费配送,38006,3040,2026-08-01
P0014,APP Push,限时秒杀 免费麦辣鸡腿堡 仅剩87份,快来领取优惠券 新人立减5元 免费配送,47959,4578,2026-08-01
P0014,短信,限时秒杀 免费麦辣鸡腿堡 仅剩37份,快来领取优惠券 新人立减5元 免费配送,15520,2067,2026-08-01
P0014,APP Push,限时秒杀 免费麦辣鸡腿堡 仅剩67份,快来领取优惠券 新人立减5元 免费配送,21153,2781,2026-08-01
P0014,APP Push,限时秒杀 免费麦辣鸡腿堡 仅剩48份,快来领取优惠券 新人立减5元 免费配送,42190,4034,2026-08-01
P0014,企微1v1,限时秒杀 免费麦辣鸡腿堡 仅剩75份,快来领取优惠券 新人立减5元 免费配送,12231,1224,2026-08-01
P0014,APP Push,限时秒杀 免费麦辣鸡腿堡 仅剩71份,快来领取优惠券 新人立减5元 免费配送,34085,2786,2026-08-01
P0014,企微1v1,限时秒杀 免费麦辣鸡腿堡 仅剩75份,快来领取优惠券 新人立减5元 免费配送,42603,307,2026-08-01
P0014,APP Push,限时秒杀 免费麦辣鸡腿堡 仅剩51份,快来领取优惠券 新人立减5元 免费配送,11174,1548,2026-08-01
P0014,短信,限时秒杀 免费麦辣鸡腿堡 仅剩10份,快来领取优惠券 新人立减5元 免费配送,9885,1791,2026-08-01
P0014,企微1v1,限时秒杀 免费麦辣鸡腿堡 仅剩73份,快来领取优惠券 新人立减5元 免费配送,46593,1848,2026-08-01
P0014,APP Push,限时秒杀 免费麦辣鸡腿堡 仅剩94份,快来领取优惠券 新人立减5元 免费配送,9659,2014,2026-08-01
P0014,企微1v1,限时秒杀 免费麦辣鸡腿堡 仅剩46份,快来领取优惠券 新人立减5元 免费配送,40878,4941,2026-08-01
P0015,APP Push,限时秒杀 免费麦辣鸡腿堡 仅剩81份,快来领取优惠券 新人立减5元 免费配送,33667,984,2026-08-01
P0015,短信,限时秒杀 免费麦辣鸡腿堡 仅剩4份,快来领取优惠券 新人立减5元 免费配送,35500,4983,2026-08-01
P0015,企微1v1,限时秒杀 免费麦辣鸡腿堡 仅剩63份,快来领取优惠券 新人立减5元 免费配送,30858,2628,2026-08-01
P0015,APP Push,限时秒杀 免费麦辣鸡腿堡 仅剩29份,快来领取优惠券 新人立减5元 免费配送,37406,1435,2026-08-01
P0015,短信,限时秒杀 免费麦辣鸡腿堡 仅剩64份,快来领取优惠券 新人立减5元 免费配送,49324,4039,2026-08-01
P0015,短信,限时秒杀 免费麦辣鸡腿堡 仅剩41份,快来领取优惠券 新人立减5元 免费配送,47152,745,2026-08-01
P0015,企微1v1,限时秒杀 免费麦辣鸡腿堡 仅剩18份,快来领取优惠券 新人立减5元 免费配送,40603,3391,2026-08-01
P0015,短信,限时秒杀 免费麦辣鸡腿堡 仅剩25份,快来领取优惠券 新人立减5元 免费配送,21736,2489,2026-08-01
P0015,企微1v1,限时秒杀 免费麦辣鸡腿堡 仅剩8份,快来领取优惠券 新人立减5元 免费配送,14674,413,2026-08-01
P0015,企微1v1,限时秒杀 免费麦辣鸡腿堡 仅剩93份,快来领取优惠券 新人立减5元 免费配送,49960,2144,2026-08-01
P0015,企微1v1,限时秒杀 免费麦辣鸡腿堡 仅剩57份,快来领取优惠券 新人立减5元 免费配送,44806,1950,2026-08-01
P0015,企微1v1,限时秒杀 免费麦辣鸡腿堡 仅剩45份,快来领取优惠券 新人立减5元 免费配送,45012,1429,2026-08-01
P0015,企微1v1,限时秒杀 免费麦辣鸡腿堡 仅剩3份,快来领取优惠券 新人立减5元 免费配送,24354,4798,2026-08-01
P0015,短信,限时秒杀 免费麦辣鸡腿堡 仅剩8份,快来领取优惠券 新人立减5元 免费配送,48992,1338,2026-08-01
P0015,企微1v1,限时秒杀 免费麦辣鸡腿堡 仅剩3份,快来领取优惠券 新人立减5元 免费配送,33185,602,2026-08-01
P0015,APP Push,限时秒杀 免费麦辣鸡腿堡 仅剩31份,快来领取优惠券 新人立减5元 免费配送,3946,201,2026-08-01
P0015,APP Push,限时秒杀 免费麦辣鸡腿堡 仅剩84份,快来领取优惠券 新人立减5元 免费配送,22408,645,2026-08-01
P0015,APP Push,限时秒杀 免费麦辣鸡腿堡 仅剩45份,快来领取优惠券 新人立减5元 免费配送,44514,3562,2026-08-01
P0015,APP Push,限时秒杀 免费麦辣鸡腿堡 仅剩28份,快来领取优惠券 新人立减5元 免费配送,30423,3665,2026-08-01
P0015,APP Push,限时秒杀 免费麦辣鸡腿堡 仅剩46份,快来领取优惠券 新人立减5元 免费配送,21444,1549,2026-08-01
P0016,短信,限时秒杀 免费麦辣鸡腿堡 仅剩43份,快来领取优惠券 新人立减5元 免费配送,48714,3447,2026-08-01
P0016,企微1v1,限时秒杀 免费麦辣鸡腿堡 仅剩2份,快来领取优惠券 新人立减5元 免费配送,27822,2260,2026-08-01
P0016,短信,限时秒杀 免费麦辣鸡腿堡 仅剩69份,快来领取优惠券 新人立减5元 免费配送,49210,3890,2026-08-01
P0016,APP Push,限时秒杀 免费麦辣鸡腿堡 仅剩73份,快来领取优惠券 新人立减5元 免费配送,9034,3449,2026-08-01
P0016,企微1v1,限时秒杀 免费麦辣鸡腿堡 仅剩22份,快来领取优惠券 新人立减5元 免费配送,1203,4200,2026-08-01
P0016,APP Push,限时秒杀 免费麦辣鸡腿堡 仅剩80份,快来领取优惠券 新人立减5元 免费配送,44383,4310,2026-08-01
P0016,短信,限时秒杀 免费麦辣鸡腿堡 仅剩90份,快来领取优惠券 新人立减5元 免费配送,10710,752,2026-08-01
P0016,企微1v1,限时秒杀 免费麦辣鸡腿堡 仅剩31份,快来领取优惠券 新人立减5元 免费配送,12552,2121,2026-08-01
P0016,APP Push,限时秒杀 免费麦辣鸡腿堡 仅剩22份,快来领取优惠券 新人立减5元 免费配送,49680,4699,2026-08-01
P0016,APP Push,限时秒杀 免费麦辣鸡腿堡 仅剩92份,快来领取优惠券 新人立减5元 免费配送,6143,3599,2026-08-01
P0016,短信,限时秒杀 免费麦辣鸡腿堡 仅剩14份,快来领取优惠券 新人立减5元 免费配送,41665,3847,2026-08-01
P0016,短信,限时秒杀 免费麦辣鸡腿堡 仅剩20份,快来领取优惠券 新人立减5元 免费配送,41300,428,2026-08-01
P0016,企微1v1,限时秒杀 免费麦辣鸡腿堡 仅剩44份,快来领取优惠券 新人立减5元 免费配送,49366,3184,2026-08-01
P0016,APP Push,限时秒杀 免费麦辣鸡腿堡 仅剩81份,快来领取优惠券 新人立减5元 免费配送,3380,4166,2026-08-01
P0016,APP Push,限时秒杀 免费麦辣鸡腿堡 仅剩46份,快来领取优惠券 新人立减5元 免费配送,20184,1335,2026-08-01
P0016,企微1v1,限时秒杀 免费麦辣鸡腿堡 仅剩31份,快来领取优惠券 新人立减5元 免费配送,34255,3014,2026-08-01
P0016,APP Push,限时秒杀 免费麦辣鸡腿堡 仅剩95份,快来领取优惠券 新人立减5元 免费配送,27523,2865,2026-08-01
P0016,企微1v1,限时秒杀 免费麦辣鸡腿堡 仅剩64份,快来领取优惠券 新人立减5元 免费配送,26728,221,2026-08-01
P0016,企微1v1,限时秒杀 免费麦辣鸡腿堡 仅剩68份,快来领取优惠券 新人立减5元 免费配送,19889,4609,2026-08-01
P0016,企微1v1,限时秒杀 免费麦辣鸡腿堡 仅剩5份,快来领取优惠券 新人立减5元 免费配送,35851,4773,2026-08-01
P0017,短信,限时秒杀 免费麦辣鸡腿堡 仅剩34份,快来领取优惠券 新人立减5元 免费配送,46012,413,2026-08-01
P0017,企微1v1,限时秒杀 免费麦辣鸡腿堡 仅剩51份,快来领取优惠券 新人立减5元 免费配送,48276,1083,2026-08-01
P0017,企微1v1,限时秒杀 免费麦辣鸡腿堡 仅剩45份,快来领取优惠券 新人立减5元 免费配送,33506,519,2026-08-01
P0017,APP Push,限时秒杀 免费麦辣鸡腿堡 仅剩35份,快来领取优惠券 新人立减5元 免费配送,49493,380,2026-08-01
P0017,企微1v1,限时秒杀 免费麦辣鸡腿堡 仅剩88份,快来领取优惠券 新人立减5元 免费配送,45590,4867,2026-08-01
P0017,短信,限时秒杀 免费麦辣鸡腿堡 仅剩38份,快来领取优惠券 新人立减5元 免费配送,45964,1796,2026-08-01
P0017,短信,限时秒杀 免费麦辣鸡腿堡 仅剩67份,快来领取优惠券 新人立减5元 免费配送,23300,3262,2026-08-01
P0017,企微1v1,限时秒杀 免费麦辣鸡腿堡 仅剩27份,快来领取优惠券 新人立减5元 免费配送,8601,4736,2026-08-01
P0017,企微1v1,限时秒杀 免费麦辣鸡腿堡 仅剩32份,快来领取优惠券 新人立减5元 免费配送,39413,4464,2026-08-01
P0017,短信,限时秒杀 免费麦辣鸡腿堡 仅剩46份,快来领取优惠券 新人立减5元 免费配送,11652,1353,2026-08-01
P0017,企微1v1,限时秒杀 免费麦辣鸡腿堡 仅剩96份,快来领取优惠券 新人立减5元 免费配送,1595,4891,2026-08-01
P0017,APP Push,限时秒杀 免费麦辣鸡腿堡 仅剩73份,快来领取优惠券 新人立减5元 免费配送,11234,2922,2026-08-01
P0017,企微1v1,限时秒杀 免费麦辣鸡腿堡 仅剩38份,快来领取优惠券 新人立减5元 免费配送,42006,2503,2026-08-01
P0017,企微1v1,限时秒杀 免费麦辣鸡腿堡 仅剩64份,快来领取优惠券 新人立减5元 免费配送,27454,3630,2026-08-01
P0017,APP Push,限时秒杀 免费麦辣鸡腿堡 仅剩1份,快来领取优惠券 新人立减5元 免费配送,10224,4757,2026-08-01
P0017,APP Push,限时秒杀 免费麦辣鸡腿堡 仅剩57份,快来领取优惠券 新人立减5元 免费配送,9247,2896,2026-08-01
P0017,APP Push,限时秒杀 免费麦辣鸡腿堡 仅剩93份,快来领取优惠券 新人立减5元 免费配送,32484,2210,2026-08-01
P0017,短信,限时秒杀 免费麦辣鸡腿堡 仅剩79份,快来领取优惠券 新人立减5元 免费配送,13298,675,2026-08-01
P0017,短信,限时秒杀 免费麦辣鸡腿堡 仅剩55份,快来领取优惠券 新人立减5元 免费配送,19265,1524,2026-08-01
P0017,短信,限时秒杀 免费麦辣鸡腿堡 仅剩22份,快来领取优惠券 新人立减5元 免费配送,5147,1389,2026-08-01
P0018,短信,限时秒杀 免费麦辣鸡腿堡 仅剩15份,快来领取优惠券 新人立减5元 免费配送,34025,4551,2026-08-01
P0018,短信,限时秒杀 免费麦辣鸡腿堡 仅剩50份,快来领取优惠券 新人立减5元 免费配送,29484,2277,2026-08-01
P0018,企微1v1,限时秒杀 免费麦辣鸡腿堡 仅剩37份,快来领取优惠券 新人立减5元 免费配送,1893,3611,2026-08-01
P0018,短信,限时秒杀 免费麦辣鸡腿堡 仅剩36份,快来领取优惠券 新人立减5元 免费配送,17920,4506,2026-08-01
P0018,短信,限时秒杀 免费麦辣鸡腿堡 仅剩71份,快来领取优惠券 新人立减5元 免费配送,21835,2903,2026-08-01
P0018,APP Push,限时秒杀 免费麦辣鸡腿堡 仅剩91份,快来领取优惠券 新人立减5元 免费配送,29291,1260,2026-08-01
P0018,APP Push,限时秒杀 免费麦辣鸡腿堡 仅剩97份,快来领取优惠券 新人立减5元 免费配送,34511,1372,2026-08-01
P0018,短信,限时秒杀 免费麦辣鸡腿堡 仅剩90份,快来领取优惠券 新人立减5元 免费配送,37915,3246,2026-08-01
P0018,企微1v1,限时秒杀 免费麦辣鸡腿堡 仅剩60份,快来领取优惠券 新人立减5元 免费配送,3383,4700,2026-08-01
P0018,企微1v1,限时秒杀 免费麦辣鸡腿堡 仅剩82份,快来领取优惠券 新人立减5元 免费配送,41247,1970,2026-08-01
P0018,APP Push,限时秒杀 免费麦辣鸡腿堡 仅剩47份,快来领取优惠券 新人立减5元 免费配送,35674,1398,2026-08-01
P0018,短信,限时秒杀 免费麦辣鸡腿堡 仅剩25份,快来领取优惠券 新人立减5元 免费配送,42347,3003,2026-08-01
P0018,短信,限时秒杀 免费麦辣鸡腿堡 仅剩90份,快来领取优惠券 新人立减5元 免费配送,33570,256,2026-08-01
P0018,短信,限时秒杀 免费麦辣鸡腿堡 仅剩95份,快来领取优惠券 新人立减5元 免费配送,17331,4782,2026-08-01
P0018,APP Push,限时秒杀 免费麦辣鸡腿堡 仅剩36份,快来领取优惠券 新人立减5元 免费配送,13133,3540,2026-08-01
P0018,APP Push,限时秒杀 免费麦辣鸡腿堡 仅剩74份,快来领取优惠券 新人立减5元 免费配送,30371,2039,2026-08-01
P0018,短信,限时秒杀 免费麦辣鸡腿堡 仅剩92份,快来领取优惠券 新人立减5元 免费配送,30468,4268,2026-08-01
P0018,短信,限时秒杀 免费麦辣鸡腿堡 仅剩13份,快来领取优惠券 新人立减5元 免费配送,13339,1447,2026-08-01
P0018,企微1v1,限时秒杀 免费麦辣鸡腿堡 仅剩9份,快来领取优惠券 新人立减5元 免费配送,28967,3333,2026-08-01
P0018,企微1v1,限时秒杀 免费麦辣鸡腿堡 仅剩33份,快来领取优惠券 新人立减5元 免费配送,29653,3017,2026-08-01
P0019,短信,限时秒杀 免费麦辣鸡腿堡 仅剩42份,快来领取优惠券 新人立减5元 免费配送,6939,2615,2026-08-01
P0019,APP Push,限时秒杀 免费麦辣鸡腿堡 仅剩64份,快来领取优惠券 新人立减5元 免费配送,1718,2152,2026-08-01
P0019,APP Push,限时秒杀 免费麦辣鸡腿堡 仅剩98份,快来领取优惠券 新人立减5元 免费配送,27076,3267,2026-08-01
P0019,企微1v1,限时秒杀 免费麦辣鸡腿堡 仅剩82份,快来领取优惠券 新人立减5元 免费配送,42002,3288,2026-08-01
P0019,短信,限时秒杀 免费麦辣鸡腿堡 仅剩5份,快来领取优惠券 新人立减5元 免费配送,39187,3911,2026-08-01
P0019,企微1v1,限时秒杀 免费麦辣鸡腿堡 仅剩73份,快来领取优惠券 新人立减5元 免费配送,9310,4723,2026-08-01
P0019,短信,限时秒杀 免费麦辣鸡腿堡 仅剩36份,快来领取优惠券 新人立减5元 免费配送,22503,299,2026-08-01
P0019,企微1v1,限时秒杀 免费麦辣鸡腿堡 仅剩61份,快来领取优惠券 新人立减5元 免费配送,35189,1208,2026-08-01
P0019,APP Push,限时秒杀 免费麦辣鸡腿堡 仅剩11份,快来领取优惠券 新人立减5元 免费配送,38088,2946,2026-08-01
P0019,企微1v1,限时秒杀 免费麦辣鸡腿堡 仅剩1份,快来领取优惠券 新人立减5元 免费配送,5546,1662,2026-08-01
P0019,短信,限时秒杀 免费麦辣鸡腿堡 仅剩15份,快来领取优惠券 新人立减5元 免费配送,45000,4528,2026-08-01
P0019,企微1v1,限时秒杀 免费麦辣鸡腿堡 仅剩6份,快来领取优惠券 新人立减5元 免费配送,21613,307,2026-08-01
P0019,企微1v1,限时秒杀 免费麦辣鸡腿堡 仅剩51份,快来领取优惠券 新人立减5元 免费配送,9209,2353,2026-08-01
P0019,企微1v1,限时秒杀 免费麦辣鸡腿堡 仅剩86份,快来领取优惠券 新人立减5元 免费配送,10314,4979,2026-08-01
P0019,APP Push,限时秒杀 免费麦辣鸡腿堡 仅剩52份,快来领取优惠券 新人立减5元 免费配送,21060,4290,2026-08-01
P0019,APP Push,限时秒杀 免费麦辣鸡腿堡 仅剩21份,快来领取优惠券 新人立减5元 免费配送,9217,1197,2026-08-01
P0019,企微1v1,限时秒杀 免费麦辣鸡腿堡 仅剩91份,快来领取优惠券 新人立减5元 免费配送,43067,482,2026-08-01
P0019,短信,限时秒杀 免费麦辣鸡腿堡 仅剩67份,快来领取优惠券 新人立减5元 免费配送,3848,4646,2026-08-01
P0019,短信,限时秒杀 免费麦辣鸡腿堡 仅剩96份,快来领取优惠券 新人立减5元 免费配送,46699,3272,2026-08-01
P0019,APP Push,限时秒杀 免费麦辣鸡腿堡 仅剩45份,快来领取优惠券 新人立减5元 免费配送,39396,778,2026-08-01
P0020,APP Push,限时秒杀 免费麦辣鸡腿堡 仅剩72份,快来领取优惠券 新人立减5元 免费配送,12431,2275,2026-08-01
P0020,APP Push,限时秒杀 免费麦辣鸡腿堡 仅剩34份,快来领取优惠券 新人立减5元 免费配送,22491,2179,2026-08-01
P0020,企微1v1,限时秒杀 免费麦辣鸡腿堡 仅剩67份,快来领取优惠券 新人立减5元 免费配送,30915,1371,2026-08-01
P0020,企微1v1,限时秒杀 免费麦辣鸡腿堡 仅剩71份,快来领取优惠券 新人立减5元 免费配送,11015,416,2026-08-01
P0020,短信,限时秒杀 免费麦辣鸡腿堡 仅剩75份,快来领取优惠券 新人立减5元 免费配送,12597,4296,2026-08-01
P0020,APP Push,限时秒杀 免费麦辣鸡腿堡 仅剩97份,快来领取优惠券 新人立减5元 免费配送,21714,686,2026-08-01
P0020,APP Push,限时秒杀 免费麦辣鸡腿堡 仅剩83份,快来领取优惠券 新人立减5元 免费配送,30920,2055,2026-08-01
P0020,企微1v1,限时秒杀 免费麦辣鸡腿堡 仅剩67份,快来领取优惠券 新人立减5元 免费配送,11445,2833,2026-08-01
P0020,短信,限时秒杀 免费麦辣鸡腿堡 仅剩18份,快来领取优惠券 新人立减5元 免费配送,32226,4654,2026-08-01
P0020,APP Push,限时秒杀 免费麦辣鸡腿堡 仅剩70份,快来领取优惠券 新人立减5元 免费配送,6401,4340,2026-08-01
P0020,企微1v1,限时秒杀 免费麦辣鸡腿堡 仅剩1份,快来领取优惠券 新人立减5元 免费配送,6242,951,2026-08-01
P0020,企微1v1,限时秒杀 免费麦辣鸡腿堡 仅剩78份,快来领取优惠券 新人立减5元 免费配送,24089,4771,2026-08-01
P0020,企微1v1,限时秒杀 免费麦辣鸡腿堡 仅剩43份,快来领取优惠券 新人立减5元 免费配送,25776,4297,2026-08-01
P0020,企微1v1,限时秒杀 免费麦辣鸡腿堡 仅剩82份,快来领取优惠券 新人立减5元 免费配送,8788,1215,2026-08-01
P0020,企微1v1,限时秒杀 免费麦辣鸡腿堡 仅剩3份,快来领取优惠券 新人立减5元 免费配送,12966,1124,2026-08-01
P0020,APP Push,限时秒杀 免费麦辣鸡腿堡 仅剩44份,快来领取优惠券 新人立减5元 免费配送,40811,1683,2026-08-01
P0020,APP Push,限时秒杀 免费麦辣鸡腿堡 仅剩53份,快来领取优惠券 新人立减5元 免费配送,43296,608,2026-08-01
P0020,短信,限时秒杀 免费麦辣鸡腿堡 仅剩40份,快来领取优惠券 新人立减5元 免费配送,26527,527,2026-08-01
P0020,短信,限时秒杀 免费麦辣鸡腿堡 仅剩99份,快来领取优惠券 新人立减5元 免费配送,47619,1477,2026-08-01
P0020,企微1v1,限时秒杀 免费麦辣鸡腿堡 仅剩10份,快来领取优惠券 新人立减5元 免费配送,27753,542,2026-08-01
P0021,企微1v1,限时秒杀 免费麦辣鸡腿堡 仅剩46份,快来领取优惠券 新人立减5元 免费配送,40593,2195,2026-08-01
P0021,短信,限时秒杀 免费麦辣鸡腿堡 仅剩40份,快来领取优惠券 新人立减5元 免费配送,37879,3816,2026-08-01
P0021,企微1v1,限时秒杀 免费麦辣鸡腿堡 仅剩24份,快来领取优惠券 新人立减5元 免费配送,3011,3816,2026-08-01
P0021,企微1v1,限时秒杀 免费麦辣鸡腿堡 仅剩25份,快来领取优惠券 新人立减5元 免费配送,26405,625,2026-08-01
P0021,企微1v1,限时秒杀 免费麦辣鸡腿堡 仅剩13份,快来领取优惠券 新人立减5元 免费配送,9084,314,2026-08-01
P0021,企微1v1,限时秒杀 免费麦辣鸡腿堡 仅剩3份,快来领取优惠券 新人立减5元 免费配送,12605,3407,2026-08-01
P0021,短信,限时秒杀 免费麦辣鸡腿堡 仅剩89份,快来领取优惠券 新人立减5元 免费配送,43823,211,2026-08-01
P0021,企微1v1,限时秒杀 免费麦辣鸡腿堡 仅剩59份,快来领取优惠券 新人立减5元 免费配送,37310,4163,2026-08-01
P0021,企微1v1,限时秒杀 免费麦辣鸡腿堡 仅剩11份,快来领取优惠券 新人立减5元 免费配送,4389,4487,2026-08-01
P0021,企微1v1,限时秒杀 免费麦辣鸡腿堡 仅剩34份,快来领取优惠券 新人立减5元 免费配送,2821,4325,2026-08-01
P0021,APP Push,限时秒杀 免费麦辣鸡腿堡 仅剩11份,快来领取优惠券 新人立减5元 免费配送,22863,3037,2026-08-01
P0021,APP Push,限时秒杀 免费麦辣鸡腿堡 仅剩61份,快来领取优惠券 新人立减5元 免费配送,3167,1363,2026-08-01
P0021,短信,限时秒杀 免费麦辣鸡腿堡 仅剩81份,快来领取优惠券 新人立减5元 免费配送,19814,401,2026-08-01
P0021,APP Push,限时秒杀 免费麦辣鸡腿堡 仅剩49份,快来领取优惠券 新人立减5元 免费配送,23130,1385,2026-08-01
P0021,短信,限时秒杀 免费麦辣鸡腿堡 仅剩90份,快来领取优惠券 新人立减5元 免费配送,10626,1415,2026-08-01
P0021,APP Push,限时秒杀 免费麦辣鸡腿堡 仅剩21份,快来领取优惠券 新人立减5元 免费配送,42950,2087,2026-08-01
P0021,短信,限时秒杀 免费麦辣鸡腿堡 仅剩43份,快来领取优惠券 新人立减5元 免费配送,2562,4056,2026-08-01
P0021,短信,限时秒杀 免费麦辣鸡腿堡 仅剩87份,快来领取优惠券 新人立减5元 免费配送,27090,461,2026-08-01
P0021,APP Push,限时秒杀 免费麦辣鸡腿堡 仅剩31份,快来领取优惠券 新人立减5元 免费配送,42659,2406,2026-08-01
P0021,企微1v1,限时秒杀 免费麦辣鸡腿堡 仅剩22份,快来领取优惠券 新人立减5元 免费配送,16609,2984,2026-08-01
P0022,APP Push,限时秒杀 免费麦辣鸡腿堡 仅剩21份,快来领取优惠券 新人立减5元 免费配送,28574,3892,2026-08-01
P0022,企微1v1,限时秒杀 免费麦辣鸡腿堡 仅剩73份,快来领取优惠券 新人立减5元 免费配送,10043,3266,2026-08-01
P0022,短信,限时秒杀 免费麦辣鸡腿堡 仅剩99份,快来领取优惠券 新人立减5元 免费配送,1882,1428,2026-08-01
P0022,短信,限时秒杀 免费麦辣鸡腿堡 仅剩1份,快来领取优惠券 新人立减5元 免费配送,46019,3294,2026-08-01
P0022,短信,限时秒杀 免费麦辣鸡腿堡 仅剩23份,快来领取优惠券 新人立减5元 免费配送,10756,259,2026-08-01
P0022,APP Push,限时秒杀 免费麦辣鸡腿堡 仅剩42份,快来领取优惠券 新人立减5元 免费配送,34429,130,2026-08-01
P0022,APP Push,限时秒杀 免费麦辣鸡腿堡 仅剩7份,快来领取优惠券 新人立减5元 免费配送,8333,4794,2026-08-01
P0022,短信,限时秒杀 免费麦辣鸡腿堡 仅剩19份,快来领取优惠券 新人立减5元 免费配送,11036,3211,2026-08-01
P0022,APP Push,限时秒杀 免费麦辣鸡腿堡 仅剩54份,快来领取优惠券 新人立减5元 免费配送,29590,4753,2026-08-01
P0022,短信,限时秒杀 免费麦辣鸡腿堡 仅剩43份,快来领取优惠券 新人立减5元 免费配送,47609,2131,2026-08-01
P0022,APP Push,限时秒杀 免费麦辣鸡腿堡 仅剩47份,快来领取优惠券 新人立减5元 免费配送,34439,1874,2026-08-01
P0022,短信,限时秒杀 免费麦辣鸡腿堡 仅剩52份,快来领取优惠券 新人立减5元 免费配送,5787,1163,2026-08-01
P0022,企微1v1,限时秒杀 免费麦辣鸡腿堡 仅剩73份,快来领取优惠券 新人立减5元 免费配送,44167,2972,2026-08-01
P0022,APP Push,限时秒杀 免费麦辣鸡腿堡 仅剩56份,快来领取优惠券 新人立减5元 免费配送,29576,2112,2026-08-01
P0022,企微1v1,限时秒杀 免费麦辣鸡腿堡 仅剩49份,快来领取优惠券 新人立减5元 免费配送,15747,3334,2026-08-01
P0022,APP Push,限时秒杀 免费麦辣鸡腿堡 仅剩83份,快来领取优惠券 新人立减5元 免费配送,32534,3352,2026-08-01
P0022,短信,限时秒杀 免费麦辣鸡腿堡 仅剩9份,快来领取优惠券 新人立减5元 免费配送,17539,2359,2026-08-01
P0022,短信,限时秒杀 免费麦辣鸡腿堡 仅剩48份,快来领取优惠券 新人立减5元 免费配送,36542,277,2026-08-01
P0022,短信,限时秒杀 免费麦辣鸡腿堡 仅剩79份,快来领取优惠券 新人立减5元 免费配送,32100,2041,2026-08-01
P0022,企微1v1,限时秒杀 免费麦辣鸡腿堡 仅剩6份,快来领取优惠券 新人立减5元 免费配送,41040,2734,2026-08-01
P0023,企微1v1,限时秒杀 免费麦辣鸡腿堡 仅剩81份,快来领取优惠券 新人立减5元 免费配送,7990,4478,2026-08-01
P0023,APP Push,限时秒杀 免费麦辣鸡腿堡 仅剩19份,快来领取优惠券 新人立减5元 免费配送,47758,3314,2026-08-01
P0023,APP Push,限时秒杀 免费麦辣鸡腿堡 仅剩99份,快来领取优惠券 新人立减5元 免费配送,28593,3320,2026-08-01
P0023,企微1v1,限时秒杀 免费麦辣鸡腿堡 仅剩14份,快来领取优惠券 新人立减5元 免费配送,47739,3873,2026-08-01
P0023,短信,限时秒杀 免费麦辣鸡腿堡 仅剩60份,快来领取优惠券 新人立减5元 免费配送,11576,1489,2026-08-01
P0023,企微1v1,限时秒杀 免费麦辣鸡腿堡 仅剩61份,快来领取优惠券 新人立减5元 免费配送,27941,1402,2026-08-01
P0023,短信,限时秒杀 免费麦辣鸡腿堡 仅剩37份,快来领取优惠券 新人立减5元 免费配送,34001,1021,2026-08-01
P0023,企微1v1,限时秒杀 免费麦辣鸡腿堡 仅剩45份,快来领取优惠券 新人立减5元 免费配送,10351,3029,2026-08-01
P0023,企微1v1,限时秒杀 免费麦辣鸡腿堡 仅剩81份,快来领取优惠券 新人立减5元 免费配送,34994,541,2026-08-01
P0023,APP Push,限时秒杀 免费麦辣鸡腿堡 仅剩33份,快来领取优惠券 新人立减5元 免费配送,12593,4881,2026-08-01
P0023,企微1v1,限时秒杀 免费麦辣鸡腿堡 仅剩38份,快来领取优惠券 新人立减5元 免费配送,25911,439,2026-08-01
P0023,企微1v1,限时秒杀 免费麦辣鸡腿堡 仅剩71份,快来领取优惠券 新人立减5元 免费配送,29259,385,2026-08-01
P0023,短信,限时秒杀 免费麦辣鸡腿堡 仅剩53份,快来领取优惠券 新人立减5元 免费配送,18633,3173,2026-08-01
P0023,短信,限时秒杀 免费麦辣鸡腿堡 仅剩27份,快来领取优惠券 新人立减5元 免费配送,23732,1199,2026-08-01
P0023,APP Push,限时秒杀 免费麦辣鸡腿堡 仅剩15份,快来领取优惠券 新人立减5元 免费配送,41182,3024,2026-08-01
P0023,APP Push,限时秒杀 免费麦辣鸡腿堡 仅剩4份,快来领取优惠券 新人立减5元 免费配送,29218,4824,2026-08-01
P0023,企微1v1,限时秒杀 免费麦辣鸡腿堡 仅剩60份,快来领取优惠券 新人立减5元 免费配送,5991,737,2026-08-01
P0023,企微1v1,限时秒杀 免费麦辣鸡腿堡 仅剩70份,快来领取优惠券 新人立减5元 免费配送,48592,4637,2026-08-01
P0023,APP Push,限时秒杀 免费麦辣鸡腿堡 仅剩22份,快来领取优惠券 新人立减5元 免费配送,11024,1799,2026-08-01
P0023,APP Push,限时秒杀 免费麦辣鸡腿堡 仅剩30份,快来领取优惠券 新人立减5元 免费配送,2947,4403,2026-08-01
P0024,APP Push,限时秒杀 免费麦辣鸡腿堡 仅剩64份,快来领取优惠券 新人立减5元 免费配送,24394,2459,2026-08-01
P0024,短信,限时秒杀 免费麦辣鸡腿堡 仅剩43份,快来领取优惠券 新人立减5元 免费配送,45839,1070,2026-08-01
P0024,企微1v1,限时秒杀 免费麦辣鸡腿堡 仅剩99份,快来领取优惠券 新人立减5元 免费配送,18155,1396,2026-08-01
P0024,企微1v1,限时秒杀 免费麦辣鸡腿堡 仅剩81份,快来领取优惠券 新人立减5元 免费配送,33870,2818,2026-08-01
P0024,短信,限时秒杀 免费麦辣鸡腿堡 仅剩89份,快来领取优惠券 新人立减5元 免费配送,10475,3181,2026-08-01
P0024,短信,限时秒杀 免费麦辣鸡腿堡 仅剩96份,快来领取优惠券 新人立减5元 免费配送,37403,2600,2026-08-01
P0024,APP Push,限时秒杀 免费麦辣鸡腿堡 仅剩49份,快来领取优惠券 新人立减5元 免费配送,23709,3297,2026-08-01
P0024,企微1v1,限时秒杀 免费麦辣鸡腿堡 仅剩66份,快来领取优惠券 新人立减5元 免费配送,21064,3459,2026-08-01
P0024,企微1v1,限时秒杀 免费麦辣鸡腿堡 仅剩13份,快来领取优惠券 新人立减5元 免费配送,45789,1361,2026-08-01
P0024,APP Push,限时秒杀 免费麦辣鸡腿堡 仅剩1份,快来领取优惠券 新人立减5元 免费配送,39239,4978,2026-08-01
P0024,短信,限时秒杀 免费麦辣鸡腿堡 仅剩91份,快来领取优惠券 新人立减5元 免费配送,34889,975,2026-08-01
P0024,短信,限时秒杀 免费麦辣鸡腿堡 仅剩83份,快来领取优惠券 新人立减5元 免费配送,46748,1778,2026-08-01
P0024,短信,限时秒杀 免费麦辣鸡腿堡 仅剩83份,快来领取优惠券 新人立减5元 免费配送,40526,4306,2026-08-01
P0024,APP Push,限时秒杀 免费麦辣鸡腿堡 仅剩35份,快来领取优惠券 新人立减5元 免费配送,46124,1481,2026-08-01
P0024,企微1v1,限时秒杀 免费麦辣鸡腿堡 仅剩11份,快来领取优惠券 新人立减5元 免费配送,3360,185,2026-08-01
P0024,APP Push,限时秒杀 免费麦辣鸡腿堡 仅剩47份,快来领取优惠券 新人立减5元 免费配送,48347,4037,2026-08-01
P0024,企微1v1,限时秒杀 免费麦辣鸡腿堡 仅剩14份,快来领取优惠券 新人立减5元 免费配送,45300,3807,2026-08-01
P0024,企微1v1,限时秒杀 免费麦辣鸡腿堡 仅剩75份,快来领取优惠券 新人立减5元 免费配送,46657,2179,2026-08-01
P0024,短信,限时秒杀 免费麦辣鸡腿堡 仅剩63份,快来领取优惠券 新人立减5元 免费配送,15989,1402,2026-08-01
P0024,短信,限时秒杀 免费麦辣鸡腿堡 仅剩71份,快来领取优惠券 新人立减5元 免费配送,6107,4261,2026-08-01
P0025,APP Push,限时秒杀 免费麦辣鸡腿堡 仅剩4份,快来领取优惠券 新人立减5元 免费配送,43153,1466,2026-08-01
P0025,短信,限时秒杀 免费麦辣鸡腿堡 仅剩53份,快来领取优惠券 新人立减5元 免费配送,40862,1804,2026-08-01
P0025,企微1v1,限时秒杀 免费麦辣鸡腿堡 仅剩91份,快来领取优惠券 新人立减5元 免费配送,45804,3417,2026-08-01
P0025,企微1v1,限时秒杀 免费麦辣鸡腿堡 仅剩3份,快来领取优惠券 新人立减5元 免费配送,39498,1199,2026-08-01
P0025,企微1v1,限时秒杀 免费麦辣鸡腿堡 仅剩22份,快来领取优惠券 新人立减5元 免费配送,29898,4728,2026-08-01
P0025,APP Push,限时秒杀 免费麦辣鸡腿堡 仅剩49份,快来领取优惠券 新人立减5元 免费配送,6688,4918,2026-08-01
P0025,企微1v1,限时秒杀 免费麦辣鸡腿堡 仅剩43份,快来领取优惠券 新人立减5元 免费配送,16276,4251,2026-08-01
P0025,企微1v1,限时秒杀 免费麦辣鸡腿堡 仅剩6份,快来领取优惠券 新人立减5元 免费配送,32453,933,2026-08-01
P0025,企微1v1,限时秒杀 免费麦辣鸡腿堡 仅剩65份,快来领取优惠券 新人立减5元 免费配送,33130,4612,2026-08-01
P0025,短信,限时秒杀 免费麦辣鸡腿堡 仅剩51份,快来领取优惠券 新人立减5元 免费配送,31977,2273,2026-08-01
P0025,APP Push,限时秒杀 免费麦辣鸡腿堡 仅剩30份,快来领取优惠券 新人立减5元 免费配送,36455,3084,2026-08-01
P0025,APP Push,限时秒杀 免费麦辣鸡腿堡 仅剩39份,快来领取优惠券 新人立减5元 免费配送,40902,1276,2026-08-01
P0025,企微1v1,限时秒杀 免费麦辣鸡腿堡 仅剩9份,快来领取优惠券 新人立减5元 免费配送,5488,4016,2026-08-01
P0025,企微1v1,限时秒杀 免费麦辣鸡腿堡 仅剩73份,快来领取优惠券 新人立减5元 免费配送,27868,4655,2026-08-01
P0025,APP Push,限时秒杀 免费麦辣鸡腿堡 仅剩34份,快来领取优惠券 新人立减5元 免费配送,32607,1981,2026-08-01
P0025,APP Push,限时秒杀 免费麦辣鸡腿堡 仅剩38份,快来领取优惠券 新人立减5元 免费配送,10245,3044,2026-08-01
P0025,APP Push,限时秒杀 免费麦辣鸡腿堡 仅剩18份,快来领取优惠券 新人立减5元 免费配送,44151,564,2026-08-01
P0025,短信,限时秒杀 免费麦辣鸡腿堡 仅剩18份,快来领取优惠券 新人立减5元 免费配送,39436,4677,2026-08-01
P0025,APP Push,限时秒杀 免费麦辣鸡腿堡 仅剩1份,快来领取优惠券 新人立减5元 免费配送,3166,3412,2026-08-01
P0025,短信,限时秒杀 免费麦辣鸡腿堡 仅剩90份,快来领取优惠券 新人立减5元 免费配送,40434,4116,2026-08-01
P0026,短信,限时秒杀 免费麦辣鸡腿堡 仅剩89份,快来领取优惠券 新人立减5元 免费配送,8015,3974,2026-08-01
P0026,短信,限时秒杀 免费麦辣鸡腿堡 仅剩45份,快来领取优惠券 新人立减5元 免费配送,23481,898,2026-08-01
P0026,短信,限时秒杀 免费麦辣鸡腿堡 仅剩1份,快来领取优惠券 新人立减5元 免费配送,16839,1956,2026-08-01
P0026,企微1v1,限时秒杀 免费麦辣鸡腿堡 仅剩40份,快来领取优惠券 新人立减5元 免费配送,18986,1940,2026-08-01
P0026,APP Push,限时秒杀 免费麦辣鸡腿堡 仅剩64份,快来领取优惠券 新人立减5元 免费配送,24256,4269,2026-08-01
P0026,企微1v1,限时秒杀 免费麦辣鸡腿堡 仅剩12份,快来领取优惠券 新人立减5元 免费配送,6079,2596,2026-08-01
P0026,短信,限时秒杀 免费麦辣鸡腿堡 仅剩55份,快来领取优惠券 新人立减5元 免费配送,15827,3110,2026-08-01
P0026,企微1v1,限时秒杀 免费麦辣鸡腿堡 仅剩98份,快来领取优惠券 新人立减5元 免费配送,10533,1997,2026-08-01
P0026,企微1v1,限时秒杀 免费麦辣鸡腿堡 仅剩26份,快来领取优惠券 新人立减5元 免费配送,49653,4041,2026-08-01
P0026,短信,限时秒杀 免费麦辣鸡腿堡 仅剩46份,快来领取优惠券 新人立减5元 免费配送,19540,3248,2026-08-01
P0026,短信,限时秒杀 免费麦辣鸡腿堡 仅剩17份,快来领取优惠券 新人立减5元 免费配送,8828,3386,2026-08-01
P0026,企微1v1,限时秒杀 免费麦辣鸡腿堡 仅剩65份,快来领取优惠券 新人立减5元 免费配送,31865,1973,2026-08-01
P0026,短信,限时秒杀 免费麦辣鸡腿堡 仅剩91份,快来领取优惠券 新人立减5元 免费配送,25506,3038,2026-08-01
P0026,企微1v1,限时秒杀 免费麦辣鸡腿堡 仅剩36份,快来领取优惠券 新人立减5元 免费配送,24541,3383,2026-08-01
P0026,短信,限时秒杀 免费麦辣鸡腿堡 仅剩37份,快来领取优惠券 新人立减5元 免费配送,7900,4029,2026-08-01
P0026,企微1v1,限时秒杀 免费麦辣鸡腿堡 仅剩16份,快来领取优惠券 新人立减5元 免费配送,30228,1363,2026-08-01
P0026,企微1v1,限时秒杀 免费麦辣鸡腿堡 仅剩32份,快来领取优惠券 新人立减5元 免费配送,49714,1631,2026-08-01
P0026,企微1v1,限时秒杀 免费麦辣鸡腿堡 仅剩64份,快来领取优惠券 新人立减5元 免费配送,15987,1000,2026-08-01
P0026,短信,限时秒杀 免费麦辣鸡腿堡 仅剩50份,快来领取优惠券 新人立减5元 免费配送,26474,3907,2026-08-01
P0026,短信,限时秒杀 免费麦辣鸡腿堡 仅剩60份,快来领取优惠券 新人立减5元 免费配送,38086,1907,2026-08-01
P0027,短信,限时秒杀 免费麦辣鸡腿堡 仅剩52份,快来领取优惠券 新人立减5元 免费配送,33913,2649,2026-08-01
P0027,企微1v1,限时秒杀 免费麦辣鸡腿堡 仅剩30份,快来领取优惠券 新人立减5元 免费配送,21612,4342,2026-08-01
P0027,短信,限时秒杀 免费麦辣鸡腿堡 仅剩1份,快来领取优惠券 新人立减5元 免费配送,7022,3964,2026-08-01
P0027,企微1v1,限时秒杀 免费麦辣鸡腿堡 仅剩51份,快来领取优惠券 新人立减5元 免费配送,15901,3633,2026-08-01
P0027,APP Push,限时秒杀 免费麦辣鸡腿堡 仅剩74份,快来领取优惠券 新人立减5元 免费配送,3650,3430,2026-08-01
P0027,APP Push,限时秒杀 免费麦辣鸡腿堡 仅剩34份,快来领取优惠券 新人立减5元 免费配送,14126,2777,2026-08-01
P0027,APP Push,限时秒杀 免费麦辣鸡腿堡 仅剩15份,快来领取优惠券 新人立减5元 免费配送,12850,3083,2026-08-01
P0027,APP Push,限时秒杀 免费麦辣鸡腿堡 仅剩30份,快来领取优惠券 新人立减5元 免费配送,3863,166,2026-08-01
P0027,企微1v1,限时秒杀 免费麦辣鸡腿堡 仅剩69份,快来领取优惠券 新人立减5元 免费配送,1295,1162,2026-08-01
P0027,APP Push,限时秒杀 免费麦辣鸡腿堡 仅剩78份,快来领取优惠券 新人立减5元 免费配送,40706,1733,2026-08-01
P0027,APP Push,限时秒杀 免费麦辣鸡腿堡 仅剩95份,快来领取优惠券 新人立减5元 免费配送,31545,1719,2026-08-01
P0027,APP Push,限时秒杀 免费麦辣鸡腿堡 仅剩67份,快来领取优惠券 新人立减5元 免费配送,41723,3501,2026-08-01
P0027,APP Push,限时秒杀 免费麦辣鸡腿堡 仅剩69份,快来领取优惠券 新人立减5元 免费配送,12608,2019,2026-08-01
P0027,APP Push,限时秒杀 免费麦辣鸡腿堡 仅剩54份,快来领取优惠券 新人立减5元 免费配送,26030,3988,2026-08-01
P0027,APP Push,限时秒杀 免费麦辣鸡腿堡 仅剩56份,快来领取优惠券 新人立减5元 免费配送,14769,3223,2026-08-01
P0027,APP Push,限时秒杀 免费麦辣鸡腿堡 仅剩79份,快来领取优惠券 新人立减5元 免费配送,18650,333,2026-08-01
P0027,短信,限时秒杀 免费麦辣鸡腿堡 仅剩45份,快来领取优惠券 新人立减5元 免费配送,47127,3110,2026-08-01
P0027,企微1v1,限时秒杀 免费麦辣鸡腿堡 仅剩87份,快来领取优惠券 新人立减5元 免费配送,30747,1200,2026-08-01
P0027,短信,限时秒杀 免费麦辣鸡腿堡 仅剩67份,快来领取优惠券 新人立减5元 免费配送,7032,2162,2026-08-01
P0027,APP Push,限时秒杀 免费麦辣鸡腿堡 仅剩92份,快来领取优惠券 新人立减5元 免费配送,7782,2335,2026-08-01
P0028,APP Push,限时秒杀 免费麦辣鸡腿堡 仅剩89份,快来领取优惠券 新人立减5元 免费配送,10299,1213,2026-08-01
P0028,企微1v1,限时秒杀 免费麦辣鸡腿堡 仅剩27份,快来领取优惠券 新人立减5元 免费配送,38563,2717,2026-08-01
P0028,APP Push,限时秒杀 免费麦辣鸡腿堡 仅剩54份,快来领取优惠券 新人立减5元 免费配送,34293,4199,2026-08-01
P0028,APP Push,限时秒杀 免费麦辣鸡腿堡 仅剩72份,快来领取优惠券 新人立减5元 免费配送,7916,3988,2026-08-01
P0028,APP Push,限时秒杀 免费麦辣鸡腿堡 仅剩66份,快来领取优惠券 新人立减5元 免费配送,30339,3948,2026-08-01
P0028,APP Push,限时秒杀 免费麦辣鸡腿堡 仅剩59份,快来领取优惠券 新人立减5元 免费配送,36898,2883,2026-08-01
P0028,APP Push,限时秒杀 免费麦辣鸡腿堡 仅剩54份,快来领取优惠券 新人立减5元 免费配送,17674,3190,2026-08-01
P0028,APP Push,限时秒杀 免费麦辣鸡腿堡 仅剩73份,快来领取优惠券 新人立减5元 免费配送,34124,2849,2026-08-01
P0028,APP Push,限时秒杀 免费麦辣鸡腿堡 仅剩59份,快来领取优惠券 新人立减5元 免费配送,17283,2975,2026-08-01
P0028,企微1v1,限时秒杀 免费麦辣鸡腿堡 仅剩53份,快来领取优惠券 新人立减5元 免费配送,2567,3761,2026-08-01
P0028,短信,限时秒杀 免费麦辣鸡腿堡 仅剩1份,快来领取优惠券 新人立减5元 免费配送,37206,3416,2026-08-01
P0028,企微1v1,限时秒杀 免费麦辣鸡腿堡 仅剩29份,快来领取优惠券 新人立减5元 免费配送,29146,2074,2026-08-01
P0028,企微1v1,限时秒杀 免费麦辣鸡腿堡 仅剩62份,快来领取优惠券 新人立减5元 免费配送,32135,1255,2026-08-01
P0028,APP Push,限时秒杀 免费麦辣鸡腿堡 仅剩57份,快来领取优惠券 新人立减5元 免费配送,19580,3048,2026-08-01
P0028,短信,限时秒杀 免费麦辣鸡腿堡 仅剩63份,快来领取优惠券 新人立减5元 免费配送,40285,1319,2026-08-01
P0028,短信,限时秒杀 免费麦辣鸡腿堡 仅剩88份,快来领取优惠券 新人立减5元 免费配送,6738,1636,2026-08-01
P0028,企微1v1,限时秒杀 免费麦辣鸡腿堡 仅剩67份,快来领取优惠券 新人立减5元 免费配送,42346,1105,2026-08-01
P0028,APP Push,限时秒杀 免费麦辣鸡腿堡 仅剩20份,快来领取优惠券 新人立减5元 免费配送,23466,400,2026-08-01
P0028,企微1v1,限时秒杀 免费麦辣鸡腿堡 仅剩80份,快来领取优惠券 新人立减5元 免费配送,11509,3938,2026-08-01
P0028,企微1v1,限时秒杀 免费麦辣鸡腿堡 仅剩87份,快来领取优惠券 新人立减5元 免费配送,13296,3470,2026-08-01
P0029,企微1v1,限时秒杀 免费麦辣鸡腿堡 仅剩25份,快来领取优惠券 新人立减5元 免费配送,11978,3302,2026-08-01
P0029,APP Push,限时秒杀 免费麦辣鸡腿堡 仅剩99份,快来领取优惠券 新人立减5元 免费配送,23214,4367,2026-08-01
P0029,APP Push,限时秒杀 免费麦辣鸡腿堡 仅剩93份,快来领取优惠券 新人立减5元 免费配送,22499,1600,2026-08-01
P0029,短信,限时秒杀 免费麦辣鸡腿堡 仅剩70份,快来领取优惠券 新人立减5元 免费配送,47699,4970,2026-08-01
P0029,短信,限时秒杀 免费麦辣鸡腿堡 仅剩56份,快来领取优惠券 新人立减5元 免费配送,10971,4142,2026-08-01
P0029,短信,限时秒杀 免费麦辣鸡腿堡 仅剩74份,快来领取优惠券 新人立减5元 免费配送,14983,4999,2026-08-01
P0029,企微1v1,限时秒杀 免费麦辣鸡腿堡 仅剩5份,快来领取优惠券 新人立减5元 免费配送,16923,4095,2026-08-01
P0029,短信,限时秒杀 免费麦辣鸡腿堡 仅剩41份,快来领取优惠券 新人立减5元 免费配送,37426,1708,2026-08-01
P0029,APP Push,限时秒杀 免费麦辣鸡腿堡 仅剩6份,快来领取优惠券 新人立减5元 免费配送,5080,1199,2026-08-01
P0029,APP Push,限时秒杀 免费麦辣鸡腿堡 仅剩57份,快来领取优惠券 新人立减5元 免费配送,45184,1934,2026-08-01
P0029,短信,限时秒杀 免费麦辣鸡腿堡 仅剩88份,快来领取优惠券 新人立减5元 免费配送,8146,4324,2026-08-01
P0029,企微1v1,限时秒杀 免费麦辣鸡腿堡 仅剩83份,快来领取优惠券 新人立减5元 免费配送,42554,2446,2026-08-01
P0029,短信,限时秒杀 免费麦辣鸡腿堡 仅剩44份,快来领取优惠券 新人立减5元 免费配送,33337,1674,2026-08-01
P0029,APP Push,限时秒杀 免费麦辣鸡腿堡 仅剩48份,快来领取优惠券 新人立减5元 免费配送,37527,3020,2026-08-01
P0029,短信,限时秒杀 免费麦辣鸡腿堡 仅剩57份,快来领取优惠券 新人立减5元 免费配送,26612,3695,2026-08-01
P0029,短信,限时秒杀 免费麦辣鸡腿堡 仅剩41份,快来领取优惠券 新人立减5元 免费配送,31708,651,2026-08-01
P0029,APP Push,限时秒杀 免费麦辣鸡腿堡 仅剩29份,快来领取优惠券 新人立减5元 免费配送,8425,1376,2026-08-01
P0029,企微1v1,限时秒杀 免费麦辣鸡腿堡 仅剩60份,快来领取优惠券 新人立减5元 免费配送,47383,4528,2026-08-01
P0029,APP Push,限时秒杀 免费麦辣鸡腿堡 仅剩48份,快来领取优惠券 新人立减5元 免费配送,47151,481,2026-08-01
P0029,APP Push,限时秒杀 免费麦辣鸡腿堡 仅剩52份,快来领取优惠券 新人立减5元 免费配送,14587,817,2026-08-01
P0030,企微1v1,限时秒杀 免费麦辣鸡腿堡 仅剩75份,快来领取优惠券 新人立减5元 免费配送,38330,3470,2026-08-01
P0030,短信,限时秒杀 免费麦辣鸡腿堡 仅剩27份,快来领取优惠券 新人立减5元 免费配送,42509,133,2026-08-01
P0030,短信,限时秒杀 免费麦辣鸡腿堡 仅剩18份,快来领取优惠券 新人立减5元 免费配送,35789,4111,2026-08-01
P0030,企微1v1,限时秒杀 免费麦辣鸡腿堡 仅剩49份,快来领取优惠券 新人立减5元 免费配送,36646,4500,2026-08-01
P0030,APP Push,限时秒杀 免费麦辣鸡腿堡 仅剩11份,快来领取优惠券 新人立减5元 免费配送,40639,4136,2026-08-01
P0030,APP Push,限时秒杀 免费麦辣鸡腿堡 仅剩27份,快来领取优惠券 新人立减5元 免费配送,28482,3049,2026-08-01
P0030,企微1v1,限时秒杀 免费麦辣鸡腿堡 仅剩11份,快来领取优惠券 新人立减5元 免费配送,49825,290,2026-08-01
P0030,APP Push,限时秒杀 免费麦辣鸡腿堡 仅剩79份,快来领取优惠券 新人立减5元 免费配送,2827,4916,2026-08-01
P0030,短信,限时秒杀 免费麦辣鸡腿堡 仅剩48份,快来领取优惠券 新人立减5元 免费配送,11051,3915,2026-08-01
P0030,企微1v1,限时秒杀 免费麦辣鸡腿堡 仅剩15份,快来领取优惠券 新人立减5元 免费配送,39896,3763,2026-08-01
P0030,企微1v1,限时秒杀 免费麦辣鸡腿堡 仅剩29份,快来领取优惠券 新人立减5元 免费配送,26081,3246,2026-08-01
P0030,短信,限时秒杀 免费麦辣鸡腿堡 仅剩65份,快来领取优惠券 新人立减5元 免费配送,23267,1970,2026-08-01
P0030,短信,限时秒杀 免费麦辣鸡腿堡 仅剩34份,快来领取优惠券 新人立减5元 免费配送,6831,460,2026-08-01
P0030,APP Push,限时秒杀 免费麦辣鸡腿堡 仅剩41份,快来领取优惠券 新人立减5元 免费配送,42087,4885,2026-08-01
P0030,短信,限时秒杀 免费麦辣鸡腿堡 仅剩63份,快来领取优惠券 新人立减5元 免费配送,5148,4419,2026-08-01
P0030,企微1v1,限时秒杀 免费麦辣鸡腿堡 仅剩56份,快来领取优惠券 新人立减5元 免费配送,21934,3258,2026-08-01
P0030,短信,限时秒杀 免费麦辣鸡腿堡 仅剩4份,快来领取优惠券 新人立减5元 免费配送,8641,3657,2026-08-01
P0030,短信,限时秒杀 免费麦辣鸡腿堡 仅剩86份,快来领取优惠券 新人立减5元 免费配送,9754,1261,2026-08-01
P0030,APP Push,限时秒杀 免费麦辣鸡腿堡 仅剩16份,快来领取优惠券 新人立减5元 免费配送,47235,3620,2026-08-01
P0030,APP Push,限时秒杀 免费麦辣鸡腿堡 仅剩5份,快来领取优惠券 新人立减5元 免费配送,42243,2328,2026-08-01
P0031,企微1v1,限时秒杀 免费麦辣鸡腿堡 仅剩50份,快来领取优惠券 新人立减5元 免费配送,8564,2916,2026-08-01
P0031,企微1v1,限时秒杀 免费麦辣鸡腿堡 仅剩48份,快来领取优惠券 新人立减5元 免费配送,41381,1652,2026-08-01
P0031,短信,限时秒杀 免费麦辣鸡腿堡 仅剩70份,快来领取优惠券 新人立减5元 免费配送,36515,588,2026-08-01
P0031,企微1v1,限时秒杀 免费麦辣鸡腿堡 仅剩66份,快来领取优惠券 新人立减5元 免费配送,37191,214,2026-08-01
P0031,APP Push,限时秒杀 免费麦辣鸡腿堡 仅剩64份,快来领取优惠券 新人立减5元 免费配送,2438,2212,2026-08-01
P0031,企微1v1,限时秒杀 免费麦辣鸡腿堡 仅剩18份,快来领取优惠券 新人立减5元 免费配送,23547,913,2026-08-01
P0031,短信,限时秒杀 免费麦辣鸡腿堡 仅剩72份,快来领取优惠券 新人立减5元 免费配送,28371,654,2026-08-01
P0031,企微1v1,限时秒杀 免费麦辣鸡腿堡 仅剩74份,快来领取优惠券 新人立减5元 免费配送,7828,4365,2026-08-01
P0031,APP Push,限时秒杀 免费麦辣鸡腿堡 仅剩76份,快来领取优惠券 新人立减5元 免费配送,9405,4075,2026-08-01
P0031,APP Push,限时秒杀 免费麦辣鸡腿堡 仅剩67份,快来领取优惠券 新人立减5元 免费配送,15640,2945,2026-08-01
P0031,APP Push,限时秒杀 免费麦辣鸡腿堡 仅剩72份,快来领取优惠券 新人立减5元 免费配送,47359,1877,2026-08-01
P0031,APP Push,限时秒杀 免费麦辣鸡腿堡 仅剩89份,快来领取优惠券 新人立减5元 免费配送,44474,1985,2026-08-01
P0031,企微1v1,限时秒杀 免费麦辣鸡腿堡 仅剩26份,快来领取优惠券 新人立减5元 免费配送,40897,3696,2026-08-01
P0031,企微1v1,限时秒杀 免费麦辣鸡腿堡 仅剩21份,快来领取优惠券 新人立减5元 免费配送,18640,2955,2026-08-01
P0031,短信,限时秒杀 免费麦辣鸡腿堡 仅剩26份,快来领取优惠券 新人立减5元 免费配送,15160,3915,2026-08-01
P0031,企微1v1,限时秒杀 免费麦辣鸡腿堡 仅剩17份,快来领取优惠券 新人立减5元 免费配送,19141,4696,2026-08-01
P0031,短信,限时秒杀 免费麦辣鸡腿堡 仅剩99份,快来领取优惠券 新人立减5元 免费配送,1029,782,2026-08-01
P0031,短信,限时秒杀 免费麦辣鸡腿堡 仅剩42份,快来领取优惠券 新人立减5元 免费配送,21208,2748,2026-08-01
P0031,APP Push,限时秒杀 免费麦辣鸡腿堡 仅剩11份,快来领取优惠券 新人立减5元 免费配送,41089,215,2026-08-01
P0031,企微1v1,限时秒杀 免费麦辣鸡腿堡 仅剩15份,快来领取优惠券 新人立减5元 免费配送,11910,2355,2026-08-01
P0032,APP Push,限时秒杀 免费麦辣鸡腿堡 仅剩66份,快来领取优惠券 新人立减5元 免费配送,37351,2937,2026-08-01
P0032,企微1v1,限时秒杀 免费麦辣鸡腿堡 仅剩12份,快来领取优惠券 新人立减5元 免费配送,28172,4218,2026-08-01
P0032,短信,限时秒杀 免费麦辣鸡腿堡 仅剩53份,快来领取优惠券 新人立减5元 免费配送,9041,758,2026-08-01
P0032,短信,限时秒杀 免费麦辣鸡腿堡 仅剩60份,快来领取优惠券 新人立减5元 免费配送,22242,1526,2026-08-01
P0032,企微1v1,限时秒杀 免费麦辣鸡腿堡 仅剩31份,快来领取优惠券 新人立减5元 免费配送,42177,3679,2026-08-01
P0032,短信,限时秒杀 免费麦辣鸡腿堡 仅剩90份,快来领取优惠券 新人立减5元 免费配送,19791,356,2026-08-01
P0032,APP Push,限时秒杀 免费麦辣鸡腿堡 仅剩2份,快来领取优惠券 新人立减5元 免费配送,42840,2306,2026-08-01
P0032,APP Push,限时秒杀 免费麦辣鸡腿堡 仅剩85份,快来领取优惠券 新人立减5元 免费配送,21520,2696,2026-08-01
P0032,短信,限时秒杀 免费麦辣鸡腿堡 仅剩84份,快来领取优惠券 新人立减5元 免费配送,19837,496,2026-08-01
P0032,短信,限时秒杀 免费麦辣鸡腿堡 仅剩32份,快来领取优惠券 新人立减5元 免费配送,46371,4332,2026-08-01
P0032,APP Push,限时秒杀 免费麦辣鸡腿堡 仅剩34份,快来领取优惠券 新人立减5元 免费配送,40134,559,2026-08-01
P0032,企微1v1,限时秒杀 免费麦辣鸡腿堡 仅剩54份,快来领取优惠券 新人立减5元 免费配送,19407,4871,2026-08-01
P0032,APP Push,限时秒杀 免费麦辣鸡腿堡 仅剩33份,快来领取优惠券 新人立减5元 免费配送,21496,4464,2026-08-01
P0032,企微1v1,限时秒杀 免费麦辣鸡腿堡 仅剩58份,快来领取优惠券 新人立减5元 免费配送,47416,1106,2026-08-01
P0032,企微1v1,限时秒杀 免费麦辣鸡腿堡 仅剩48份,快来领取优惠券 新人立减5元 免费配送,12110,4365,2026-08-01
P0032,APP Push,限时秒杀 免费麦辣鸡腿堡 仅剩30份,快来领取优惠券 新人立减5元 免费配送,47282,4010,2026-08-01
P0032,企微1v1,限时秒杀 免费麦辣鸡腿堡 仅剩4份,快来领取优惠券 新人立减5元 免费配送,16629,764,2026-08-01
P0032,企微1v1,限时秒杀 免费麦辣鸡腿堡 仅剩13份,快来领取优惠券 新人立减5元 免费配送,12968,1154,2026-08-01
P0032,企微1v1,限时秒杀 免费麦辣鸡腿堡 仅剩2份,快来领取优惠券 新人立减5元 免费配送,24735,4404,2026-08-01
P0032,企微1v1,限时秒杀 免费麦辣鸡腿堡 仅剩16份,快来领取优惠券 新人立减5元 免费配送,35559,2119,2026-08-01
P0033,企微1v1,限时秒杀 免费麦辣鸡腿堡 仅剩37份,快来领取优惠券 新人立减5元 免费配送,18599,3411,2026-08-01
P0033,企微1v1,限时秒杀 免费麦辣鸡腿堡 仅剩61份,快来领取优惠券 新人立减5元 免费配送,46703,578,2026-08-01
P0033,APP Push,限时秒杀 免费麦辣鸡腿堡 仅剩91份,快来领取优惠券 新人立减5元 免费配送,35356,3027,2026-08-01
P0033,APP Push,限时秒杀 免费麦辣鸡腿堡 仅剩32份,快来领取优惠券 新人立减5元 免费配送,10905,1912,2026-08-01
P0033,企微1v1,限时秒杀 免费麦辣鸡腿堡 仅剩19份,快来领取优惠券 新人立减5元 免费配送,13208,4619,2026-08-01
P0033,企微1v1,限时秒杀 免费麦辣鸡腿堡 仅剩70份,快来领取优惠券 新人立减5元 免费配送,2785,1584,2026-08-01
P0033,APP Push,限时秒杀 免费麦辣鸡腿堡 仅剩93份,快来领取优惠券 新人立减5元 免费配送,28352,1384,2026-08-01
P0033,APP Push,限时秒杀 免费麦辣鸡腿堡 仅剩98份,快来领取优惠券 新人立减5元 免费配送,37698,1155,2026-08-01
P0033,短信,限时秒杀 免费麦辣鸡腿堡 仅剩88份,快来领取优惠券 新人立减5元 免费配送,12010,2131,2026-08-01
P0033,短信,限时秒杀 免费麦辣鸡腿堡 仅剩39份,快来领取优惠券 新人立减5元 免费配送,47458,272,2026-08-01
P0033,短信,限时秒杀 免费麦辣鸡腿堡 仅剩59份,快来领取优惠券 新人立减5元 免费配送,14093,610,2026-08-01
P0033,企微1v1,限时秒杀 免费麦辣鸡腿堡 仅剩22份,快来领取优惠券 新人立减5元 免费配送,25970,4241,2026-08-01
P0033,企微1v1,限时秒杀 免费麦辣鸡腿堡 仅剩28份,快来领取优惠券 新人立减5元 免费配送,26218,4468,2026-08-01
P0033,短信,限时秒杀 免费麦辣鸡腿堡 仅剩64份,快来领取优惠券 新人立减5元 免费配送,7752,1138,2026-08-01
P0033,APP Push,限时秒杀 免费麦辣鸡腿堡 仅剩69份,快来领取优惠券 新人立减5元 免费配送,1763,769,2026-08-01
P0033,APP Push,限时秒杀 免费麦辣鸡腿堡 仅剩96份,快来领取优惠券 新人立减5元 免费配送,16927,3342,2026-08-01
P0033,企微1v1,限时秒杀 免费麦辣鸡腿堡 仅剩87份,快来领取优惠券 新人立减5元 免费配送,19074,3478,2026-08-01
P0033,企微1v1,限时秒杀 免费麦辣鸡腿堡 仅剩85份,快来领取优惠券 新人立减5元 免费配送,26971,2215,2026-08-01
P0033,短信,限时秒杀 免费麦辣鸡腿堡 仅剩10份,快来领取优惠券 新人立减5元 免费配送,11336,4900,2026-08-01
P0033,APP Push,限时秒杀 免费麦辣鸡腿堡 仅剩95份,快来领取优惠券 新人立减5元 免费配送,14755,471,2026-08-01
P0034,APP Push,限时秒杀 免费麦辣鸡腿堡 仅剩66份,快来领取优惠券 新人立减5元 免费配送,5393,3755,2026-08-01
P0034,APP Push,限时秒杀 免费麦辣鸡腿堡 仅剩58份,快来领取优惠券 新人立减5元 免费配送,47539,1201,2026-08-01
P0034,短信,限时秒杀 免费麦辣鸡腿堡 仅剩81份,快来领取优惠券 新人立减5元 免费配送,34402,2468,2026-08-01
P0034,APP Push,限时秒杀 免费麦辣鸡腿堡 仅剩77份,快来领取优惠券 新人立减5元 免费配送,10682,2977,2026-08-01
P0034,短信,限时秒杀 免费麦辣鸡腿堡 仅剩46份,快来领取优惠券 新人立减5元 免费配送,25053,2535,2026-08-01
P0034,短信,限时秒杀 免费麦辣鸡腿堡 仅剩83份,快来领取优惠券 新人立减5元 免费配送,46107,2176,2026-08-01
P0034,APP Push,限时秒杀 免费麦辣鸡腿堡 仅剩3份,快来领取优惠券 新人立减5元 免费配送,32421,1735,2026-08-01
P0034,短信,限时秒杀 免费麦辣鸡腿堡 仅剩51份,快来领取优惠券 新人立减5元 免费配送,23241,3979,2026-08-01
P0034,企微1v1,限时秒杀 免费麦辣鸡腿堡 仅剩57份,快来领取优惠券 新人立减5元 免费配送,10130,3994,2026-08-01
P0034,企微1v1,限时秒杀 免费麦辣鸡腿堡 仅剩90份,快来领取优惠券 新人立减5元 免费配送,22749,2959,2026-08-01
P0034,短信,限时秒杀 免费麦辣鸡腿堡 仅剩78份,快来领取优惠券 新人立减5元 免费配送,25949,3342,2026-08-01
P0034,短信,限时秒杀 免费麦辣鸡腿堡 仅剩52份,快来领取优惠券 新人立减5元 免费配送,46582,4208,2026-08-01
P0034,企微1v1,限时秒杀 免费麦辣鸡腿堡 仅剩87份,快来领取优惠券 新人立减5元 免费配送,38008,2027,2026-08-01
P0034,APP Push,限时秒杀 免费麦辣鸡腿堡 仅剩56份,快来领取优惠券 新人立减5元 免费配送,15181,2272,2026-08-01
P0034,短信,限时秒杀 免费麦辣鸡腿堡 仅剩22份,快来领取优惠券 新人立减5元 免费配送,34400,1249,2026-08-01
P0034,短信,限时秒杀 免费麦辣鸡腿堡 仅剩67份,快来领取优惠券 新人立减5元 免费配送,35847,4247,2026-08-01
P0034,短信,限时秒杀 免费麦辣鸡腿堡 仅剩61份,快来领取优惠券 新人立减5元 免费配送,23394,2221,2026-08-01
P0034,企微1v1,限时秒杀 免费麦辣鸡腿堡 仅剩39份,快来领取优惠券 新人立减5元 免费配送,30898,4414,2026-08-01
P0034,APP Push,限时秒杀 免费麦辣鸡腿堡 仅剩94份,快来领取优惠券 新人立减5元 免费配送,13735,2205,2026-08-01
P0034,企微1v1,限时秒杀 免费麦辣鸡腿堡 仅剩89份,快来领取优惠券 新人立减5元 免费配送,5507,249,2026-08-01
P0035,APP Push,限时秒杀 免费麦辣鸡腿堡 仅剩77份,快来领取优惠券 新人立减5元 免费配送,7764,2200,2026-08-01
P0035,APP Push,限时秒杀 免费麦辣鸡腿堡 仅剩28份,快来领取优惠券 新人立减5元 免费配送,13124,1522,2026-08-01
P0035,短信,限时秒杀 免费麦辣鸡腿堡 仅剩47份,快来领取优惠券 新人立减5元 免费配送,40937,2292,2026-08-01
P0035,APP Push,限时秒杀 免费麦辣鸡腿堡 仅剩87份,快来领取优惠券 新人立减5元 免费配送,44035,235,2026-08-01
P0035,APP Push,限时秒杀 免费麦辣鸡腿堡 仅剩78份,快来领取优惠券 新人立减5元 免费配送,11975,2642,2026-08-01
P0035,APP Push,限时秒杀 免费麦辣鸡腿堡 仅剩51份,快来领取优惠券 新人立减5元 免费配送,33755,3075,2026-08-01
P0035,企微1v1,限时秒杀 免费麦辣鸡腿堡 仅剩12份,快来领取优惠券 新人立减5元 免费配送,39146,3638,2026-08-01
P0035,APP Push,限时秒杀 免费麦辣鸡腿堡 仅剩90份,快来领取优惠券 新人立减5元 免费配送,2620,1510,2026-08-01
P0035,APP Push,限时秒杀 免费麦辣鸡腿堡 仅剩77份,快来领取优惠券 新人立减5元 免费配送,35845,2332,2026-08-01
P0035,企微1v1,限时秒杀 免费麦辣鸡腿堡 仅剩95份,快来领取优惠券 新人立减5元 免费配送,14671,3245,2026-08-01
P0035,APP Push,限时秒杀 免费麦辣鸡腿堡 仅剩41份,快来领取优惠券 新人立减5元 免费配送,13089,1564,2026-08-01
P0035,企微1v1,限时秒杀 免费麦辣鸡腿堡 仅剩85份,快来领取优惠券 新人立减5元 免费配送,10905,4944,2026-08-01
P0035,短信,限时秒杀 免费麦辣鸡腿堡 仅剩53份,快来领取优惠券 新人立减5元 免费配送,39456,1957,2026-08-01
P0035,APP Push,限时秒杀 免费麦辣鸡腿堡 仅剩7份,快来领取优惠券 新人立减5元 免费配送,29582,356,2026-08-01
P0035,短信,限时秒杀 免费麦辣鸡腿堡 仅剩83份,快来领取优惠券 新人立减5元 免费配送,43483,1210,2026-08-01
P0035,短信,限时秒杀 免费麦辣鸡腿堡 仅剩11份,快来领取优惠券 新人立减5元 免费配送,28480,2642,2026-08-01
P0035,企微1v1,限时秒杀 免费麦辣鸡腿堡 仅剩82份,快来领取优惠券 新人立减5元 免费配送,42043,1648,2026-08-01
P0035,短信,限时秒杀 免费麦辣鸡腿堡 仅剩8份,快来领取优惠券 新人立减5元 免费配送,23225,1231,2026-08-01
P0035,企微1v1,限时秒杀 免费麦辣鸡腿堡 仅剩85份,快来领取优惠券 新人立减5元 免费配送,49956,2347,2026-08-01
P0035,企微1v1,限时秒杀 免费麦辣鸡腿堡 仅剩62份,快来领取优惠券 新人立减5元 免费配送,40909,2808,2026-08-01
P0036,企微1v1,限时秒杀 免费麦辣鸡腿堡 仅剩83份,快来领取优惠券 新人立减5元 免费配送,6105,3857,2026-08-01
P0036,APP Push,限时秒杀 免费麦辣鸡腿堡 仅剩14份,快来领取优惠券 新人立减5元 免费配送,34582,2221,2026-08-01
P0036,短信,限时秒杀 免费麦辣鸡腿堡 仅剩92份,快来领取优惠券 新人立减5元 免费配送,27513,3768,2026-08-01
P0036,企微1v1,限时秒杀 免费麦辣鸡腿堡 仅剩86份,快来领取优惠券 新人立减5元 免费配送,11423,3533,2026-08-01
P0036,APP Push,限时秒杀 免费麦辣鸡腿堡 仅剩88份,快来领取优惠券 新人立减5元 免费配送,44049,1020,2026-08-01
P0036,短信,限时秒杀 免费麦辣鸡腿堡 仅剩99份,快来领取优惠券 新人立减5元 免费配送,8303,1623,2026-08-01
P0036,短信,限时秒杀 免费麦辣鸡腿堡 仅剩62份,快来领取优惠券 新人立减5元 免费配送,20281,919,2026-08-01
P0036,短信,限时秒杀 免费麦辣鸡腿堡 仅剩98份,快来领取优惠券 新人立减5元 免费配送,28903,2248,2026-08-01
P0036,企微1v1,限时秒杀 免费麦辣鸡腿堡 仅剩15份,快来领取优惠券 新人立减5元 免费配送,42633,3013,2026-08-01
P0036,短信,限时秒杀 免费麦辣鸡腿堡 仅剩69份,快来领取优惠券 新人立减5元 免费配送,5897,166,2026-08-01
P0036,APP Push,限时秒杀 免费麦辣鸡腿堡 仅剩78份,快来领取优惠券 新人立减5元 免费配送,1971,1234,2026-08-01
P0036,APP Push,限时秒杀 免费麦辣鸡腿堡 仅剩53份,快来领取优惠券 新人立减5元 免费配送,26235,4043,2026-08-01
P0036,APP Push,限时秒杀 免费麦辣鸡腿堡 仅剩41份,快来领取优惠券 新人立减5元 免费配送,42413,1250,2026-08-01
P0036,APP Push,限时秒杀 免费麦辣鸡腿堡 仅剩90份,快来领取优惠券 新人立减5元 免费配送,26692,4844,2026-08-01
P0036,短信,限时秒杀 免费麦辣鸡腿堡 仅剩29份,快来领取优惠券 新人立减5元 免费配送,4192,1814,2026-08-01
P0036,企微1v1,限时秒杀 免费麦辣鸡腿堡 仅剩4份,快来领取优惠券 新人立减5元 免费配送,4091,3371,2026-08-01
P0036,APP Push,限时秒杀 免费麦辣鸡腿堡 仅剩72份,快来领取优惠券 新人立减5元 免费配送,48916,2534,2026-08-01
P0036,企微1v1,限时秒杀 免费麦辣鸡腿堡 仅剩52份,快来领取优惠券 新人立减5元 免费配送,36805,548,2026-08-01
P0036,短信,限时秒杀 免费麦辣鸡腿堡 仅剩58份,快来领取优惠券 新人立减5元 免费配送,36546,1291,2026-08-01
P0036,短信,限时秒杀 免费麦辣鸡腿堡 仅剩17份,快来领取优惠券 新人立减5元 免费配送,43221,1798,2026-08-01
P0037,短信,限时秒杀 免费麦辣鸡腿堡 仅剩22份,快来领取优惠券 新人立减5元 免费配送,6851,4823,2026-08-01
P0037,企微1v1,限时秒杀 免费麦辣鸡腿堡 仅剩37份,快来领取优惠券 新人立减5元 免费配送,18555,2170,2026-08-01
P0037,APP Push,限时秒杀 免费麦辣鸡腿堡 仅剩52份,快来领取优惠券 新人立减5元 免费配送,45868,173,2026-08-01
P0037,短信,限时秒杀 免费麦辣鸡腿堡 仅剩7份,快来领取优惠券 新人立减5元 免费配送,35306,674,2026-08-01
P0037,APP Push,限时秒杀 免费麦辣鸡腿堡 仅剩82份,快来领取优惠券 新人立减5元 免费配送,19655,1365,2026-08-01
P0037,APP Push,限时秒杀 免费麦辣鸡腿堡 仅剩98份,快来领取优惠券 新人立减5元 免费配送,34246,1202,2026-08-01
P0037,APP Push,限时秒杀 免费麦辣鸡腿堡 仅剩43份,快来领取优惠券 新人立减5元 免费配送,1421,2748,2026-08-01
P0037,APP Push,限时秒杀 免费麦辣鸡腿堡 仅剩43份,快来领取优惠券 新人立减5元 免费配送,38903,612,2026-08-01
P0037,APP Push,限时秒杀 免费麦辣鸡腿堡 仅剩48份,快来领取优惠券 新人立减5元 免费配送,14572,2179,2026-08-01
P0037,企微1v1,限时秒杀 免费麦辣鸡腿堡 仅剩43份,快来领取优惠券 新人立减5元 免费配送,45714,4074,2026-08-01
P0037,企微1v1,限时秒杀 免费麦辣鸡腿堡 仅剩69份,快来领取优惠券 新人立减5元 免费配送,35501,791,2026-08-01
P0037,APP Push,限时秒杀 免费麦辣鸡腿堡 仅剩41份,快来领取优惠券 新人立减5元 免费配送,29754,3243,2026-08-01
P0037,企微1v1,限时秒杀 免费麦辣鸡腿堡 仅剩70份,快来领取优惠券 新人立减5元 免费配送,32459,4616,2026-08-01
P0037,企微1v1,限时秒杀 免费麦辣鸡腿堡 仅剩67份,快来领取优惠券 新人立减5元 免费配送,5851,1896,2026-08-01
P0037,APP Push,限时秒杀 免费麦辣鸡腿堡 仅剩83份,快来领取优惠券 新人立减5元 免费配送,27188,4289,2026-08-01
P0037,企微1v1,限时秒杀 免费麦辣鸡腿堡 仅剩19份,快来领取优惠券 新人立减5元 免费配送,5618,1272,2026-08-01
P0037,APP Push,限时秒杀 免费麦辣鸡腿堡 仅剩5份,快来领取优惠券 新人立减5元 免费配送,26168,4730,2026-08-01
P0037,APP Push,限时秒杀 免费麦辣鸡腿堡 仅剩86份,快来领取优惠券 新人立减5元 免费配送,5463,4395,2026-08-01
P0037,企微1v1,限时秒杀 免费麦辣鸡腿堡 仅剩73份,快来领取优惠券 新人立减5元 免费配送,20838,2985,2026-08-01
P0037,短信,限时秒杀 免费麦辣鸡腿堡 仅剩94份,快来领取优惠券 新人立减5元 免费配送,32258,3394,2026-08-01
P0038,短信,限时秒杀 免费麦辣鸡腿堡 仅剩41份,快来领取优惠券 新人立减5元 免费配送,49754,3923,2026-08-01
P0038,短信,限时秒杀 免费麦辣鸡腿堡 仅剩45份,快来领取优惠券 新人立减5元 免费配送,16223,4213,2026-08-01
P0038,APP Push,限时秒杀 免费麦辣鸡腿堡 仅剩93份,快来领取优惠券 新人立减5元 免费配送,26157,3098,2026-08-01
P0038,企微1v1,限时秒杀 免费麦辣鸡腿堡 仅剩66份,快来领取优惠券 新人立减5元 免费配送,1451,2146,2026-08-01
P0038,短信,限时秒杀 免费麦辣鸡腿堡 仅剩10份,快来领取优惠券 新人立减5元 免费配送,32148,1008,2026-08-01
P0038,企微1v1,限时秒杀 免费麦辣鸡腿堡 仅剩56份,快来领取优惠券 新人立减5元 免费配送,41566,2097,2026-08-01
P0038,短信,限时秒杀 免费麦辣鸡腿堡 仅剩4份,快来领取优惠券 新人立减5元 免费配送,34992,4259,2026-08-01
P0038,APP Push,限时秒杀 免费麦辣鸡腿堡 仅剩6份,快来领取优惠券 新人立减5元 免费配送,38349,3038,2026-08-01
P0038,APP Push,限时秒杀 免费麦辣鸡腿堡 仅剩47份,快来领取优惠券 新人立减5元 免费配送,12784,2892,2026-08-01
P0038,企微1v1,限时秒杀 免费麦辣鸡腿堡 仅剩63份,快来领取优惠券 新人立减5元 免费配送,32663,3533,2026-08-01
P0038,APP Push,限时秒杀 免费麦辣鸡腿堡 仅剩83份,快来领取优惠券 新人立减5元 免费配送,16476,4010,2026-08-01
P0038,短信,限时秒杀 免费麦辣鸡腿堡 仅剩93份,快来领取优惠券 新人立减5元 免费配送,23561,1416,2026-08-01
P0038,APP Push,限时秒杀 免费麦辣鸡腿堡 仅剩98份,快来领取优惠券 新人立减5元 免费配送,49416,4034,2026-08-01
P0038,短信,限时秒杀 免费麦辣鸡腿堡 仅剩85份,快来领取优惠券 新人立减5元 免费配送,11806,3256,2026-08-01
P0038,短信,限时秒杀 免费麦辣鸡腿堡 仅剩37份,快来领取优惠券 新人立减5元 免费配送,45888,4853,2026-08-01
P0038,企微1v1,限时秒杀 免费麦辣鸡腿堡 仅剩28份,快来领取优惠券 新人立减5元 免费配送,2788,3821,2026-08-01
P0038,短信,限时秒杀 免费麦辣鸡腿堡 仅剩77份,快来领取优惠券 新人立减5元 免费配送,44966,1520,2026-08-01
P0038,短信,限时秒杀 免费麦辣鸡腿堡 仅剩57份,快来领取优惠券 新人立减5元 免费配送,21660,4838,2026-08-01
P0038,企微1v1,限时秒杀 免费麦辣鸡腿堡 仅剩56份,快来领取优惠券 新人立减5元 免费配送,38216,1280,2026-08-01
P0038,短信,限时秒杀 免费麦辣鸡腿堡 仅剩55份,快来领取优惠券 新人立减5元 免费配送,26653,2043,2026-08-01
P0039,企微1v1,限时秒杀 免费麦辣鸡腿堡 仅剩49份,快来领取优惠券 新人立减5元 免费配送,20347,2071,2026-08-01
P0039,APP Push,限时秒杀 免费麦辣鸡腿堡 仅剩33份,快来领取优惠券 新人立减5元 免费配送,16846,4494,2026-08-01
P0039,短信,限时秒杀 免费麦辣鸡腿堡 仅剩48份,快来领取优惠券 新人立减5元 免费配送,30853,2051,2026-08-01
P0039,短信,限时秒杀 免费麦辣鸡腿堡 仅剩44份,快来领取优惠券 新人立减5元 免费配送,41893,1299,2026-08-01
P0039,企微1v1,限时秒杀 免费麦辣鸡腿堡 仅剩32份,快来领取优惠券 新人立减5元 免费配送,10432,2202,2026-08-01
P0039,短信,限时秒杀 免费麦辣鸡腿堡 仅剩23份,快来领取优惠券 新人立减5元 免费配送,36161,4986,2026-08-01
P0039,APP Push,限时秒杀 免费麦辣鸡腿堡 仅剩58份,快来领取优惠券 新人立减5元 免费配送,32445,1777,2026-08-01
P0039,短信,限时秒杀 免费麦辣鸡腿堡 仅剩24份,快来领取优惠券 新人立减5元 免费配送,40342,3032,2026-08-01
P0039,短信,限时秒杀 免费麦辣鸡腿堡 仅剩32份,快来领取优惠券 新人立减5元 免费配送,47524,827,2026-08-01
P0039,短信,限时秒杀 免费麦辣鸡腿堡 仅剩64份,快来领取优惠券 新人立减5元 免费配送,14781,2506,2026-08-01
P0039,企微1v1,限时秒杀 免费麦辣鸡腿堡 仅剩35份,快来领取优惠券 新人立减5元 免费配送,34537,1755,2026-08-01
P0039,企微1v1,限时秒杀 免费麦辣鸡腿堡 仅剩53份,快来领取优惠券 新人立减5元 免费配送,21665,269,2026-08-01
P0039,APP Push,限时秒杀 免费麦辣鸡腿堡 仅剩25份,快来领取优惠券 新人立减5元 免费配送,13910,1439,2026-08-01
P0039,短信,限时秒杀 免费麦辣鸡腿堡 仅剩59份,快来领取优惠券 新人立减5元 免费配送,6304,2154,2026-08-01
P0039,短信,限时秒杀 免费麦辣鸡腿堡 仅剩37份,快来领取优惠券 新人立减5元 免费配送,46130,4084,2026-08-01
P0039,企微1v1,限时秒杀 免费麦辣鸡腿堡 仅剩41份,快来领取优惠券 新人立减5元 免费配送,45152,3256,2026-08-01
P0039,APP Push,限时秒杀 免费麦辣鸡腿堡 仅剩15份,快来领取优惠券 新人立减5元 免费配送,4848,2841,2026-08-01
P0039,APP Push,限时秒杀 免费麦辣鸡腿堡 仅剩98份,快来领取优惠券 新人立减5元 免费配送,18440,4677,2026-08-01
P0039,企微1v1,限时秒杀 免费麦辣鸡腿堡 仅剩40份,快来领取优惠券 新人立减5元 免费配送,36910,3498,2026-08-01
P0039,企微1v1,限时秒杀 免费麦辣鸡腿堡 仅剩48份,快来领取优惠券 新人立减5元 免费配送,15443,834,2026-08-01
P0040,短信,限时秒杀 免费麦辣鸡腿堡 仅剩11份,快来领取优惠券 新人立减5元 免费配送,42166,847,2026-08-01
P0040,短信,限时秒杀 免费麦辣鸡腿堡 仅剩3份,快来领取优惠券 新人立减5元 免费配送,44260,4872,2026-08-01
P0040,短信,限时秒杀 免费麦辣鸡腿堡 仅剩43份,快来领取优惠券 新人立减5元 免费配送,49033,4987,2026-08-01
P0040,APP Push,限时秒杀 免费麦辣鸡腿堡 仅剩73份,快来领取优惠券 新人立减5元 免费配送,16396,265,2026-08-01
P0040,APP Push,限时秒杀 免费麦辣鸡腿堡 仅剩13份,快来领取优惠券 新人立减5元 免费配送,48848,2656,2026-08-01
P0040,APP Push,限时秒杀 免费麦辣鸡腿堡 仅剩76份,快来领取优惠券 新人立减5元 免费配送,26650,1151,2026-08-01
P0040,短信,限时秒杀 免费麦辣鸡腿堡 仅剩79份,快来领取优惠券 新人立减5元 免费配送,35813,1720,2026-08-01
P0040,企微1v1,限时秒杀 免费麦辣鸡腿堡 仅剩38份,快来领取优惠券 新人立减5元 免费配送,11403,1604,2026-08-01
P0040,短信,限时秒杀 免费麦辣鸡腿堡 仅剩29份,快来领取优惠券 新人立减5元 免费配送,9972,1165,2026-08-01
P0040,APP Push,限时秒杀 免费麦辣鸡腿堡 仅剩34份,快来领取优惠券 新人立减5元 免费配送,33506,2586,2026-08-01
P0040,APP Push,限时秒杀 免费麦辣鸡腿堡 仅剩95份,快来领取优惠券 新人立减5元 免费配送,41383,2322,2026-08-01
P0040,APP Push,限时秒杀 免费麦辣鸡腿堡 仅剩11份,快来领取优惠券 新人立减5元 免费配送,9935,3433,2026-08-01
P0040,APP Push,限时秒杀 免费麦辣鸡腿堡 仅剩26份,快来领取优惠券 新人立减5元 免费配送,39586,240,2026-08-01
P0040,企微1v1,限时秒杀 免费麦辣鸡腿堡 仅剩69份,快来领取优惠券 新人立减5元 免费配送,44154,4030,2026-08-01
P0040,短信,限时秒杀 免费麦辣鸡腿堡 仅剩17份,快来领取优惠券 新人立减5元 免费配送,49581,2318,2026-08-01
P0040,APP Push,限时秒杀 免费麦辣鸡腿堡 仅剩93份,快来领取优惠券 新人立减5元 免费配送,46836,2387,2026-08-01
P0040,短信,限时秒杀 免费麦辣鸡腿堡 仅剩95份,快来领取优惠券 新人立减5元 免费配送,15455,133,2026-08-01
P0040,APP Push,限时秒杀 免费麦辣鸡腿堡 仅剩27份,快来领取优惠券 新人立减5元 免费配送,49518,4830,2026-08-01
P0040,短信,限时秒杀 免费麦辣鸡腿堡 仅剩1份,快来领取优惠券 新人立减5元 免费配送,28406,1141,2026-08-01
P0040,APP Push,限时秒杀 免费麦辣鸡腿堡 仅剩63份,快来领取优惠券 新人立减5元 免费配送,36294,436,2026-08-01
P0041,短信,限时秒杀 免费麦辣鸡腿堡 仅剩41份,快来领取优惠券 新人立减5元 免费配送,15417,1528,2026-08-01
P0041,企微1v1,限时秒杀 免费麦辣鸡腿堡 仅剩41份,快来领取优惠券 新人立减5元 免费配送,44526,3725,2026-08-01
P0041,APP Push,限时秒杀 免费麦辣鸡腿堡 仅剩84份,快来领取优惠券 新人立减5元 免费配送,42768,2355,2026-08-01
P0041,短信,限时秒杀 免费麦辣鸡腿堡 仅剩91份,快来领取优惠券 新人立减5元 免费配送,13369,922,2026-08-01
P0041,企微1v1,限时秒杀 免费麦辣鸡腿堡 仅剩63份,快来领取优惠券 新人立减5元 免费配送,18836,2988,2026-08-01
P0041,短信,限时秒杀 免费麦辣鸡腿堡 仅剩76份,快来领取优惠券 新人立减5元 免费配送,19528,1884,2026-08-01
P0041,企微1v1,限时秒杀 免费麦辣鸡腿堡 仅剩71份,快来领取优惠券 新人立减5元 免费配送,26720,636,2026-08-01
P0041,APP Push,限时秒杀 免费麦辣鸡腿堡 仅剩49份,快来领取优惠券 新人立减5元 免费配送,8457,4933,2026-08-01
P0041,短信,限时秒杀 免费麦辣鸡腿堡 仅剩13份,快来领取优惠券 新人立减5元 免费配送,34876,1234,2026-08-01
P0041,短信,限时秒杀 免费麦辣鸡腿堡 仅剩59份,快来领取优惠券 新人立减5元 免费配送,10449,3561,2026-08-01
P0041,企微1v1,限时秒杀 免费麦辣鸡腿堡 仅剩94份,快来领取优惠券 新人立减5元 免费配送,36137,1698,2026-08-01
P0041,APP Push,限时秒杀 免费麦辣鸡腿堡 仅剩95份,快来领取优惠券 新人立减5元 免费配送,5484,2271,2026-08-01
P0041,企微1v1,限时秒杀 免费麦辣鸡腿堡 仅剩42份,快来领取优惠券 新人立减5元 免费配送,25652,4293,2026-08-01
P0041,APP Push,限时秒杀 免费麦辣鸡腿堡 仅剩45份,快来领取优惠券 新人立减5元 免费配送,26560,3245,2026-08-01
P0041,短信,限时秒杀 免费麦辣鸡腿堡 仅剩17份,快来领取优惠券 新人立减5元 免费配送,47520,4532,2026-08-01
P0041,短信,限时秒杀 免费麦辣鸡腿堡 仅剩20份,快来领取优惠券 新人立减5元 免费配送,43995,384,2026-08-01
P0041,企微1v1,限时秒杀 免费麦辣鸡腿堡 仅剩79份,快来领取优惠券 新人立减5元 免费配送,30076,4329,2026-08-01
P0041,短信,限时秒杀 免费麦辣鸡腿堡 仅剩54份,快来领取优惠券 新人立减5元 免费配送,14771,3939,2026-08-01
P0041,APP Push,限时秒杀 免费麦辣鸡腿堡 仅剩51份,快来领取优惠券 新人立减5元 免费配送,6749,899,2026-08-01
P0041,短信,限时秒杀 免费麦辣鸡腿堡 仅剩52份,快来领取优惠券 新人立减5元 免费配送,8969,4251,2026-08-01
P0042,短信,限时秒杀 免费麦辣鸡腿堡 仅剩60份,快来领取优惠券 新人立减5元 免费配送,43824,1475,2026-08-01
P0042,APP Push,限时秒杀 免费麦辣鸡腿堡 仅剩26份,快来领取优惠券 新人立减5元 免费配送,16270,2071,2026-08-01
P0042,APP Push,限时秒杀 免费麦辣鸡腿堡 仅剩77份,快来领取优惠券 新人立减5元 免费配送,25771,3429,2026-08-01
P0042,APP Push,限时秒杀 免费麦辣鸡腿堡 仅剩71份,快来领取优惠券 新人立减5元 免费配送,14934,4406,2026-08-01
P0042,APP Push,限时秒杀 免费麦辣鸡腿堡 仅剩28份,快来领取优惠券 新人立减5元 免费配送,33229,844,2026-08-01
P0042,APP Push,限时秒杀 免费麦辣鸡腿堡 仅剩13份,快来领取优惠券 新人立减5元 免费配送,34633,1166,2026-08-01
P0042,短信,限时秒杀 免费麦辣鸡腿堡 仅剩25份,快来领取优惠券 新人立减5元 免费配送,37060,4825,2026-08-01
P0042,短信,限时秒杀 免费麦辣鸡腿堡 仅剩82份,快来领取优惠券 新人立减5元 免费配送,41699,3635,2026-08-01
P0042,短信,限时秒杀 免费麦辣鸡腿堡 仅剩51份,快来领取优惠券 新人立减5元 免费配送,43010,2247,2026-08-01
P0042,短信,限时秒杀 免费麦辣鸡腿堡 仅剩61份,快来领取优惠券 新人立减5元 免费配送,42946,336,2026-08-01
P0042,企微1v1,限时秒杀 免费麦辣鸡腿堡 仅剩45份,快来领取优惠券 新人立减5元 免费配送,14494,383,2026-08-01
P0042,APP Push,限时秒杀 免费麦辣鸡腿堡 仅剩57份,快来领取优惠券 新人立减5元 免费配送,15106,4343,2026-08-01
P0042,短信,限时秒杀 免费麦辣鸡腿堡 仅剩28份,快来领取优惠券 新人立减5元 免费配送,1459,1274,2026-08-01
P0042,APP Push,限时秒杀 免费麦辣鸡腿堡 仅剩59份,快来领取优惠券 新人立减5元 免费配送,31922,848,2026-08-01
P0042,短信,限时秒杀 免费麦辣鸡腿堡 仅剩36份,快来领取优惠券 新人立减5元 免费配送,43530,2475,2026-08-01
P0042,企微1v1,限时秒杀 免费麦辣鸡腿堡 仅剩43份,快来领取优惠券 新人立减5元 免费配送,49366,2536,2026-08-01
P0042,短信,限时秒杀 免费麦辣鸡腿堡 仅剩12份,快来领取优惠券 新人立减5元 免费配送,41257,1119,2026-08-01
P0042,企微1v1,限时秒杀 免费麦辣鸡腿堡 仅剩48份,快来领取优惠券 新人立减5元 免费配送,41147,823,2026-08-01
P0042,APP Push,限时秒杀 免费麦辣鸡腿堡 仅剩18份,快来领取优惠券 新人立减5元 免费配送,27827,2066,2026-08-01
P0042,APP Push,限时秒杀 免费麦辣鸡腿堡 仅剩63份,快来领取优惠券 新人立减5元 免费配送,19540,1279,2026-08-01
P0043,短信,限时秒杀 免费麦辣鸡腿堡 仅剩82份,快来领取优惠券 新人立减5元 免费配送,25258,1292,2026-08-01
P0043,APP Push,限时秒杀 免费麦辣鸡腿堡 仅剩66份,快来领取优惠券 新人立减5元 免费配送,22067,2723,2026-08-01
P0043,短信,限时秒杀 免费麦辣鸡腿堡 仅剩93份,快来领取优惠券 新人立减5元 免费配送,5953,3044,2026-08-01
P0043,APP Push,限时秒杀 免费麦辣鸡腿堡 仅剩26份,快来领取优惠券 新人立减5元 免费配送,20345,4371,2026-08-01
P0043,短信,限时秒杀 免费麦辣鸡腿堡 仅剩55份,快来领取优惠券 新人立减5元 免费配送,43665,3203,2026-08-01
P0043,企微1v1,限时秒杀 免费麦辣鸡腿堡 仅剩5份,快来领取优惠券 新人立减5元 免费配送,10353,3711,2026-08-01
P0043,APP Push,限时秒杀 免费麦辣鸡腿堡 仅剩37份,快来领取优惠券 新人立减5元 免费配送,42251,1370,2026-08-01
P0043,短信,限时秒杀 免费麦辣鸡腿堡 仅剩25份,快来领取优惠券 新人立减5元 免费配送,40476,4108,2026-08-01
P0043,企微1v1,限时秒杀 免费麦辣鸡腿堡 仅剩20份,快来领取优惠券 新人立减5元 免费配送,39365,1317,2026-08-01
P0043,短信,限时秒杀 免费麦辣鸡腿堡 仅剩55份,快来领取优惠券 新人立减5元 免费配送,18358,1833,2026-08-01
P0043,APP Push,限时秒杀 免费麦辣鸡腿堡 仅剩21份,快来领取优惠券 新人立减5元 免费配送,10128,3716,2026-08-01
P0043,短信,限时秒杀 免费麦辣鸡腿堡 仅剩55份,快来领取优惠券 新人立减5元 免费配送,12761,413,2026-08-01
P0043,企微1v1,限时秒杀 免费麦辣鸡腿堡 仅剩97份,快来领取优惠券 新人立减5元 免费配送,31814,4793,2026-08-01
P0043,APP Push,限时秒杀 免费麦辣鸡腿堡 仅剩88份,快来领取优惠券 新人立减5元 免费配送,25030,907,2026-08-01
P0043,APP Push,限时秒杀 免费麦辣鸡腿堡 仅剩64份,快来领取优惠券 新人立减5元 免费配送,17098,4363,2026-08-01
P0043,APP Push,限时秒杀 免费麦辣鸡腿堡 仅剩4份,快来领取优惠券 新人立减5元 免费配送,47572,4927,2026-08-01
P0043,APP Push,限时秒杀 免费麦辣鸡腿堡 仅剩60份,快来领取优惠券 新人立减5元 免费配送,18042,4899,2026-08-01
P0043,企微1v1,限时秒杀 免费麦辣鸡腿堡 仅剩90份,快来领取优惠券 新人立减5元 免费配送,37863,3183,2026-08-01
P0043,APP Push,限时秒杀 免费麦辣鸡腿堡 仅剩31份,快来领取优惠券 新人立减5元 免费配送,41979,1099,2026-08-01
P0043,短信,限时秒杀 免费麦辣鸡腿堡 仅剩75份,快来领取优惠券 新人立减5元 免费配送,48694,4341,2026-08-01
P0044,APP Push,限时秒杀 免费麦辣鸡腿堡 仅剩64份,快来领取优惠券 新人立减5元 免费配送,43610,2092,2026-08-01
P0044,APP Push,限时秒杀 免费麦辣鸡腿堡 仅剩29份,快来领取优惠券 新人立减5元 免费配送,10407,1281,2026-08-01
P0044,短信,限时秒杀 免费麦辣鸡腿堡 仅剩20份,快来领取优惠券 新人立减5元 免费配送,39799,1552,2026-08-01
P0044,APP Push,限时秒杀 免费麦辣鸡腿堡 仅剩14份,快来领取优惠券 新人立减5元 免费配送,19313,882,2026-08-01
P0044,企微1v1,限时秒杀 免费麦辣鸡腿堡 仅剩80份,快来领取优惠券 新人立减5元 免费配送,31659,4828,2026-08-01
P0044,企微1v1,限时秒杀 免费麦辣鸡腿堡 仅剩75份,快来领取优惠券 新人立减5元 免费配送,28515,439,2026-08-01
P0044,短信,限时秒杀 免费麦辣鸡腿堡 仅剩10份,快来领取优惠券 新人立减5元 免费配送,10264,3798,2026-08-01
P0044,APP Push,限时秒杀 免费麦辣鸡腿堡 仅剩45份,快来领取优惠券 新人立减5元 免费配送,22814,2180,2026-08-01
P0044,短信,限时秒杀 免费麦辣鸡腿堡 仅剩53份,快来领取优惠券 新人立减5元 免费配送,26590,281,2026-08-01
P0044,企微1v1,限时秒杀 免费麦辣鸡腿堡 仅剩84份,快来领取优惠券 新人立减5元 免费配送,16850,1839,2026-08-01
P0044,APP Push,限时秒杀 免费麦辣鸡腿堡 仅剩76份,快来领取优惠券 新人立减5元 免费配送,48240,1279,2026-08-01
P0044,APP Push,限时秒杀 免费麦辣鸡腿堡 仅剩67份,快来领取优惠券 新人立减5元 免费配送,14959,3810,2026-08-01
P0044,企微1v1,限时秒杀 免费麦辣鸡腿堡 仅剩2份,快来领取优惠券 新人立减5元 免费配送,17415,3547,2026-08-01
P0044,短信,限时秒杀 免费麦辣鸡腿堡 仅剩67份,快来领取优惠券 新人立减5元 免费配送,36895,1158,2026-08-01
P0044,短信,限时秒杀 免费麦辣鸡腿堡 仅剩43份,快来领取优惠券 新人立减5元 免费配送,47906,4765,2026-08-01
P0044,短信,限时秒杀 免费麦辣鸡腿堡 仅剩69份,快来领取优惠券 新人立减5元 免费配送,26443,1741,2026-08-01
P0044,企微1v1,限时秒杀 免费麦辣鸡腿堡 仅剩13份,快来领取优惠券 新人立减5元 免费配送,30173,2309,2026-08-01
P0044,APP Push,限时秒杀 免费麦辣鸡腿堡 仅剩83份,快来领取优惠券 新人立减5元 免费配送,18158,2609,2026-08-01
P0044,APP Push,限时秒杀 免费麦辣鸡腿堡 仅剩48份,快来领取优惠券 新人立减5元 免费配送,10499,3785,2026-08-01
P0044,APP Push,限时秒杀 免费麦辣鸡腿堡 仅剩50份,快来领取优惠券 新人立减5元 免费配送,43160,3764,2026-08-01
P0045,APP Push,限时秒杀 免费麦辣鸡腿堡 仅剩81份,快来领取优惠券 新人立减5元 免费配送,19700,4281,2026-08-01
P0045,短信,限时秒杀 免费麦辣鸡腿堡 仅剩99份,快来领取优惠券 新人立减5元 免费配送,28778,3935,2026-08-01
P0045,短信,限时秒杀 免费麦辣鸡腿堡 仅剩73份,快来领取优惠券 新人立减5元 免费配送,49732,4339,2026-08-01
P0045,APP Push,限时秒杀 免费麦辣鸡腿堡 仅剩21份,快来领取优惠券 新人立减5元 免费配送,1493,2285,2026-08-01
P0045,APP Push,限时秒杀 免费麦辣鸡腿堡 仅剩50份,快来领取优惠券 新人立减5元 免费配送,47396,2206,2026-08-01
P0045,APP Push,限时秒杀 免费麦辣鸡腿堡 仅剩63份,快来领取优惠券 新人立减5元 免费配送,31856,2268,2026-08-01
P0045,短信,限时秒杀 免费麦辣鸡腿堡 仅剩52份,快来领取优惠券 新人立减5元 免费配送,9697,4174,2026-08-01
P0045,企微1v1,限时秒杀 免费麦辣鸡腿堡 仅剩23份,快来领取优惠券 新人立减5元 免费配送,46480,227,2026-08-01
P0045,APP Push,限时秒杀 免费麦辣鸡腿堡 仅剩44份,快来领取优惠券 新人立减5元 免费配送,18151,995,2026-08-01
P0045,短信,限时秒杀 免费麦辣鸡腿堡 仅剩4份,快来领取优惠券 新人立减5元 免费配送,29578,2640,2026-08-01
P0045,企微1v1,限时秒杀 免费麦辣鸡腿堡 仅剩80份,快来领取优惠券 新人立减5元 免费配送,48223,1677,2026-08-01
P0045,企微1v1,限时秒杀 免费麦辣鸡腿堡 仅剩53份,快来领取优惠券 新人立减5元 免费配送,9356,1115,2026-08-01
P0045,APP Push,限时秒杀 免费麦辣鸡腿堡 仅剩46份,快来领取优惠券 新人立减5元 免费配送,48252,3969,2026-08-01
P0045,企微1v1,限时秒杀 免费麦辣鸡腿堡 仅剩23份,快来领取优惠券 新人立减5元 免费配送,46037,3000,2026-08-01
P0045,企微1v1,限时秒杀 免费麦辣鸡腿堡 仅剩56份,快来领取优惠券 新人立减5元 免费配送,27878,3087,2026-08-01
P0045,短信,限时秒杀 免费麦辣鸡腿堡 仅剩14份,快来领取优惠券 新人立减5元 免费配送,6753,4668,2026-08-01
P0045,企微1v1,限时秒杀 免费麦辣鸡腿堡 仅剩17份,快来领取优惠券 新人立减5元 免费配送,7295,227,2026-08-01
P0045,短信,限时秒杀 免费麦辣鸡腿堡 仅剩90份,快来领取优惠券 新人立减5元 免费配送,26313,4032,2026-08-01
P0045,APP Push,限时秒杀 免费麦辣鸡腿堡 仅剩51份,快来领取优惠券 新人立减5元 免费配送,42751,891,2026-08-01
P0045,企微1v1,限时秒杀 免费麦辣鸡腿堡 仅剩8份,快来领取优惠券 新人立减5元 免费配送,45257,2527,2026-08-01
P0046,短信,限时秒杀 免费麦辣鸡腿堡 仅剩22份,快来领取优惠券 新人立减5元 免费配送,20750,2381,2026-08-01
P0046,短信,限时秒杀 免费麦辣鸡腿堡 仅剩16份,快来领取优惠券 新人立减5元 免费配送,37562,2863,2026-08-01
P0046,APP Push,限时秒杀 免费麦辣鸡腿堡 仅剩19份,快来领取优惠券 新人立减5元 免费配送,1099,863,2026-08-01
P0046,企微1v1,限时秒杀 免费麦辣鸡腿堡 仅剩97份,快来领取优惠券 新人立减5元 免费配送,23133,3805,2026-08-01
P0046,APP Push,限时秒杀 免费麦辣鸡腿堡 仅剩32份,快来领取优惠券 新人立减5元 免费配送,25542,4781,2026-08-01
P0046,企微1v1,限时秒杀 免费麦辣鸡腿堡 仅剩34份,快来领取优惠券 新人立减5元 免费配送,36773,1502,2026-08-01
P0046,企微1v1,限时秒杀 免费麦辣鸡腿堡 仅剩52份,快来领取优惠券 新人立减5元 免费配送,1973,945,2026-08-01
P0046,APP Push,限时秒杀 免费麦辣鸡腿堡 仅剩14份,快来领取优惠券 新人立减5元 免费配送,22602,1801,2026-08-01
P0046,企微1v1,限时秒杀 免费麦辣鸡腿堡 仅剩70份,快来领取优惠券 新人立减5元 免费配送,8539,4204,2026-08-01
P0046,企微1v1,限时秒杀 免费麦辣鸡腿堡 仅剩12份,快来领取优惠券 新人立减5元 免费配送,7708,4562,2026-08-01
P0046,短信,限时秒杀 免费麦辣鸡腿堡 仅剩37份,快来领取优惠券 新人立减5元 免费配送,49528,599,2026-08-01
P0046,APP Push,限时秒杀 免费麦辣鸡腿堡 仅剩15份,快来领取优惠券 新人立减5元 免费配送,45827,1447,2026-08-01
P0046,企微1v1,限时秒杀 免费麦辣鸡腿堡 仅剩22份,快来领取优惠券 新人立减5元 免费配送,11860,3911,2026-08-01
P0046,企微1v1,限时秒杀 免费麦辣鸡腿堡 仅剩89份,快来领取优惠券 新人立减5元 免费配送,11997,3703,2026-08-01
P0046,短信,限时秒杀 免费麦辣鸡腿堡 仅剩74份,快来领取优惠券 新人立减5元 免费配送,2786,4693,2026-08-01
P0046,企微1v1,限时秒杀 免费麦辣鸡腿堡 仅剩3份,快来领取优惠券 新人立减5元 免费配送,9041,922,2026-08-01
P0046,企微1v1,限时秒杀 免费麦辣鸡腿堡 仅剩11份,快来领取优惠券 新人立减5元 免费配送,42309,3224,2026-08-01
P0046,APP Push,限时秒杀 免费麦辣鸡腿堡 仅剩33份,快来领取优惠券 新人立减5元 免费配送,48401,3244,2026-08-01
P0046,APP Push,限时秒杀 免费麦辣鸡腿堡 仅剩60份,快来领取优惠券 新人立减5元 免费配送,43279,4970,2026-08-01
P0046,短信,限时秒杀 免费麦辣鸡腿堡 仅剩72份,快来领取优惠券 新人立减5元 免费配送,25118,1628,2026-08-01
P0047,企微1v1,限时秒杀 免费麦辣鸡腿堡 仅剩82份,快来领取优惠券 新人立减5元 免费配送,1548,4925,2026-08-01
P0047,企微1v1,限时秒杀 免费麦辣鸡腿堡 仅剩78份,快来领取优惠券 新人立减5元 免费配送,16316,2420,2026-08-01
P0047,企微1v1,限时秒杀 免费麦辣鸡腿堡 仅剩66份,快来领取优惠券 新人立减5元 免费配送,21567,3974,2026-08-01
P0047,短信,限时秒杀 免费麦辣鸡腿堡 仅剩98份,快来领取优惠券 新人立减5元 免费配送,49332,3930,2026-08-01
P0047,短信,限时秒杀 免费麦辣鸡腿堡 仅剩92份,快来领取优惠券 新人立减5元 免费配送,17598,2922,2026-08-01
P0047,企微1v1,限时秒杀 免费麦辣鸡腿堡 仅剩21份,快来领取优惠券 新人立减5元 免费配送,13222,1920,2026-08-01
P0047,企微1v1,限时秒杀 免费麦辣鸡腿堡 仅剩42份,快来领取优惠券 新人立减5元 免费配送,43118,290,2026-08-01
P0047,企微1v1,限时秒杀 免费麦辣鸡腿堡 仅剩61份,快来领取优惠券 新人立减5元 免费配送,41756,2445,2026-08-01
P0047,短信,限时秒杀 免费麦辣鸡腿堡 仅剩32份,快来领取优惠券 新人立减5元 免费配送,2377,934,2026-08-01
P0047,企微1v1,限时秒杀 免费麦辣鸡腿堡 仅剩94份,快来领取优惠券 新人立减5元 免费配送,34918,1592,2026-08-01
P0047,APP Push,限时秒杀 免费麦辣鸡腿堡 仅剩50份,快来领取优惠券 新人立减5元 免费配送,46876,2817,2026-08-01
P0047,短信,限时秒杀 免费麦辣鸡腿堡 仅剩18份,快来领取优惠券 新人立减5元 免费配送,3157,4126,2026-08-01
P0047,企微1v1,限时秒杀 免费麦辣鸡腿堡 仅剩60份,快来领取优惠券 新人立减5元 免费配送,29892,3112,2026-08-01
P0047,APP Push,限时秒杀 免费麦辣鸡腿堡 仅剩26份,快来领取优惠券 新人立减5元 免费配送,38165,1771,2026-08-01
P0047,APP Push,限时秒杀 免费麦辣鸡腿堡 仅剩63份,快来领取优惠券 新人立减5元 免费配送,9619,818,2026-08-01
P0047,短信,限时秒杀 免费麦辣鸡腿堡 仅剩67份,快来领取优惠券 新人立减5元 免费配送,46448,4637,2026-08-01
P0047,企微1v1,限时秒杀 免费麦辣鸡腿堡 仅剩79份,快来领取优惠券 新人立减5元 免费配送,19280,1802,2026-08-01
P0047,APP Push,限时秒杀 免费麦辣鸡腿堡 仅剩55份,快来领取优惠券 新人立减5元 免费配送,2495,4560,2026-08-01
P0047,企微1v1,限时秒杀 免费麦辣鸡腿堡 仅剩92份,快来领取优惠券 新人立减5元 免费配送,49739,2907,2026-08-01
P0047,短信,限时秒杀 免费麦辣鸡腿堡 仅剩1份,快来领取优惠券 新人立减5元 免费配送,13955,2517,2026-08-01
P0048,企微1v1,限时秒杀 免费麦辣鸡腿堡 仅剩58份,快来领取优惠券 新人立减5元 免费配送,47134,4309,2026-08-01
P0048,短信,限时秒杀 免费麦辣鸡腿堡 仅剩37份,快来领取优惠券 新人立减5元 免费配送,5207,418,2026-08-01
P0048,APP Push,限时秒杀 免费麦辣鸡腿堡 仅剩45份,快来领取优惠券 新人立减5元 免费配送,25832,3479,2026-08-01
P0048,企微1v1,限时秒杀 免费麦辣鸡腿堡 仅剩83份,快来领取优惠券 新人立减5元 免费配送,46584,2002,2026-08-01
P0048,企微1v1,限时秒杀 免费麦辣鸡腿堡 仅剩63份,快来领取优惠券 新人立减5元 免费配送,27249,4636,2026-08-01
P0048,APP Push,限时秒杀 免费麦辣鸡腿堡 仅剩81份,快来领取优惠券 新人立减5元 免费配送,29503,2463,2026-08-01
P0048,短信,限时秒杀 免费麦辣鸡腿堡 仅剩63份,快来领取优惠券 新人立减5元 免费配送,11093,3369,2026-08-01
P0048,短信,限时秒杀 免费麦辣鸡腿堡 仅剩56份,快来领取优惠券 新人立减5元 免费配送,26879,4902,2026-08-01
P0048,短信,限时秒杀 免费麦辣鸡腿堡 仅剩77份,快来领取优惠券 新人立减5元 免费配送,20790,3947,2026-08-01
P0048,短信,限时秒杀 免费麦辣鸡腿堡 仅剩48份,快来领取优惠券 新人立减5元 免费配送,20926,3530,2026-08-01
P0048,短信,限时秒杀 免费麦辣鸡腿堡 仅剩83份,快来领取优惠券 新人立减5元 免费配送,12136,2939,2026-08-01
P0048,APP Push,限时秒杀 免费麦辣鸡腿堡 仅剩55份,快来领取优惠券 新人立减5元 免费配送,29780,3711,2026-08-01
P0048,企微1v1,限时秒杀 免费麦辣鸡腿堡 仅剩9份,快来领取优惠券 新人立减5元 免费配送,45676,1957,2026-08-01
P0048,企微1v1,限时秒杀 免费麦辣鸡腿堡 仅剩30份,快来领取优惠券 新人立减5元 免费配送,25689,296,2026-08-01
P0048,短信,限时秒杀 免费麦辣鸡腿堡 仅剩44份,快来领取优惠券 新人立减5元 免费配送,11223,1599,2026-08-01
P0048,企微1v1,限时秒杀 免费麦辣鸡腿堡 仅剩9份,快来领取优惠券 新人立减5元 免费配送,7526,1551,2026-08-01
P0048,短信,限时秒杀 免费麦辣鸡腿堡 仅剩5份,快来领取优惠券 新人立减5元 免费配送,15996,1566,2026-08-01
P0048,APP Push,限时秒杀 免费麦辣鸡腿堡 仅剩84份,快来领取优惠券 新人立减5元 免费配送,35091,3682,2026-08-01
P0048,短信,限时秒杀 免费麦辣鸡腿堡 仅剩56份,快来领取优惠券 新人立减5元 免费配送,12764,2471,2026-08-01
P0048,企微1v1,限时秒杀 免费麦辣鸡腿堡 仅剩57份,快来领取优惠券 新人立减5元 免费配送,21415,4452,2026-08-01
P0049,APP Push,限时秒杀 免费麦辣鸡腿堡 仅剩21份,快来领取优惠券 新人立减5元 免费配送,32380,1393,2026-08-01
P0049,APP Push,限时秒杀 免费麦辣鸡腿堡 仅剩85份,快来领取优惠券 新人立减5元 免费配送,8649,3979,2026-08-01
P0049,短信,限时秒杀 免费麦辣鸡腿堡 仅剩37份,快来领取优惠券 新人立减5元 免费配送,49084,2600,2026-08-01
P0049,企微1v1,限时秒杀 免费麦辣鸡腿堡 仅剩51份,快来领取优惠券 新人立减5元 免费配送,3117,4900,2026-08-01
P0049,企微1v1,限时秒杀 免费麦辣鸡腿堡 仅剩43份,快来领取优惠券 新人立减5元 免费配送,31232,655,2026-08-01
P0049,APP Push,限时秒杀 免费麦辣鸡腿堡 仅剩98份,快来领取优惠券 新人立减5元 免费配送,43652,2506,2026-08-01
P0049,APP Push,限时秒杀 免费麦辣鸡腿堡 仅剩59份,快来领取优惠券 新人立减5元 免费配送,42523,2634,2026-08-01
P0049,短信,限时秒杀 免费麦辣鸡腿堡 仅剩27份,快来领取优惠券 新人立减5元 免费配送,25747,657,2026-08-01
P0049,企微1v1,限时秒杀 免费麦辣鸡腿堡 仅剩6份,快来领取优惠券 新人立减5元 免费配送,3795,849,2026-08-01
P0049,企微1v1,限时秒杀 免费麦辣鸡腿堡 仅剩1份,快来领取优惠券 新人立减5元 免费配送,20306,2629,2026-08-01
P0049,APP Push,限时秒杀 免费麦辣鸡腿堡 仅剩1份,快来领取优惠券 新人立减5元 免费配送,3168,453,2026-08-01
P0049,APP Push,限时秒杀 免费麦辣鸡腿堡 仅剩77份,快来领取优惠券 新人立减5元 免费配送,12091,3948,2026-08-01
P0049,短信,限时秒杀 免费麦辣鸡腿堡 仅剩11份,快来领取优惠券 新人立减5元 免费配送,39371,1240,2026-08-01
P0049,APP Push,限时秒杀 免费麦辣鸡腿堡 仅剩96份,快来领取优惠券 新人立减5元 免费配送,37746,1205,2026-08-01
P0049,APP Push,限时秒杀 免费麦辣鸡腿堡 仅剩10份,快来领取优惠券 新人立减5元 免费配送,47464,635,2026-08-01
P0049,短信,限时秒杀 免费麦辣鸡腿堡 仅剩85份,快来领取优惠券 新人立减5元 免费配送,8589,1752,2026-08-01
P0049,APP Push,限时秒杀 免费麦辣鸡腿堡 仅剩63份,快来领取优惠券 新人立减5元 免费配送,29366,757,2026-08-01
P0049,APP Push,限时秒杀 免费麦辣鸡腿堡 仅剩61份,快来领取优惠券 新人立减5元 免费配送,48030,3751,2026-08-01
P0049,短信,限时秒杀 免费麦辣鸡腿堡 仅剩94份,快来领取优惠券 新人立减5元 免费配送,12013,4522,2026-08-01
P0049,APP Push,限时秒杀 免费麦辣鸡腿堡 仅剩18份,快来领取优惠券 新人立减5元 免费配送,25412,3558,2026-08-01
P0050,短信,限时秒杀 免费麦辣鸡腿堡 仅剩17份,快来领取优惠券 新人立减5元 免费配送,6291,4249,2026-08-01
P0050,APP Push,限时秒杀 免费麦辣鸡腿堡 仅剩94份,快来领取优惠券 新人立减5元 免费配送,37244,2132,2026-08-01
P0050,APP Push,限时秒杀 免费麦辣鸡腿堡 仅剩94份,快来领取优惠券 新人立减5元 免费配送,25781,3145,2026-08-01
P0050,短信,限时秒杀 免费麦辣鸡腿堡 仅剩42份,快来领取优惠券 新人立减5元 免费配送,37811,4784,2026-08-01
P0050,短信,限时秒杀 免费麦辣鸡腿堡 仅剩51份,快来领取优惠券 新人立减5元 免费配送,21100,2083,2026-08-01
P0050,短信,限时秒杀 免费麦辣鸡腿堡 仅剩89份,快来领取优惠券 新人立减5元 免费配送,6999,1349,2026-08-01
P0050,短信,限时秒杀 免费麦辣鸡腿堡 仅剩52份,快来领取优惠券 新人立减5元 免费配送,24878,2423,2026-08-01
P0050,企微1v1,限时秒杀 免费麦辣鸡腿堡 仅剩65份,快来领取优惠券 新人立减5元 免费配送,25487,271,2026-08-01
P0050,APP Push,限时秒杀 免费麦辣鸡腿堡 仅剩1份,快来领取优惠券 新人立减5元 免费配送,10379,2211,2026-08-01
P0050,短信,限时秒杀 免费麦辣鸡腿堡 仅剩88份,快来领取优惠券 新人立减5元 免费配送,46402,1816,2026-08-01
P0050,短信,限时秒杀 免费麦辣鸡腿堡 仅剩18份,快来领取优惠券 新人立减5元 免费配送,13203,1048,2026-08-01
P0050,企微1v1,限时秒杀 免费麦辣鸡腿堡 仅剩95份,快来领取优惠券 新人立减5元 免费配送,32713,1130,2026-08-01
P0050,企微1v1,限时秒杀 免费麦辣鸡腿堡 仅剩34份,快来领取优惠券 新人立减5元 免费配送,10099,434,2026-08-01
P0050,APP Push,限时秒杀 免费麦辣鸡腿堡 仅剩85份,快来领取优惠券 新人立减5元 免费配送,24022,2750,2026-08-01
P0050,APP Push,限时秒杀 免费麦辣鸡腿堡 仅剩81份,快来领取优惠券 新人立减5元 免费配送,7230,4209,2026-08-01
P0050,企微1v1,限时秒杀 免费麦辣鸡腿堡 仅剩19份,快来领取优惠券 新人立减5元 免费配送,42437,2158,2026-08-01
P0050,企微1v1,限时秒杀 免费麦辣鸡腿堡 仅剩25份,快来领取优惠券 新人立减5元 免费配送,42601,1048,2026-08-01
P0050,短信,限时秒杀 免费麦辣鸡腿堡 仅剩86份,快来领取优惠券 新人立减5元 免费配送,46245,2090,2026-08-01
P0050,企微1v1,限时秒杀 免费麦辣鸡腿堡 仅剩52份,快来领取优惠券 新人立减5元 免费配送,7759,2351,2026-08-01
P0050,企微1v1,限时秒杀 免费麦辣鸡腿堡 仅剩72份,快来领取优惠券 新人立减5元 免费配送,24390,362,2026-08-01
P0051,短信,限时秒杀 免费麦辣鸡腿堡 仅剩43份,快来领取优惠券 新人立减5元 免费配送,16176,3328,2026-08-01
P0051,APP Push,限时秒杀 免费麦辣鸡腿堡 仅剩97份,快来领取优惠券 新人立减5元 免费配送,28599,4499,2026-08-01
P0051,企微1v1,限时秒杀 免费麦辣鸡腿堡 仅剩21份,快来领取优惠券 新人立减5元 免费配送,18166,482,2026-08-01
P0051,短信,限时秒杀 免费麦辣鸡腿堡 仅剩35份,快来领取优惠券 新人立减5元 免费配送,48361,751,2026-08-01
P0051,企微1v1,限时秒杀 免费麦辣鸡腿堡 仅剩84份,快来领取优惠券 新人立减5元 免费配送,28296,163,2026-08-01
P0051,短信,限时秒杀 免费麦辣鸡腿堡 仅剩35份,快来领取优惠券 新人立减5元 免费配送,15858,1568,2026-08-01
P0051,企微1v1,限时秒杀 免费麦辣鸡腿堡 仅剩48份,快来领取优惠券 新人立减5元 免费配送,35326,1029,2026-08-01
P0051,APP Push,限时秒杀 免费麦辣鸡腿堡 仅剩64份,快来领取优惠券 新人立减5元 免费配送,14057,4744,2026-08-01
P0051,短信,限时秒杀 免费麦辣鸡腿堡 仅剩76份,快来领取优惠券 新人立减5元 免费配送,5846,3442,2026-08-01
P0051,企微1v1,限时秒杀 免费麦辣鸡腿堡 仅剩89份,快来领取优惠券 新人立减5元 免费配送,45458,449,2026-08-01
P0051,企微1v1,限时秒杀 免费麦辣鸡腿堡 仅剩1份,快来领取优惠券 新人立减5元 免费配送,2968,1399,2026-08-01
P0051,企微1v1,限时秒杀 免费麦辣鸡腿堡 仅剩23份,快来领取优惠券 新人立减5元 免费配送,27511,2018,2026-08-01
P0051,短信,限时秒杀 免费麦辣鸡腿堡 仅剩71份,快来领取优惠券 新人立减5元 免费配送,13971,358,2026-08-01
P0051,短信,限时秒杀 免费麦辣鸡腿堡 仅剩70份,快来领取优惠券 新人立减5元 免费配送,13417,3818,2026-08-01
P0051,短信,限时秒杀 免费麦辣鸡腿堡 仅剩85份,快来领取优惠券 新人立减5元 免费配送,30467,4959,2026-08-01
P0051,短信,限时秒杀 免费麦辣鸡腿堡 仅剩43份,快来领取优惠券 新人立减5元 免费配送,23717,3091,2026-08-01
P0051,APP Push,限时秒杀 免费麦辣鸡腿堡 仅剩99份,快来领取优惠券 新人立减5元 免费配送,2094,3530,2026-08-01
P0051,企微1v1,限时秒杀 免费麦辣鸡腿堡 仅剩24份,快来领取优惠券 新人立减5元 免费配送,32450,1968,2026-08-01
P0051,短信,限时秒杀 免费麦辣鸡腿堡 仅剩88份,快来领取优惠券 新人立减5元 免费配送,49090,3254,2026-08-01
P0051,短信,限时秒杀 免费麦辣鸡腿堡 仅剩2份,快来领取优惠券 新人立减5元 免费配送,44706,1641,2026-08-01
P0052,短信,限时秒杀 免费麦辣鸡腿堡 仅剩96份,快来领取优惠券 新人立减5元 免费配送,33396,3486,2026-08-01
P0052,企微1v1,限时秒杀 免费麦辣鸡腿堡 仅剩21份,快来领取优惠券 新人立减5元 免费配送,11082,3613,2026-08-01
P0052,企微1v1,限时秒杀 免费麦辣鸡腿堡 仅剩57份,快来领取优惠券 新人立减5元 免费配送,49283,1858,2026-08-01
P0052,企微1v1,限时秒杀 免费麦辣鸡腿堡 仅剩9份,快来领取优惠券 新人立减5元 免费配送,46944,1396,2026-08-01
P0052,短信,限时秒杀 免费麦辣鸡腿堡 仅剩1份,快来领取优惠券 新人立减5元 免费配送,20713,1612,2026-08-01
P0052,APP Push,限时秒杀 免费麦辣鸡腿堡 仅剩20份,快来领取优惠券 新人立减5元 免费配送,17403,1544,2026-08-01
P0052,企微1v1,限时秒杀 免费麦辣鸡腿堡 仅剩33份,快来领取优惠券 新人立减5元 免费配送,35184,3550,2026-08-01
P0052,企微1v1,限时秒杀 免费麦辣鸡腿堡 仅剩69份,快来领取优惠券 新人立减5元 免费配送,48729,3576,2026-08-01
P0052,企微1v1,限时秒杀 免费麦辣鸡腿堡 仅剩60份,快来领取优惠券 新人立减5元 免费配送,8862,2154,2026-08-01
P0052,短信,限时秒杀 免费麦辣鸡腿堡 仅剩41份,快来领取优惠券 新人立减5元 免费配送,17843,2168,2026-08-01
P0052,短信,限时秒杀 免费麦辣鸡腿堡 仅剩37份,快来领取优惠券 新人立减5元 免费配送,25603,4309,2026-08-01
P0052,APP Push,限时秒杀 免费麦辣鸡腿堡 仅剩64份,快来领取优惠券 新人立减5元 免费配送,43346,4308,2026-08-01
P0052,短信,限时秒杀 免费麦辣鸡腿堡 仅剩26份,快来领取优惠券 新人立减5元 免费配送,28648,2330,2026-08-01
P0052,短信,限时秒杀 免费麦辣鸡腿堡 仅剩84份,快来领取优惠券 新人立减5元 免费配送,27651,396,2026-08-01
P0052,APP Push,限时秒杀 免费麦辣鸡腿堡 仅剩54份,快来领取优惠券 新人立减5元 免费配送,37408,801,2026-08-01
P0052,企微1v1,限时秒杀 免费麦辣鸡腿堡 仅剩92份,快来领取优惠券 新人立减5元 免费配送,2667,340,2026-08-01
P0052,企微1v1,限时秒杀 免费麦辣鸡腿堡 仅剩87份,快来领取优惠券 新人立减5元 免费配送,26560,4470,2026-08-01
P0052,企微1v1,限时秒杀 免费麦辣鸡腿堡 仅剩71份,快来领取优惠券 新人立减5元 免费配送,31916,4391,2026-08-01
P0052,企微1v1,限时秒杀 免费麦辣鸡腿堡 仅剩72份,快来领取优惠券 新人立减5元 免费配送,49764,3990,2026-08-01
P0052,短信,限时秒杀 免费麦辣鸡腿堡 仅剩24份,快来领取优惠券 新人立减5元 免费配送,39478,304,2026-08-01
P0053,短信,限时秒杀 免费麦辣鸡腿堡 仅剩46份,快来领取优惠券 新人立减5元 免费配送,14778,2622,2026-08-01
P0053,企微1v1,限时秒杀 免费麦辣鸡腿堡 仅剩9份,快来领取优惠券 新人立减5元 免费配送,15365,897,2026-08-01
P0053,APP Push,限时秒杀 免费麦辣鸡腿堡 仅剩78份,快来领取优惠券 新人立减5元 免费配送,30698,1154,2026-08-01
P0053,企微1v1,限时秒杀 免费麦辣鸡腿堡 仅剩41份,快来领取优惠券 新人立减5元 免费配送,29850,1365,2026-08-01
P0053,企微1v1,限时秒杀 免费麦辣鸡腿堡 仅剩33份,快来领取优惠券 新人立减5元 免费配送,33194,2894,2026-08-01
P0053,短信,限时秒杀 免费麦辣鸡腿堡 仅剩68份,快来领取优惠券 新人立减5元 免费配送,48407,1935,2026-08-01
P0053,APP Push,限时秒杀 免费麦辣鸡腿堡 仅剩47份,快来领取优惠券 新人立减5元 免费配送,34468,2261,2026-08-01
P0053,企微1v1,限时秒杀 免费麦辣鸡腿堡 仅剩69份,快来领取优惠券 新人立减5元 免费配送,43608,4975,2026-08-01
P0053,APP Push,限时秒杀 免费麦辣鸡腿堡 仅剩40份,快来领取优惠券 新人立减5元 免费配送,9502,4228,2026-08-01
P0053,APP Push,限时秒杀 免费麦辣鸡腿堡 仅剩19份,快来领取优惠券 新人立减5元 免费配送,5184,2884,2026-08-01
P0053,APP Push,限时秒杀 免费麦辣鸡腿堡 仅剩6份,快来领取优惠券 新人立减5元 免费配送,2768,4111,2026-08-01
P0053,企微1v1,限时秒杀 免费麦辣鸡腿堡 仅剩10份,快来领取优惠券 新人立减5元 免费配送,38595,4388,2026-08-01
P0053,APP Push,限时秒杀 免费麦辣鸡腿堡 仅剩18份,快来领取优惠券 新人立减5元 免费配送,42213,3921,2026-08-01
P0053,短信,限时秒杀 免费麦辣鸡腿堡 仅剩18份,快来领取优惠券 新人立减5元 免费配送,37906,2215,2026-08-01
P0053,APP Push,限时秒杀 免费麦辣鸡腿堡 仅剩39份,快来领取优惠券 新人立减5元 免费配送,24379,1169,2026-08-01
P0053,企微1v1,限时秒杀 免费麦辣鸡腿堡 仅剩48份,快来领取优惠券 新人立减5元 免费配送,3802,2802,2026-08-01
P0053,APP Push,限时秒杀 免费麦辣鸡腿堡 仅剩13份,快来领取优惠券 新人立减5元 免费配送,41910,1001,2026-08-01
P0053,企微1v1,限时秒杀 免费麦辣鸡腿堡 仅剩85份,快来领取优惠券 新人立减5元 免费配送,21207,4852,2026-08-01
P0053,企微1v1,限时秒杀 免费麦辣鸡腿堡 仅剩24份,快来领取优惠券 新人立减5元 免费配送,1465,3991,2026-08-01
P0053,企微1v1,限时秒杀 免费麦辣鸡腿堡 仅剩52份,快来领取优惠券 新人立减5元 免费配送,42475,1852,2026-08-01
P0054,APP Push,限时秒杀 免费麦辣鸡腿堡 仅剩54份,快来领取优惠券 新人立减5元 免费配送,18485,4083,2026-08-01
P0054,企微1v1,限时秒杀 免费麦辣鸡腿堡 仅剩86份,快来领取优惠券 新人立减5元 免费配送,33296,3186,2026-08-01
P0054,APP Push,限时秒杀 免费麦辣鸡腿堡 仅剩55份,快来领取优惠券 新人立减5元 免费配送,14479,3574,2026-08-01
P0054,短信,限时秒杀 免费麦辣鸡腿堡 仅剩99份,快来领取优惠券 新人立减5元 免费配送,13587,2292,2026-08-01
P0054,APP Push,限时秒杀 免费麦辣鸡腿堡 仅剩18份,快来领取优惠券 新人立减5元 免费配送,31473,2736,2026-08-01
P0054,企微1v1,限时秒杀 免费麦辣鸡腿堡 仅剩38份,快来领取优惠券 新人立减5元 免费配送,30482,2914,2026-08-01
P0054,APP Push,限时秒杀 免费麦辣鸡腿堡 仅剩21份,快来领取优惠券 新人立减5元 免费配送,31222,1144,2026-08-01
P0054,短信,限时秒杀 免费麦辣鸡腿堡 仅剩44份,快来领取优惠券 新人立减5元 免费配送,15358,4173,2026-08-01
P0054,APP Push,限时秒杀 免费麦辣鸡腿堡 仅剩13份,快来领取优惠券 新人立减5元 免费配送,36172,4902,2026-08-01
P0054,短信,限时秒杀 免费麦辣鸡腿堡 仅剩57份,快来领取优惠券 新人立减5元 免费配送,48786,2705,2026-08-01
P0054,APP Push,限时秒杀 免费麦辣鸡腿堡 仅剩12份,快来领取优惠券 新人立减5元 免费配送,44315,2689,2026-08-01
P0054,APP Push,限时秒杀 免费麦辣鸡腿堡 仅剩35份,快来领取优惠券 新人立减5元 免费配送,24347,1055,2026-08-01
P0054,APP Push,限时秒杀 免费麦辣鸡腿堡 仅剩49份,快来领取优惠券 新人立减5元 免费配送,22106,2784,2026-08-01
P0054,企微1v1,限时秒杀 免费麦辣鸡腿堡 仅剩43份,快来领取优惠券 新人立减5元 免费配送,1098,1650,2026-08-01
P0054,短信,限时秒杀 免费麦辣鸡腿堡 仅剩84份,快来领取优惠券 新人立减5元 免费配送,20819,1628,2026-08-01
P0054,APP Push,限时秒杀 免费麦辣鸡腿堡 仅剩72份,快来领取优惠券 新人立减5元 免费配送,11422,3993,2026-08-01
P0054,APP Push,限时秒杀 免费麦辣鸡腿堡 仅剩11份,快来领取优惠券 新人立减5元 免费配送,47727,4389,2026-08-01
P0054,企微1v1,限时秒杀 免费麦辣鸡腿堡 仅剩91份,快来领取优惠券 新人立减5元 免费配送,7931,517,2026-08-01
P0054,企微1v1,限时秒杀 免费麦辣鸡腿堡 仅剩96份,快来领取优惠券 新人立减5元 免费配送,6849,3303,2026-08-01
P0054,企微1v1,限时秒杀 免费麦辣鸡腿堡 仅剩63份,快来领取优惠券 新人立减5元 免费配送,44462,1253,2026-08-01
P0055,短信,限时秒杀 免费麦辣鸡腿堡 仅剩19份,快来领取优惠券 新人立减5元 免费配送,4781,1026,2026-08-01
P0055,APP Push,限时秒杀 免费麦辣鸡腿堡 仅剩81份,快来领取优惠券 新人立减5元 免费配送,8847,3410,2026-08-01
P0055,短信,限时秒杀 免费麦辣鸡腿堡 仅剩13份,快来领取优惠券 新人立减5元 免费配送,19436,770,2026-08-01
P0055,短信,限时秒杀 免费麦辣鸡腿堡 仅剩75份,快来领取优惠券 新人立减5元 免费配送,7531,1876,2026-08-01
P0055,短信,限时秒杀 免费麦辣鸡腿堡 仅剩39份,快来领取优惠券 新人立减5元 免费配送,27408,1509,2026-08-01
P0055,短信,限时秒杀 免费麦辣鸡腿堡 仅剩58份,快来领取优惠券 新人立减5元 免费配送,47049,2285,2026-08-01
P0055,企微1v1,限时秒杀 免费麦辣鸡腿堡 仅剩81份,快来领取优惠券 新人立减5元 免费配送,12441,3406,2026-08-01
P0055,企微1v1,限时秒杀 免费麦辣鸡腿堡 仅剩23份,快来领取优惠券 新人立减5元 免费配送,11606,801,2026-08-01
P0055,APP Push,限时秒杀 免费麦辣鸡腿堡 仅剩82份,快来领取优惠券 新人立减5元 免费配送,35086,3029,2026-08-01
P0055,短信,限时秒杀 免费麦辣鸡腿堡 仅剩95份,快来领取优惠券 新人立减5元 免费配送,30874,843,2026-08-01
P0055,企微1v1,限时秒杀 免费麦辣鸡腿堡 仅剩67份,快来领取优惠券 新人立减5元 免费配送,28809,2576,2026-08-01
P0055,企微1v1,限时秒杀 免费麦辣鸡腿堡 仅剩8份,快来领取优惠券 新人立减5元 免费配送,10176,2960,2026-08-01
P0055,APP Push,限时秒杀 免费麦辣鸡腿堡 仅剩64份,快来领取优惠券 新人立减5元 免费配送,15822,1993,2026-08-01
P0055,APP Push,限时秒杀 免费麦辣鸡腿堡 仅剩17份,快来领取优惠券 新人立减5元 免费配送,29834,3657,2026-08-01
P0055,APP Push,限时秒杀 免费麦辣鸡腿堡 仅剩47份,快来领取优惠券 新人立减5元 免费配送,15725,1091,2026-08-01
P0055,企微1v1,限时秒杀 免费麦辣鸡腿堡 仅剩18份,快来领取优惠券 新人立减5元 免费配送,14063,2040,2026-08-01
P0055,短信,限时秒杀 免费麦辣鸡腿堡 仅剩71份,快来领取优惠券 新人立减5元 免费配送,21608,4167,2026-08-01
P0055,企微1v1,限时秒杀 免费麦辣鸡腿堡 仅剩76份,快来领取优惠券 新人立减5元 免费配送,42778,4041,2026-08-01
P0055,短信,限时秒杀 免费麦辣鸡腿堡 仅剩85份,快来领取优惠券 新人立减5元 免费配送,18691,2524,2026-08-01
P0055,APP Push,限时秒杀 免费麦辣鸡腿堡 仅剩80份,快来领取优惠券 新人立减5元 免费配送,45851,1576,2026-08-01
P0056,企微1v1,限时秒杀 免费麦辣鸡腿堡 仅剩26份,快来领取优惠券 新人立减5元 免费配送,33799,4592,2026-08-01
P0056,短信,限时秒杀 免费麦辣鸡腿堡 仅剩15份,快来领取优惠券 新人立减5元 免费配送,21432,3702,2026-08-01
P0056,APP Push,限时秒杀 免费麦辣鸡腿堡 仅剩15份,快来领取优惠券 新人立减5元 免费配送,4181,3829,2026-08-01
P0056,短信,限时秒杀 免费麦辣鸡腿堡 仅剩68份,快来领取优惠券 新人立减5元 免费配送,37796,4710,2026-08-01
P0056,短信,限时秒杀 免费麦辣鸡腿堡 仅剩95份,快来领取优惠券 新人立减5元 免费配送,44185,3178,2026-08-01
P0056,企微1v1,限时秒杀 免费麦辣鸡腿堡 仅剩41份,快来领取优惠券 新人立减5元 免费配送,40859,2867,2026-08-01
P0056,APP Push,限时秒杀 免费麦辣鸡腿堡 仅剩43份,快来领取优惠券 新人立减5元 免费配送,33399,1286,2026-08-01
P0056,短信,限时秒杀 免费麦辣鸡腿堡 仅剩93份,快来领取优惠券 新人立减5元 免费配送,49344,313,2026-08-01
P0056,短信,限时秒杀 免费麦辣鸡腿堡 仅剩62份,快来领取优惠券 新人立减5元 免费配送,10162,111,2026-08-01
P0056,APP Push,限时秒杀 免费麦辣鸡腿堡 仅剩72份,快来领取优惠券 新人立减5元 免费配送,2227,1233,2026-08-01
P0056,APP Push,限时秒杀 免费麦辣鸡腿堡 仅剩8份,快来领取优惠券 新人立减5元 免费配送,22045,2654,2026-08-01
P0056,短信,限时秒杀 免费麦辣鸡腿堡 仅剩25份,快来领取优惠券 新人立减5元 免费配送,5109,492,2026-08-01
P0056,APP Push,限时秒杀 免费麦辣鸡腿堡 仅剩94份,快来领取优惠券 新人立减5元 免费配送,12622,3047,2026-08-01
P0056,企微1v1,限时秒杀 免费麦辣鸡腿堡 仅剩84份,快来领取优惠券 新人立减5元 免费配送,35744,3115,2026-08-01
P0056,企微1v1,限时秒杀 免费麦辣鸡腿堡 仅剩27份,快来领取优惠券 新人立减5元 免费配送,26699,424,2026-08-01
P0056,短信,限时秒杀 免费麦辣鸡腿堡 仅剩95份,快来领取优惠券 新人立减5元 免费配送,15612,4760,2026-08-01
P0056,APP Push,限时秒杀 免费麦辣鸡腿堡 仅剩58份,快来领取优惠券 新人立减5元 免费配送,49359,188,2026-08-01
P0056,企微1v1,限时秒杀 免费麦辣鸡腿堡 仅剩20份,快来领取优惠券 新人立减5元 免费配送,14183,619,2026-08-01
P0056,短信,限时秒杀 免费麦辣鸡腿堡 仅剩82份,快来领取优惠券 新人立减5元 免费配送,9474,2692,2026-08-01
P0056,企微1v1,限时秒杀 免费麦辣鸡腿堡 仅剩38份,快来领取优惠券 新人立减5元 免费配送,30648,2903,2026-08-01
P0057,短信,限时秒杀 免费麦辣鸡腿堡 仅剩53份,快来领取优惠券 新人立减5元 免费配送,33188,2800,2026-08-01
P0057,企微1v1,限时秒杀 免费麦辣鸡腿堡 仅剩67份,快来领取优惠券 新人立减5元 免费配送,20946,3734,2026-08-01
P0057,短信,限时秒杀 免费麦辣鸡腿堡 仅剩43份,快来领取优惠券 新人立减5元 免费配送,27302,2847,2026-08-01
P0057,企微1v1,限时秒杀 免费麦辣鸡腿堡 仅剩97份,快来领取优惠券 新人立减5元 免费配送,19370,216,2026-08-01
P0057,APP Push,限时秒杀 免费麦辣鸡腿堡 仅剩92份,快来领取优惠券 新人立减5元 免费配送,31600,2547,2026-08-01
P0057,企微1v1,限时秒杀 免费麦辣鸡腿堡 仅剩55份,快来领取优惠券 新人立减5元 免费配送,49453,1163,2026-08-01
P0057,APP Push,限时秒杀 免费麦辣鸡腿堡 仅剩62份,快来领取优惠券 新人立减5元 免费配送,13475,1499,2026-08-01
P0057,短信,限时秒杀 免费麦辣鸡腿堡 仅剩25份,快来领取优惠券 新人立减5元 免费配送,6107,2317,2026-08-01
P0057,短信,限时秒杀 免费麦辣鸡腿堡 仅剩65份,快来领取优惠券 新人立减5元 免费配送,11735,4910,2026-08-01
P0057,APP Push,限时秒杀 免费麦辣鸡腿堡 仅剩85份,快来领取优惠券 新人立减5元 免费配送,32782,1094,2026-08-01
P0057,企微1v1,限时秒杀 免费麦辣鸡腿堡 仅剩32份,快来领取优惠券 新人立减5元 免费配送,29444,1604,2026-08-01
P0057,APP Push,限时秒杀 免费麦辣鸡腿堡 仅剩7份,快来领取优惠券 新人立减5元 免费配送,34808,413,2026-08-01
P0057,短信,限时秒杀 免费麦辣鸡腿堡 仅剩95份,快来领取优惠券 新人立减5元 免费配送,6889,873,2026-08-01
P0057,短信,限时秒杀 免费麦辣鸡腿堡 仅剩18份,快来领取优惠券 新人立减5元 免费配送,10643,4711,2026-08-01
P0057,APP Push,限时秒杀 免费麦辣鸡腿堡 仅剩83份,快来领取优惠券 新人立减5元 免费配送,24534,3099,2026-08-01
P0057,APP Push,限时秒杀 免费麦辣鸡腿堡 仅剩13份,快来领取优惠券 新人立减5元 免费配送,25685,4100,2026-08-01
P0057,APP Push,限时秒杀 免费麦辣鸡腿堡 仅剩43份,快来领取优惠券 新人立减5元 免费配送,38582,4378,2026-08-01
P0057,APP Push,限时秒杀 免费麦辣鸡腿堡 仅剩78份,快来领取优惠券 新人立减5元 免费配送,15665,4992,2026-08-01
P0057,短信,限时秒杀 免费麦辣鸡腿堡 仅剩57份,快来领取优惠券 新人立减5元 免费配送,40521,2450,2026-08-01
P0057,APP Push,限时秒杀 免费麦辣鸡腿堡 仅剩18份,快来领取优惠券 新人立减5元 免费配送,28418,882,2026-08-01
P0058,短信,限时秒杀 免费麦辣鸡腿堡 仅剩25份,快来领取优惠券 新人立减5元 免费配送,48007,1167,2026-08-01
P0058,APP Push,限时秒杀 免费麦辣鸡腿堡 仅剩89份,快来领取优惠券 新人立减5元 免费配送,18413,2357,2026-08-01
P0058,短信,限时秒杀 免费麦辣鸡腿堡 仅剩42份,快来领取优惠券 新人立减5元 免费配送,12085,3750,2026-08-01
P0058,短信,限时秒杀 免费麦辣鸡腿堡 仅剩44份,快来领取优惠券 新人立减5元 免费配送,36798,919,2026-08-01
P0058,APP Push,限时秒杀 免费麦辣鸡腿堡 仅剩51份,快来领取优惠券 新人立减5元 免费配送,1754,610,2026-08-01
P0058,APP Push,限时秒杀 免费麦辣鸡腿堡 仅剩44份,快来领取优惠券 新人立减5元 免费配送,29521,2133,2026-08-01
P0058,企微1v1,限时秒杀 免费麦辣鸡腿堡 仅剩55份,快来领取优惠券 新人立减5元 免费配送,39613,1115,2026-08-01
P0058,企微1v1,限时秒杀 免费麦辣鸡腿堡 仅剩9份,快来领取优惠券 新人立减5元 免费配送,32569,4140,2026-08-01
P0058,企微1v1,限时秒杀 免费麦辣鸡腿堡 仅剩32份,快来领取优惠券 新人立减5元 免费配送,26140,583,2026-08-01
P0058,企微1v1,限时秒杀 免费麦辣鸡腿堡 仅剩43份,快来领取优惠券 新人立减5元 免费配送,12076,835,2026-08-01
P0058,短信,限时秒杀 免费麦辣鸡腿堡 仅剩36份,快来领取优惠券 新人立减5元 免费配送,31028,150,2026-08-01
P0058,短信,限时秒杀 免费麦辣鸡腿堡 仅剩81份,快来领取优惠券 新人立减5元 免费配送,11465,1257,2026-08-01
P0058,短信,限时秒杀 免费麦辣鸡腿堡 仅剩72份,快来领取优惠券 新人立减5元 免费配送,38182,2866,2026-08-01
P0058,短信,限时秒杀 免费麦辣鸡腿堡 仅剩96份,快来领取优惠券 新人立减5元 免费配送,30764,653,2026-08-01
P0058,企微1v1,限时秒杀 免费麦辣鸡腿堡 仅剩35份,快来领取优惠券 新人立减5元 免费配送,31685,2420,2026-08-01
P0058,APP Push,限时秒杀 免费麦辣鸡腿堡 仅剩52份,快来领取优惠券 新人立减5元 免费配送,2558,3832,2026-08-01
P0058,APP Push,限时秒杀 免费麦辣鸡腿堡 仅剩17份,快来领取优惠券 新人立减5元 免费配送,20698,2799,2026-08-01
P0058,企微1v1,限时秒杀 免费麦辣鸡腿堡 仅剩78份,快来领取优惠券 新人立减5元 免费配送,11194,4107,2026-08-01
P0058,企微1v1,限时秒杀 免费麦辣鸡腿堡 仅剩1份,快来领取优惠券 新人立减5元 免费配送,40912,2759,2026-08-01
P0058,APP Push,限时秒杀 免费麦辣鸡腿堡 仅剩54份,快来领取优惠券 新人立减5元 免费配送,2747,2547,2026-08-01
P0059,APP Push,限时秒杀 免费麦辣鸡腿堡 仅剩74份,快来领取优惠券 新人立减5元 免费配送,11267,741,2026-08-01
P0059,企微1v1,限时秒杀 免费麦辣鸡腿堡 仅剩97份,快来领取优惠券 新人立减5元 免费配送,34549,3809,2026-08-01
P0059,短信,限时秒杀 免费麦辣鸡腿堡 仅剩83份,快来领取优惠券 新人立减5元 免费配送,10087,3541,2026-08-01
P0059,企微1v1,限时秒杀 免费麦辣鸡腿堡 仅剩17份,快来领取优惠券 新人立减5元 免费配送,46342,4700,2026-08-01
P0059,企微1v1,限时秒杀 免费麦辣鸡腿堡 仅剩76份,快来领取优惠券 新人立减5元 免费配送,12044,775,2026-08-01
P0059,APP Push,限时秒杀 免费麦辣鸡腿堡 仅剩32份,快来领取优惠券 新人立减5元 免费配送,8363,1756,2026-08-01
P0059,企微1v1,限时秒杀 免费麦辣鸡腿堡 仅剩92份,快来领取优惠券 新人立减5元 免费配送,43880,1668,2026-08-01
P0059,APP Push,限时秒杀 免费麦辣鸡腿堡 仅剩49份,快来领取优惠券 新人立减5元 免费配送,22614,2265,2026-08-01
P0059,企微1v1,限时秒杀 免费麦辣鸡腿堡 仅剩76份,快来领取优惠券 新人立减5元 免费配送,17559,3728,2026-08-01
P0059,短信,限时秒杀 免费麦辣鸡腿堡 仅剩96份,快来领取优惠券 新人立减5元 免费配送,3515,2652,2026-08-01
P0059,企微1v1,限时秒杀 免费麦辣鸡腿堡 仅剩56份,快来领取优惠券 新人立减5元 免费配送,15603,3981,2026-08-01
P0059,APP Push,限时秒杀 免费麦辣鸡腿堡 仅剩67份,快来领取优惠券 新人立减5元 免费配送,40064,3340,2026-08-01
P0059,短信,限时秒杀 免费麦辣鸡腿堡 仅剩44份,快来领取优惠券 新人立减5元 免费配送,15049,4709,2026-08-01
P0059,企微1v1,限时秒杀 免费麦辣鸡腿堡 仅剩38份,快来领取优惠券 新人立减5元 免费配送,11665,1550,2026-08-01
P0059,短信,限时秒杀 免费麦辣鸡腿堡 仅剩92份,快来领取优惠券 新人立减5元 免费配送,19421,1735,2026-08-01
P0059,APP Push,限时秒杀 免费麦辣鸡腿堡 仅剩46份,快来领取优惠券 新人立减5元 免费配送,49235,3196,2026-08-01
P0059,APP Push,限时秒杀 免费麦辣鸡腿堡 仅剩39份,快来领取优惠券 新人立减5元 免费配送,17755,1473,2026-08-01
P0059,企微1v1,限时秒杀 免费麦辣鸡腿堡 仅剩4份,快来领取优惠券 新人立减5元 免费配送,44716,736,2026-08-01
P0059,APP Push,限时秒杀 免费麦辣鸡腿堡 仅剩50份,快来领取优惠券 新人立减5元 免费配送,27982,741,2026-08-01
P0059,APP Push,限时秒杀 免费麦辣鸡腿堡 仅剩87份,快来领取优惠券 新人立减5元 免费配送,38319,2147,2026-08-01
P0060,短信,限时秒杀 免费麦辣鸡腿堡 仅剩9份,快来领取优惠券 新人立减5元 免费配送,15151,2754,2026-08-01
P0060,短信,限时秒杀 免费麦辣鸡腿堡 仅剩58份,快来领取优惠券 新人立减5元 免费配送,37562,903,2026-08-01
P0060,APP Push,限时秒杀 免费麦辣鸡腿堡 仅剩21份,快来领取优惠券 新人立减5元 免费配送,40688,4919,2026-08-01
P0060,短信,限时秒杀 免费麦辣鸡腿堡 仅剩7份,快来领取优惠券 新人立减5元 免费配送,29698,2231,2026-08-01
P0060,APP Push,限时秒杀 免费麦辣鸡腿堡 仅剩69份,快来领取优惠券 新人立减5元 免费配送,4989,4143,2026-08-01
P0060,APP Push,限时秒杀 免费麦辣鸡腿堡 仅剩3份,快来领取优惠券 新人立减5元 免费配送,43519,499,2026-08-01
P0060,短信,限时秒杀 免费麦辣鸡腿堡 仅剩25份,快来领取优惠券 新人立减5元 免费配送,12228,4135,2026-08-01
P0060,短信,限时秒杀 免费麦辣鸡腿堡 仅剩26份,快来领取优惠券 新人立减5元 免费配送,35143,2483,2026-08-01
P0060,短信,限时秒杀 免费麦辣鸡腿堡 仅剩95份,快来领取优惠券 新人立减5元 免费配送,38218,817,2026-08-01
P0060,APP Push,限时秒杀 免费麦辣鸡腿堡 仅剩48份,快来领取优惠券 新人立减5元 免费配送,36741,106,2026-08-01
P0060,短信,限时秒杀 免费麦辣鸡腿堡 仅剩43份,快来领取优惠券 新人立减5元 免费配送,43963,2637,2026-08-01
P0060,短信,限时秒杀 免费麦辣鸡腿堡 仅剩29份,快来领取优惠券 新人立减5元 免费配送,39061,2588,2026-08-01
P0060,APP Push,限时秒杀 免费麦辣鸡腿堡 仅剩74份,快来领取优惠券 新人立减5元 免费配送,28040,3000,2026-08-01
P0060,APP Push,限时秒杀 免费麦辣鸡腿堡 仅剩43份,快来领取优惠券 新人立减5元 免费配送,19347,2934,2026-08-01
P0060,APP Push,限时秒杀 免费麦辣鸡腿堡 仅剩39份,快来领取优惠券 新人立减5元 免费配送,37967,1321,2026-08-01
P0060,企微1v1,限时秒杀 免费麦辣鸡腿堡 仅剩5份,快来领取优惠券 新人立减5元 免费配送,48399,218,2026-08-01
P0060,短信,限时秒杀 免费麦辣鸡腿堡 仅剩77份,快来领取优惠券 新人立减5元 免费配送,27245,169,2026-08-01
P0060,企微1v1,限时秒杀 免费麦辣鸡腿堡 仅剩30份,快来领取优惠券 新人立减5元 免费配送,29223,4771,2026-08-01
P0060,企微1v1,限时秒杀 免费麦辣鸡腿堡 仅剩38份,快来领取优惠券 新人立减5元 免费配送,1276,1537,2026-08-01
P0060,短信,限时秒杀 免费麦辣鸡腿堡 仅剩74份,快来领取优惠券 新人立减5元 免费配送,30773,4506,2026-08-01
P0061,APP Push,限时秒杀 免费麦辣鸡腿堡 仅剩83份,快来领取优惠券 新人立减5元 免费配送,1897,458,2026-08-01
P0061,APP Push,限时秒杀 免费麦辣鸡腿堡 仅剩17份,快来领取优惠券 新人立减5元 免费配送,26781,3242,2026-08-01
P0061,短信,限时秒杀 免费麦辣鸡腿堡 仅剩23份,快来领取优惠券 新人立减5元 免费配送,49103,1901,2026-08-01
P0061,短信,限时秒杀 免费麦辣鸡腿堡 仅剩71份,快来领取优惠券 新人立减5元 免费配送,8045,344,2026-08-01
P0061,APP Push,限时秒杀 免费麦辣鸡腿堡 仅剩51份,快来领取优惠券 新人立减5元 免费配送,27566,2418,2026-08-01
P0061,APP Push,限时秒杀 免费麦辣鸡腿堡 仅剩49份,快来领取优惠券 新人立减5元 免费配送,2723,2711,2026-08-01
P0061,短信,限时秒杀 免费麦辣鸡腿堡 仅剩54份,快来领取优惠券 新人立减5元 免费配送,34999,1746,2026-08-01
P0061,短信,限时秒杀 免费麦辣鸡腿堡 仅剩46份,快来领取优惠券 新人立减5元 免费配送,40049,2115,2026-08-01
P0061,短信,限时秒杀 免费麦辣鸡腿堡 仅剩5份,快来领取优惠券 新人立减5元 免费配送,28210,4134,2026-08-01
P0061,短信,限时秒杀 免费麦辣鸡腿堡 仅剩81份,快来领取优惠券 新人立减5元 免费配送,4125,1738,2026-08-01
P0061,企微1v1,限时秒杀 免费麦辣鸡腿堡 仅剩59份,快来领取优惠券 新人立减5元 免费配送,48706,1607,2026-08-01
P0061,短信,限时秒杀 免费麦辣鸡腿堡 仅剩26份,快来领取优惠券 新人立减5元 免费配送,14917,392,2026-08-01
P0061,APP Push,限时秒杀 免费麦辣鸡腿堡 仅剩16份,快来领取优惠券 新人立减5元 免费配送,20245,2750,2026-08-01
P0061,企微1v1,限时秒杀 免费麦辣鸡腿堡 仅剩94份,快来领取优惠券 新人立减5元 免费配送,20972,1278,2026-08-01
P0061,APP Push,限时秒杀 免费麦辣鸡腿堡 仅剩74份,快来领取优惠券 新人立减5元 免费配送,48223,3500,2026-08-01
P0061,企微1v1,限时秒杀 免费麦辣鸡腿堡 仅剩8份,快来领取优惠券 新人立减5元 免费配送,26073,1005,2026-08-01
P0061,短信,限时秒杀 免费麦辣鸡腿堡 仅剩64份,快来领取优惠券 新人立减5元 免费配送,11636,3212,2026-08-01
P0061,APP Push,限时秒杀 免费麦辣鸡腿堡 仅剩53份,快来领取优惠券 新人立减5元 免费配送,26372,1154,2026-08-01
P0061,短信,限时秒杀 免费麦辣鸡腿堡 仅剩81份,快来领取优惠券 新人立减5元 免费配送,30003,3070,2026-08-01
P0061,APP Push,限时秒杀 免费麦辣鸡腿堡 仅剩83份,快来领取优惠券 新人立减5元 免费配送,41424,4399,2026-08-01
P0062,APP Push,限时秒杀 免费麦辣鸡腿堡 仅剩28份,快来领取优惠券 新人立减5元 免费配送,34620,3373,2026-08-01
P0062,企微1v1,限时秒杀 免费麦辣鸡腿堡 仅剩29份,快来领取优惠券 新人立减5元 免费配送,38471,740,2026-08-01
P0062,短信,限时秒杀 免费麦辣鸡腿堡 仅剩15份,快来领取优惠券 新人立减5元 免费配送,11045,1453,2026-08-01
P0062,企微1v1,限时秒杀 免费麦辣鸡腿堡 仅剩4份,快来领取优惠券 新人立减5元 免费配送,21915,1032,2026-08-01
P0062,APP Push,限时秒杀 免费麦辣鸡腿堡 仅剩80份,快来领取优惠券 新人立减5元 免费配送,42788,4427,2026-08-01
P0062,短信,限时秒杀 免费麦辣鸡腿堡 仅剩24份,快来领取优惠券 新人立减5元 免费配送,36814,3508,2026-08-01
P0062,企微1v1,限时秒杀 免费麦辣鸡腿堡 仅剩2份,快来领取优惠券 新人立减5元 免费配送,25014,1228,2026-08-01
P0062,APP Push,限时秒杀 免费麦辣鸡腿堡 仅剩66份,快来领取优惠券 新人立减5元 免费配送,15166,3743,2026-08-01
P0062,短信,限时秒杀 免费麦辣鸡腿堡 仅剩79份,快来领取优惠券 新人立减5元 免费配送,18698,3514,2026-08-01
P0062,APP Push,限时秒杀 免费麦辣鸡腿堡 仅剩97份,快来领取优惠券 新人立减5元 免费配送,17329,4927,2026-08-01
P0062,企微1v1,限时秒杀 免费麦辣鸡腿堡 仅剩25份,快来领取优惠券 新人立减5元 免费配送,23100,960,2026-08-01
P0062,短信,限时秒杀 免费麦辣鸡腿堡 仅剩35份,快来领取优惠券 新人立减5元 免费配送,33248,3140,2026-08-01
P0062,企微1v1,限时秒杀 免费麦辣鸡腿堡 仅剩8份,快来领取优惠券 新人立减5元 免费配送,18358,982,2026-08-01
P0062,企微1v1,限时秒杀 免费麦辣鸡腿堡 仅剩37份,快来领取优惠券 新人立减5元 免费配送,13763,2889,2026-08-01
P0062,APP Push,限时秒杀 免费麦辣鸡腿堡 仅剩31份,快来领取优惠券 新人立减5元 免费配送,14058,1640,2026-08-01
P0062,短信,限时秒杀 免费麦辣鸡腿堡 仅剩49份,快来领取优惠券 新人立减5元 免费配送,8974,4482,2026-08-01
P0062,企微1v1,限时秒杀 免费麦辣鸡腿堡 仅剩86份,快来领取优惠券 新人立减5元 免费配送,12068,2937,2026-08-01
P0062,企微1v1,限时秒杀 免费麦辣鸡腿堡 仅剩4份,快来领取优惠券 新人立减5元 免费配送,35968,458,2026-08-01
P0062,短信,限时秒杀 免费麦辣鸡腿堡 仅剩56份,快来领取优惠券 新人立减5元 免费配送,45886,997,2026-08-01
P0062,企微1v1,限时秒杀 免费麦辣鸡腿堡 仅剩91份,快来领取优惠券 新人立减5元 免费配送,14172,4287,2026-08-01
P0063,企微1v1,限时秒杀 免费麦辣鸡腿堡 仅剩95份,快来领取优惠券 新人立减5元 免费配送,6624,956,2026-08-01
P0063,短信,限时秒杀 免费麦辣鸡腿堡 仅剩55份,快来领取优惠券 新人立减5元 免费配送,45177,4628,2026-08-01
P0063,企微1v1,限时秒杀 免费麦辣鸡腿堡 仅剩23份,快来领取优惠券 新人立减5元 免费配送,10660,1098,2026-08-01
P0063,企微1v1,限时秒杀 免费麦辣鸡腿堡 仅剩94份,快来领取优惠券 新人立减5元 免费配送,49442,2514,2026-08-01
P0063,APP Push,限时秒杀 免费麦辣鸡腿堡 仅剩63份,快来领取优惠券 新人立减5元 免费配送,20298,2124,2026-08-01
P0063,短信,限时秒杀 免费麦辣鸡腿堡 仅剩75份,快来领取优惠券 新人立减5元 免费配送,46202,2070,2026-08-01
P0063,APP Push,限时秒杀 免费麦辣鸡腿堡 仅剩62份,快来领取优惠券 新人立减5元 免费配送,13631,3035,2026-08-01
P0063,企微1v1,限时秒杀 免费麦辣鸡腿堡 仅剩35份,快来领取优惠券 新人立减5元 免费配送,22476,946,2026-08-01
P0063,APP Push,限时秒杀 免费麦辣鸡腿堡 仅剩60份,快来领取优惠券 新人立减5元 免费配送,42116,2977,2026-08-01
P0063,短信,限时秒杀 免费麦辣鸡腿堡 仅剩17份,快来领取优惠券 新人立减5元 免费配送,5108,3875,2026-08-01
P0063,企微1v1,限时秒杀 免费麦辣鸡腿堡 仅剩99份,快来领取优惠券 新人立减5元 免费配送,32596,2712,2026-08-01
P0063,短信,限时秒杀 免费麦辣鸡腿堡 仅剩40份,快来领取优惠券 新人立减5元 免费配送,32727,1254,2026-08-01
P0063,企微1v1,限时秒杀 免费麦辣鸡腿堡 仅剩6份,快来领取优惠券 新人立减5元 免费配送,27913,643,2026-08-01
P0063,企微1v1,限时秒杀 免费麦辣鸡腿堡 仅剩76份,快来领取优惠券 新人立减5元 免费配送,12633,658,2026-08-01
P0063,APP Push,限时秒杀 免费麦辣鸡腿堡 仅剩51份,快来领取优惠券 新人立减5元 免费配送,16156,2491,2026-08-01
P0063,短信,限时秒杀 免费麦辣鸡腿堡 仅剩14份,快来领取优惠券 新人立减5元 免费配送,28874,4879,2026-08-01
P0063,企微1v1,限时秒杀 免费麦辣鸡腿堡 仅剩70份,快来领取优惠券 新人立减5元 免费配送,3040,4736,2026-08-01
P0063,APP Push,限时秒杀 免费麦辣鸡腿堡 仅剩52份,快来领取优惠券 新人立减5元 免费配送,49616,3478,2026-08-01
P0063,短信,限时秒杀 免费麦辣鸡腿堡 仅剩48份,快来领取优惠券 新人立减5元 免费配送,15898,2110,2026-08-01
P0063,APP Push,限时秒杀 免费麦辣鸡腿堡 仅剩84份,快来领取优惠券 新人立减5元 免费配送,43715,987,2026-08-01
P0064,APP Push,限时秒杀 免费麦辣鸡腿堡 仅剩69份,快来领取优惠券 新人立减5元 免费配送,40665,1291,2026-08-01
P0064,企微1v1,限时秒杀 免费麦辣鸡腿堡 仅剩46份,快来领取优惠券 新人立减5元 免费配送,32811,4284,2026-08-01
P0064,APP Push,限时秒杀 免费麦辣鸡腿堡 仅剩56份,快来领取优惠券 新人立减5元 免费配送,10770,5000,2026-08-01
P0064,短信,限时秒杀 免费麦辣鸡腿堡 仅剩24份,快来领取优惠券 新人立减5元 免费配送,23390,1585,2026-08-01
P0064,短信,限时秒杀 免费麦辣鸡腿堡 仅剩3份,快来领取优惠券 新人立减5元 免费配送,22937,1327,2026-08-01
P0064,APP Push,限时秒杀 免费麦辣鸡腿堡 仅剩66份,快来领取优惠券 新人立减5元 免费配送,21611,2130,2026-08-01
P0064,APP Push,限时秒杀 免费麦辣鸡腿堡 仅剩95份,快来领取优惠券 新人立减5元 免费配送,49825,4703,2026-08-01
P0064,APP Push,限时秒杀 免费麦辣鸡腿堡 仅剩95份,快来领取优惠券 新人立减5元 免费配送,45783,4011,2026-08-01
P0064,短信,限时秒杀 免费麦辣鸡腿堡 仅剩79份,快来领取优惠券 新人立减5元 免费配送,46749,4142,2026-08-01
P0064,企微1v1,限时秒杀 免费麦辣鸡腿堡 仅剩43份,快来领取优惠券 新人立减5元 免费配送,41386,842,2026-08-01
P0064,APP Push,限时秒杀 免费麦辣鸡腿堡 仅剩6份,快来领取优惠券 新人立减5元 免费配送,42542,3409,2026-08-01
P0064,企微1v1,限时秒杀 免费麦辣鸡腿堡 仅剩66份,快来领取优惠券 新人立减5元 免费配送,47573,2885,2026-08-01
P0064,APP Push,限时秒杀 免费麦辣鸡腿堡 仅剩76份,快来领取优惠券 新人立减5元 免费配送,23300,2232,2026-08-01
P0064,短信,限时秒杀 免费麦辣鸡腿堡 仅剩96份,快来领取优惠券 新人立减5元 免费配送,46932,643,2026-08-01
P0064,企微1v1,限时秒杀 免费麦辣鸡腿堡 仅剩17份,快来领取优惠券 新人立减5元 免费配送,3506,893,2026-08-01
P0064,企微1v1,限时秒杀 免费麦辣鸡腿堡 仅剩91份,快来领取优惠券 新人立减5元 免费配送,19416,2842,2026-08-01
P0064,企微1v1,限时秒杀 免费麦辣鸡腿堡 仅剩57份,快来领取优惠券 新人立减5元 免费配送,2172,2912,2026-08-01
P0064,短信,限时秒杀 免费麦辣鸡腿堡 仅剩42份,快来领取优惠券 新人立减5元 免费配送,42820,2086,2026-08-01
P0064,企微1v1,限时秒杀 免费麦辣鸡腿堡 仅剩94份,快来领取优惠券 新人立减5元 免费配送,24726,3036,2026-08-01
P0064,短信,限时秒杀 免费麦辣鸡腿堡 仅剩49份,快来领取优惠券 新人立减5元 免费配送,14195,242,2026-08-01
P0065,企微1v1,限时秒杀 免费麦辣鸡腿堡 仅剩81份,快来领取优惠券 新人立减5元 免费配送,39078,4510,2026-08-01
P0065,企微1v1,限时秒杀 免费麦辣鸡腿堡 仅剩52份,快来领取优惠券 新人立减5元 免费配送,40508,280,2026-08-01
P0065,短信,限时秒杀 免费麦辣鸡腿堡 仅剩16份,快来领取优惠券 新人立减5元 免费配送,21595,298,2026-08-01
P0065,企微1v1,限时秒杀 免费麦辣鸡腿堡 仅剩19份,快来领取优惠券 新人立减5元 免费配送,7076,1124,2026-08-01
P0065,APP Push,限时秒杀 免费麦辣鸡腿堡 仅剩85份,快来领取优惠券 新人立减5元 免费配送,37459,2490,2026-08-01
P0065,APP Push,限时秒杀 免费麦辣鸡腿堡 仅剩97份,快来领取优惠券 新人立减5元 免费配送,43928,3061,2026-08-01
P0065,APP Push,限时秒杀 免费麦辣鸡腿堡 仅剩73份,快来领取优惠券 新人立减5元 免费配送,6430,1926,2026-08-01
P0065,短信,限时秒杀 免费麦辣鸡腿堡 仅剩56份,快来领取优惠券 新人立减5元 免费配送,21800,2448,2026-08-01
P0065,APP Push,限时秒杀 免费麦辣鸡腿堡 仅剩9份,快来领取优惠券 新人立减5元 免费配送,31201,2353,2026-08-01
P0065,短信,限时秒杀 免费麦辣鸡腿堡 仅剩49份,快来领取优惠券 新人立减5元 免费配送,15012,1414,2026-08-01
P0065,短信,限时秒杀 免费麦辣鸡腿堡 仅剩58份,快来领取优惠券 新人立减5元 免费配送,1712,1393,2026-08-01
P0065,APP Push,限时秒杀 免费麦辣鸡腿堡 仅剩22份,快来领取优惠券 新人立减5元 免费配送,38477,506,2026-08-01
P0065,APP Push,限时秒杀 免费麦辣鸡腿堡 仅剩48份,快来领取优惠券 新人立减5元 免费配送,4558,1938,2026-08-01
P0065,APP Push,限时秒杀 免费麦辣鸡腿堡 仅剩64份,快来领取优惠券 新人立减5元 免费配送,17735,2656,2026-08-01
P0065,短信,限时秒杀 免费麦辣鸡腿堡 仅剩48份,快来领取优惠券 新人立减5元 免费配送,49261,4494,2026-08-01
P0065,企微1v1,限时秒杀 免费麦辣鸡腿堡 仅剩84份,快来领取优惠券 新人立减5元 免费配送,46787,4172,2026-08-01
P0065,短信,限时秒杀 免费麦辣鸡腿堡 仅剩65份,快来领取优惠券 新人立减5元 免费配送,4273,2097,2026-08-01
P0065,APP Push,限时秒杀 免费麦辣鸡腿堡 仅剩95份,快来领取优惠券 新人立减5元 免费配送,14955,2001,2026-08-01
P0065,APP Push,限时秒杀 免费麦辣鸡腿堡 仅剩18份,快来领取优惠券 新人立减5元 免费配送,7916,440,2026-08-01
P0065,短信,限时秒杀 免费麦辣鸡腿堡 仅剩72份,快来领取优惠券 新人立减5元 免费配送,6999,4933,2026-08-01
P0066,短信,限时秒杀 免费麦辣鸡腿堡 仅剩79份,快来领取优惠券 新人立减5元 免费配送,29422,3812,2026-08-01
P0066,短信,限时秒杀 免费麦辣鸡腿堡 仅剩58份,快来领取优惠券 新人立减5元 免费配送,26917,215,2026-08-01
P0066,短信,限时秒杀 免费麦辣鸡腿堡 仅剩79份,快来领取优惠券 新人立减5元 免费配送,42675,4393,2026-08-01
P0066,短信,限时秒杀 免费麦辣鸡腿堡 仅剩41份,快来领取优惠券 新人立减5元 免费配送,47089,4377,2026-08-01
P0066,APP Push,限时秒杀 免费麦辣鸡腿堡 仅剩17份,快来领取优惠券 新人立减5元 免费配送,41017,2553,2026-08-01
P0066,短信,限时秒杀 免费麦辣鸡腿堡 仅剩38份,快来领取优惠券 新人立减5元 免费配送,45093,3392,2026-08-01
P0066,短信,限时秒杀 免费麦辣鸡腿堡 仅剩67份,快来领取优惠券 新人立减5元 免费配送,4295,3852,2026-08-01
P0066,短信,限时秒杀 免费麦辣鸡腿堡 仅剩73份,快来领取优惠券 新人立减5元 免费配送,17212,3316,2026-08-01
P0066,企微1v1,限时秒杀 免费麦辣鸡腿堡 仅剩72份,快来领取优惠券 新人立减5元 免费配送,44416,2619,2026-08-01
P0066,短信,限时秒杀 免费麦辣鸡腿堡 仅剩16份,快来领取优惠券 新人立减5元 免费配送,21578,4796,2026-08-01
P0066,短信,限时秒杀 免费麦辣鸡腿堡 仅剩33份,快来领取优惠券 新人立减5元 免费配送,46621,4308,2026-08-01
P0066,企微1v1,限时秒杀 免费麦辣鸡腿堡 仅剩58份,快来领取优惠券 新人立减5元 免费配送,30273,945,2026-08-01
P0066,短信,限时秒杀 免费麦辣鸡腿堡 仅剩40份,快来领取优惠券 新人立减5元 免费配送,22147,724,2026-08-01
P0066,短信,限时秒杀 免费麦辣鸡腿堡 仅剩56份,快来领取优惠券 新人立减5元 免费配送,23340,155,2026-08-01
P0066,APP Push,限时秒杀 免费麦辣鸡腿堡 仅剩92份,快来领取优惠券 新人立减5元 免费配送,22566,4923,2026-08-01
P0066,APP Push,限时秒杀 免费麦辣鸡腿堡 仅剩72份,快来领取优惠券 新人立减5元 免费配送,13871,4776,2026-08-01
P0066,短信,限时秒杀 免费麦辣鸡腿堡 仅剩86份,快来领取优惠券 新人立减5元 免费配送,1328,249,2026-08-01
P0066,APP Push,限时秒杀 免费麦辣鸡腿堡 仅剩40份,快来领取优惠券 新人立减5元 免费配送,31316,1002,2026-08-01
P0066,短信,限时秒杀 免费麦辣鸡腿堡 仅剩86份,快来领取优惠券 新人立减5元 免费配送,2308,4193,2026-08-01
P0066,短信,限时秒杀 免费麦辣鸡腿堡 仅剩31份,快来领取优惠券 新人立减5元 免费配送,18979,4316,2026-08-01
P0067,企微1v1,限时秒杀 免费麦辣鸡腿堡 仅剩34份,快来领取优惠券 新人立减5元 免费配送,14159,3388,2026-08-01
P0067,短信,限时秒杀 免费麦辣鸡腿堡 仅剩58份,快来领取优惠券 新人立减5元 免费配送,32244,2613,2026-08-01
P0067,企微1v1,限时秒杀 免费麦辣鸡腿堡 仅剩2份,快来领取优惠券 新人立减5元 免费配送,38763,2511,2026-08-01
P0067,APP Push,限时秒杀 免费麦辣鸡腿堡 仅剩44份,快来领取优惠券 新人立减5元 免费配送,46447,846,2026-08-01
P0067,APP Push,限时秒杀 免费麦辣鸡腿堡 仅剩50份,快来领取优惠券 新人立减5元 免费配送,30908,2248,2026-08-01
P0067,企微1v1,限时秒杀 免费麦辣鸡腿堡 仅剩36份,快来领取优惠券 新人立减5元 免费配送,41942,1914,2026-08-01
P0067,短信,限时秒杀 免费麦辣鸡腿堡 仅剩24份,快来领取优惠券 新人立减5元 免费配送,37121,3821,2026-08-01
P0067,企微1v1,限时秒杀 免费麦辣鸡腿堡 仅剩34份,快来领取优惠券 新人立减5元 免费配送,32179,869,2026-08-01
P0067,APP Push,限时秒杀 免费麦辣鸡腿堡 仅剩88份,快来领取优惠券 新人立减5元 免费配送,12303,4628,2026-08-01
P0067,APP Push,限时秒杀 免费麦辣鸡腿堡 仅剩33份,快来领取优惠券 新人立减5元 免费配送,24604,2823,2026-08-01
P0067,企微1v1,限时秒杀 免费麦辣鸡腿堡 仅剩8份,快来领取优惠券 新人立减5元 免费配送,26158,2895,2026-08-01
P0067,APP Push,限时秒杀 免费麦辣鸡腿堡 仅剩37份,快来领取优惠券 新人立减5元 免费配送,32203,463,2026-08-01
P0067,短信,限时秒杀 免费麦辣鸡腿堡 仅剩65份,快来领取优惠券 新人立减5元 免费配送,20846,2715,2026-08-01
P0067,企微1v1,限时秒杀 免费麦辣鸡腿堡 仅剩98份,快来领取优惠券 新人立减5元 免费配送,41651,2720,2026-08-01
P0067,APP Push,限时秒杀 免费麦辣鸡腿堡 仅剩45份,快来领取优惠券 新人立减5元 免费配送,2298,3776,2026-08-01
P0067,短信,限时秒杀 免费麦辣鸡腿堡 仅剩23份,快来领取优惠券 新人立减5元 免费配送,24520,2513,2026-08-01
P0067,短信,限时秒杀 免费麦辣鸡腿堡 仅剩34份,快来领取优惠券 新人立减5元 免费配送,33186,114,2026-08-01
P0067,企微1v1,限时秒杀 免费麦辣鸡腿堡 仅剩21份,快来领取优惠券 新人立减5元 免费配送,16988,2947,2026-08-01
P0067,APP Push,限时秒杀 免费麦辣鸡腿堡 仅剩15份,快来领取优惠券 新人立减5元 免费配送,42996,490,2026-08-01
P0067,企微1v1,限时秒杀 免费麦辣鸡腿堡 仅剩57份,快来领取优惠券 新人立减5元 免费配送,25828,400,2026-08-01
P0068,企微1v1,限时秒杀 免费麦辣鸡腿堡 仅剩4份,快来领取优惠券 新人立减5元 免费配送,45445,203,2026-08-01
P0068,企微1v1,限时秒杀 免费麦辣鸡腿堡 仅剩33份,快来领取优惠券 新人立减5元 免费配送,14906,1542,2026-08-01
P0068,企微1v1,限时秒杀 免费麦辣鸡腿堡 仅剩14份,快来领取优惠券 新人立减5元 免费配送,46583,3378,2026-08-01
P0068,短信,限时秒杀 免费麦辣鸡腿堡 仅剩8份,快来领取优惠券 新人立减5元 免费配送,18323,957,2026-08-01
P0068,APP Push,限时秒杀 免费麦辣鸡腿堡 仅剩8份,快来领取优惠券 新人立减5元 免费配送,1687,2210,2026-08-01
P0068,企微1v1,限时秒杀 免费麦辣鸡腿堡 仅剩68份,快来领取优惠券 新人立减5元 免费配送,44292,4859,2026-08-01
P0068,企微1v1,限时秒杀 免费麦辣鸡腿堡 仅剩9份,快来领取优惠券 新人立减5元 免费配送,22857,4045,2026-08-01
P0068,短信,限时秒杀 免费麦辣鸡腿堡 仅剩44份,快来领取优惠券 新人立减5元 免费配送,18399,2839,2026-08-01
P0068,APP Push,限时秒杀 免费麦辣鸡腿堡 仅剩7份,快来领取优惠券 新人立减5元 免费配送,49482,4359,2026-08-01
P0068,APP Push,限时秒杀 免费麦辣鸡腿堡 仅剩57份,快来领取优惠券 新人立减5元 免费配送,35296,246,2026-08-01
P0068,短信,限时秒杀 免费麦辣鸡腿堡 仅剩49份,快来领取优惠券 新人立减5元 免费配送,21885,449,2026-08-01
P0068,短信,限时秒杀 免费麦辣鸡腿堡 仅剩26份,快来领取优惠券 新人立减5元 免费配送,47893,1035,2026-08-01
P0068,短信,限时秒杀 免费麦辣鸡腿堡 仅剩32份,快来领取优惠券 新人立减5元 免费配送,2973,4514,2026-08-01
P0068,企微1v1,限时秒杀 免费麦辣鸡腿堡 仅剩20份,快来领取优惠券 新人立减5元 免费配送,47880,2074,2026-08-01
P0068,短信,限时秒杀 免费麦辣鸡腿堡 仅剩64份,快来领取优惠券 新人立减5元 免费配送,36433,4145,2026-08-01
P0068,企微1v1,限时秒杀 免费麦辣鸡腿堡 仅剩24份,快来领取优惠券 新人立减5元 免费配送,30275,2250,2026-08-01
P0068,APP Push,限时秒杀 免费麦辣鸡腿堡 仅剩5份,快来领取优惠券 新人立减5元 免费配送,24638,2520,2026-08-01
P0068,短信,限时秒杀 免费麦辣鸡腿堡 仅剩44份,快来领取优惠券 新人立减5元 免费配送,42042,2345,2026-08-01
P0068,APP Push,限时秒杀 免费麦辣鸡腿堡 仅剩51份,快来领取优惠券 新人立减5元 免费配送,1358,585,2026-08-01
P0068,短信,限时秒杀 免费麦辣鸡腿堡 仅剩13份,快来领取优惠券 新人立减5元 免费配送,9896,2804,2026-08-01
P0069,短信,限时秒杀 免费麦辣鸡腿堡 仅剩22份,快来领取优惠券 新人立减5元 免费配送,2269,440,2026-08-01
P0069,短信,限时秒杀 免费麦辣鸡腿堡 仅剩21份,快来领取优惠券 新人立减5元 免费配送,38968,1369,2026-08-01
P0069,APP Push,限时秒杀 免费麦辣鸡腿堡 仅剩18份,快来领取优惠券 新人立减5元 免费配送,10901,4587,2026-08-01
P0069,APP Push,限时秒杀 免费麦辣鸡腿堡 仅剩53份,快来领取优惠券 新人立减5元 免费配送,26489,253,2026-08-01
P0069,企微1v1,限时秒杀 免费麦辣鸡腿堡 仅剩37份,快来领取优惠券 新人立减5元 免费配送,23562,4716,2026-08-01
P0069,APP Push,限时秒杀 免费麦辣鸡腿堡 仅剩31份,快来领取优惠券 新人立减5元 免费配送,39547,181,2026-08-01
P0069,企微1v1,限时秒杀 免费麦辣鸡腿堡 仅剩99份,快来领取优惠券 新人立减5元 免费配送,25074,2904,2026-08-01
P0069,APP Push,限时秒杀 免费麦辣鸡腿堡 仅剩74份,快来领取优惠券 新人立减5元 免费配送,45316,3138,2026-08-01
P0069,企微1v1,限时秒杀 免费麦辣鸡腿堡 仅剩9份,快来领取优惠券 新人立减5元 免费配送,27832,1637,2026-08-01
P0069,企微1v1,限时秒杀 免费麦辣鸡腿堡 仅剩74份,快来领取优惠券 新人立减5元 免费配送,17535,1331,2026-08-01
P0069,APP Push,限时秒杀 免费麦辣鸡腿堡 仅剩68份,快来领取优惠券 新人立减5元 免费配送,13156,1205,2026-08-01
P0069,短信,限时秒杀 免费麦辣鸡腿堡 仅剩15份,快来领取优惠券 新人立减5元 免费配送,21886,4866,2026-08-01
P0069,短信,限时秒杀 免费麦辣鸡腿堡 仅剩72份,快来领取优惠券 新人立减5元 免费配送,41978,886,2026-08-01
P0069,短信,限时秒杀 免费麦辣鸡腿堡 仅剩22份,快来领取优惠券 新人立减5元 免费配送,24440,2192,2026-08-01
P0069,企微1v1,限时秒杀 免费麦辣鸡腿堡 仅剩34份,快来领取优惠券 新人立减5元 免费配送,30271,1614,2026-08-01
P0069,企微1v1,限时秒杀 免费麦辣鸡腿堡 仅剩54份,快来领取优惠券 新人立减5元 免费配送,24618,897,2026-08-01
P0069,企微1v1,限时秒杀 免费麦辣鸡腿堡 仅剩20份,快来领取优惠券 新人立减5元 免费配送,18002,1569,2026-08-01
P0069,企微1v1,限时秒杀 免费麦辣鸡腿堡 仅剩58份,快来领取优惠券 新人立减5元 免费配送,6302,3165,2026-08-01
P0069,企微1v1,限时秒杀 免费麦辣鸡腿堡 仅剩35份,快来领取优惠券 新人立减5元 免费配送,44415,2982,2026-08-01
P0069,APP Push,限时秒杀 免费麦辣鸡腿堡 仅剩53份,快来领取优惠券 新人立减5元 免费配送,14561,1736,2026-08-01
P0070,APP Push,限时秒杀 免费麦辣鸡腿堡 仅剩75份,快来领取优惠券 新人立减5元 免费配送,31129,4970,2026-08-01
P0070,企微1v1,限时秒杀 免费麦辣鸡腿堡 仅剩85份,快来领取优惠券 新人立减5元 免费配送,39444,2100,2026-08-01
P0070,APP Push,限时秒杀 免费麦辣鸡腿堡 仅剩47份,快来领取优惠券 新人立减5元 免费配送,9944,352,2026-08-01
P0070,企微1v1,限时秒杀 免费麦辣鸡腿堡 仅剩53份,快来领取优惠券 新人立减5元 免费配送,38198,875,2026-08-01
P0070,APP Push,限时秒杀 免费麦辣鸡腿堡 仅剩50份,快来领取优惠券 新人立减5元 免费配送,19965,1732,2026-08-01
P0070,企微1v1,限时秒杀 免费麦辣鸡腿堡 仅剩1份,快来领取优惠券 新人立减5元 免费配送,47565,1978,2026-08-01
P0070,企微1v1,限时秒杀 免费麦辣鸡腿堡 仅剩79份,快来领取优惠券 新人立减5元 免费配送,32785,4144,2026-08-01
P0070,短信,限时秒杀 免费麦辣鸡腿堡 仅剩55份,快来领取优惠券 新人立减5元 免费配送,27428,3418,2026-08-01
P0070,APP Push,限时秒杀 免费麦辣鸡腿堡 仅剩40份,快来领取优惠券 新人立减5元 免费配送,12537,1470,2026-08-01
P0070,企微1v1,限时秒杀 免费麦辣鸡腿堡 仅剩16份,快来领取优惠券 新人立减5元 免费配送,34028,3780,2026-08-01
P0070,APP Push,限时秒杀 免费麦辣鸡腿堡 仅剩74份,快来领取优惠券 新人立减5元 免费配送,26556,1966,2026-08-01
P0070,短信,限时秒杀 免费麦辣鸡腿堡 仅剩17份,快来领取优惠券 新人立减5元 免费配送,17743,245,2026-08-01
P0070,企微1v1,限时秒杀 免费麦辣鸡腿堡 仅剩99份,快来领取优惠券 新人立减5元 免费配送,21552,4031,2026-08-01
P0070,企微1v1,限时秒杀 免费麦辣鸡腿堡 仅剩66份,快来领取优惠券 新人立减5元 免费配送,15355,2658,2026-08-01
P0070,短信,限时秒杀 免费麦辣鸡腿堡 仅剩4份,快来领取优惠券 新人立减5元 免费配送,33189,1225,2026-08-01
P0070,企微1v1,限时秒杀 免费麦辣鸡腿堡 仅剩27份,快来领取优惠券 新人立减5元 免费配送,25497,227,2026-08-01
P0070,企微1v1,限时秒杀 免费麦辣鸡腿堡 仅剩80份,快来领取优惠券 新人立减5元 免费配送,29287,1956,2026-08-01
P0070,APP Push,限时秒杀 免费麦辣鸡腿堡 仅剩29份,快来领取优惠券 新人立减5元 免费配送,40919,3269,2026-08-01
P0070,APP Push,限时秒杀 免费麦辣鸡腿堡 仅剩33份,快来领取优惠券 新人立减5元 免费配送,48350,4828,2026-08-01
P0070,短信,限时秒杀 免费麦辣鸡腿堡 仅剩26份,快来领取优惠券 新人立减5元 免费配送,9214,3296,2026-08-01
P0071,短信,限时秒杀 免费麦辣鸡腿堡 仅剩85份,快来领取优惠券 新人立减5元 免费配送,49405,4035,2026-08-01
P0071,企微1v1,限时秒杀 免费麦辣鸡腿堡 仅剩87份,快来领取优惠券 新人立减5元 免费配送,31776,1206,2026-08-01
P0071,APP Push,限时秒杀 免费麦辣鸡腿堡 仅剩96份,快来领取优惠券 新人立减5元 免费配送,40273,3345,2026-08-01
P0071,短信,限时秒杀 免费麦辣鸡腿堡 仅剩55份,快来领取优惠券 新人立减5元 免费配送,23608,2636,2026-08-01
P0071,APP Push,限时秒杀 免费麦辣鸡腿堡 仅剩38份,快来领取优惠券 新人立减5元 免费配送,33684,2232,2026-08-01
P0071,企微1v1,限时秒杀 免费麦辣鸡腿堡 仅剩91份,快来领取优惠券 新人立减5元 免费配送,40225,2075,2026-08-01
P0071,企微1v1,限时秒杀 免费麦辣鸡腿堡 仅剩26份,快来领取优惠券 新人立减5元 免费配送,46399,1597,2026-08-01
P0071,企微1v1,限时秒杀 免费麦辣鸡腿堡 仅剩98份,快来领取优惠券 新人立减5元 免费配送,30884,409,2026-08-01
P0071,短信,限时秒杀 免费麦辣鸡腿堡 仅剩95份,快来领取优惠券 新人立减5元 免费配送,27872,1758,2026-08-01
P0071,短信,限时秒杀 免费麦辣鸡腿堡 仅剩38份,快来领取优惠券 新人立减5元 免费配送,46232,3584,2026-08-01
P0071,APP Push,限时秒杀 免费麦辣鸡腿堡 仅剩40份,快来领取优惠券 新人立减5元 免费配送,18713,1435,2026-08-01
P0071,APP Push,限时秒杀 免费麦辣鸡腿堡 仅剩97份,快来领取优惠券 新人立减5元 免费配送,14717,2617,2026-08-01
P0071,APP Push,限时秒杀 免费麦辣鸡腿堡 仅剩21份,快来领取优惠券 新人立减5元 免费配送,23747,1813,2026-08-01
P0071,短信,限时秒杀 免费麦辣鸡腿堡 仅剩76份,快来领取优惠券 新人立减5元 免费配送,11432,591,2026-08-01
P0071,APP Push,限时秒杀 免费麦辣鸡腿堡 仅剩17份,快来领取优惠券 新人立减5元 免费配送,17540,4808,2026-08-01
P0071,企微1v1,限时秒杀 免费麦辣鸡腿堡 仅剩37份,快来领取优惠券 新人立减5元 免费配送,13171,600,2026-08-01
P0071,企微1v1,限时秒杀 免费麦辣鸡腿堡 仅剩74份,快来领取优惠券 新人立减5元 免费配送,25320,983,2026-08-01
P0071,企微1v1,限时秒杀 免费麦辣鸡腿堡 仅剩34份,快来领取优惠券 新人立减5元 免费配送,22911,4980,2026-08-01
P0071,短信,限时秒杀 免费麦辣鸡腿堡 仅剩68份,快来领取优惠券 新人立减5元 免费配送,41999,2235,2026-08-01
P0071,APP Push,限时秒杀 免费麦辣鸡腿堡 仅剩72份,快来领取优惠券 新人立减5元 免费配送,37528,563,2026-08-01
P0072,APP Push,限时秒杀 免费麦辣鸡腿堡 仅剩44份,快来领取优惠券 新人立减5元 免费配送,48749,3574,2026-08-01
P0072,短信,限时秒杀 免费麦辣鸡腿堡 仅剩62份,快来领取优惠券 新人立减5元 免费配送,21815,4911,2026-08-01
P0072,APP Push,限时秒杀 免费麦辣鸡腿堡 仅剩16份,快来领取优惠券 新人立减5元 免费配送,28869,3555,2026-08-01
P0072,短信,限时秒杀 免费麦辣鸡腿堡 仅剩11份,快来领取优惠券 新人立减5元 免费配送,39836,2148,2026-08-01
P0072,短信,限时秒杀 免费麦辣鸡腿堡 仅剩45份,快来领取优惠券 新人立减5元 免费配送,48475,1330,2026-08-01
P0072,APP Push,限时秒杀 免费麦辣鸡腿堡 仅剩2份,快来领取优惠券 新人立减5元 免费配送,9260,3265,2026-08-01
P0072,企微1v1,限时秒杀 免费麦辣鸡腿堡 仅剩4份,快来领取优惠券 新人立减5元 免费配送,25417,2843,2026-08-01
P0072,短信,限时秒杀 免费麦辣鸡腿堡 仅剩76份,快来领取优惠券 新人立减5元 免费配送,39822,3368,2026-08-01
P0072,短信,限时秒杀 免费麦辣鸡腿堡 仅剩92份,快来领取优惠券 新人立减5元 免费配送,8282,960,2026-08-01
P0072,短信,限时秒杀 免费麦辣鸡腿堡 仅剩71份,快来领取优惠券 新人立减5元 免费配送,13651,1830,2026-08-01
P0072,企微1v1,限时秒杀 免费麦辣鸡腿堡 仅剩83份,快来领取优惠券 新人立减5元 免费配送,37368,3396,2026-08-01
P0072,APP Push,限时秒杀 免费麦辣鸡腿堡 仅剩6份,快来领取优惠券 新人立减5元 免费配送,6440,367,2026-08-01
P0072,短信,限时秒杀 免费麦辣鸡腿堡 仅剩46份,快来领取优惠券 新人立减5元 免费配送,14619,3472,2026-08-01
P0072,短信,限时秒杀 免费麦辣鸡腿堡 仅剩89份,快来领取优惠券 新人立减5元 免费配送,43315,1049,2026-08-01
P0072,企微1v1,限时秒杀 免费麦辣鸡腿堡 仅剩27份,快来领取优惠券 新人立减5元 免费配送,23176,841,2026-08-01
P0072,APP Push,限时秒杀 免费麦辣鸡腿堡 仅剩93份,快来领取优惠券 新人立减5元 免费配送,10006,2339,2026-08-01
P0072,APP Push,限时秒杀 免费麦辣鸡腿堡 仅剩85份,快来领取优惠券 新人立减5元 免费配送,49189,1502,2026-08-01
P0072,APP Push,限时秒杀 免费麦辣鸡腿堡 仅剩50份,快来领取优惠券 新人立减5元 免费配送,29523,1730,2026-08-01
P0072,APP Push,限时秒杀 免费麦辣鸡腿堡 仅剩2份,快来领取优惠券 新人立减5元 免费配送,35229,2398,2026-08-01
P0072,企微1v1,限时秒杀 免费麦辣鸡腿堡 仅剩92份,快来领取优惠券 新人立减5元 免费配送,15102,4274,2026-08-01
P0073,APP Push,限时秒杀 免费麦辣鸡腿堡 仅剩97份,快来领取优惠券 新人立减5元 免费配送,41368,3073,2026-08-01
P0073,短信,限时秒杀 免费麦辣鸡腿堡 仅剩43份,快来领取优惠券 新人立减5元 免费配送,17464,4272,2026-08-01
P0073,APP Push,限时秒杀 免费麦辣鸡腿堡 仅剩64份,快来领取优惠券 新人立减5元 免费配送,38960,1837,2026-08-01
P0073,短信,限时秒杀 免费麦辣鸡腿堡 仅剩7份,快来领取优惠券 新人立减5元 免费配送,38104,986,2026-08-01
P0073,企微1v1,限时秒杀 免费麦辣鸡腿堡 仅剩56份,快来领取优惠券 新人立减5元 免费配送,42994,931,2026-08-01
P0073,APP Push,限时秒杀 免费麦辣鸡腿堡 仅剩13份,快来领取优惠券 新人立减5元 免费配送,22484,2808,2026-08-01
P0073,APP Push,限时秒杀 免费麦辣鸡腿堡 仅剩80份,快来领取优惠券 新人立减5元 免费配送,19547,901,2026-08-01
P0073,APP Push,限时秒杀 免费麦辣鸡腿堡 仅剩39份,快来领取优惠券 新人立减5元 免费配送,38391,631,2026-08-01
P0073,APP Push,限时秒杀 免费麦辣鸡腿堡 仅剩51份,快来领取优惠券 新人立减5元 免费配送,32469,1322,2026-08-01
P0073,企微1v1,限时秒杀 免费麦辣鸡腿堡 仅剩29份,快来领取优惠券 新人立减5元 免费配送,9549,2049,2026-08-01
P0073,APP Push,限时秒杀 免费麦辣鸡腿堡 仅剩6份,快来领取优惠券 新人立减5元 免费配送,47818,4771,2026-08-01
P0073,APP Push,限时秒杀 免费麦辣鸡腿堡 仅剩60份,快来领取优惠券 新人立减5元 免费配送,32235,4581,2026-08-01
P0073,短信,限时秒杀 免费麦辣鸡腿堡 仅剩31份,快来领取优惠券 新人立减5元 免费配送,28807,2127,2026-08-01
P0073,APP Push,限时秒杀 免费麦辣鸡腿堡 仅剩80份,快来领取优惠券 新人立减5元 免费配送,7376,2823,2026-08-01
P0073,APP Push,限时秒杀 免费麦辣鸡腿堡 仅剩92份,快来领取优惠券 新人立减5元 免费配送,20356,935,2026-08-01
P0073,企微1v1,限时秒杀 免费麦辣鸡腿堡 仅剩58份,快来领取优惠券 新人立减5元 免费配送,14229,3999,2026-08-01
P0073,企微1v1,限时秒杀 免费麦辣鸡腿堡 仅剩62份,快来领取优惠券 新人立减5元 免费配送,13492,3808,2026-08-01
P0073,短信,限时秒杀 免费麦辣鸡腿堡 仅剩21份,快来领取优惠券 新人立减5元 免费配送,40498,1853,2026-08-01
P0073,短信,限时秒杀 免费麦辣鸡腿堡 仅剩52份,快来领取优惠券 新人立减5元 免费配送,23987,3622,2026-08-01
P0073,企微1v1,限时秒杀 免费麦辣鸡腿堡 仅剩50份,快来领取优惠券 新人立减5元 免费配送,11954,1172,2026-08-01
P0074,短信,限时秒杀 免费麦辣鸡腿堡 仅剩77份,快来领取优惠券 新人立减5元 免费配送,36498,4115,2026-08-01
P0074,APP Push,限时秒杀 免费麦辣鸡腿堡 仅剩31份,快来领取优惠券 新人立减5元 免费配送,40883,2928,2026-08-01
P0074,短信,限时秒杀 免费麦辣鸡腿堡 仅剩73份,快来领取优惠券 新人立减5元 免费配送,19122,160,2026-08-01
P0074,企微1v1,限时秒杀 免费麦辣鸡腿堡 仅剩58份,快来领取优惠券 新人立减5元 免费配送,14875,3339,2026-08-01
P0074,APP Push,限时秒杀 免费麦辣鸡腿堡 仅剩38份,快来领取优惠券 新人立减5元 免费配送,38966,2679,2026-08-01
P0074,APP Push,限时秒杀 免费麦辣鸡腿堡 仅剩47份,快来领取优惠券 新人立减5元 免费配送,3290,3593,2026-08-01
P0074,短信,限时秒杀 免费麦辣鸡腿堡 仅剩97份,快来领取优惠券 新人立减5元 免费配送,2657,4787,2026-08-01
P0074,短信,限时秒杀 免费麦辣鸡腿堡 仅剩71份,快来领取优惠券 新人立减5元 免费配送,2437,495,2026-08-01
P0074,APP Push,限时秒杀 免费麦辣鸡腿堡 仅剩53份,快来领取优惠券 新人立减5元 免费配送,41842,2563,2026-08-01
P0074,企微1v1,限时秒杀 免费麦辣鸡腿堡 仅剩43份,快来领取优惠券 新人立减5元 免费配送,43187,315,2026-08-01
P0074,短信,限时秒杀 免费麦辣鸡腿堡 仅剩49份,快来领取优惠券 新人立减5元 免费配送,7957,3546,2026-08-01
P0074,企微1v1,限时秒杀 免费麦辣鸡腿堡 仅剩95份,快来领取优惠券 新人立减5元 免费配送,3861,2877,2026-08-01
P0074,APP Push,限时秒杀 免费麦辣鸡腿堡 仅剩8份,快来领取优惠券 新人立减5元 免费配送,23874,1070,2026-08-01
P0074,短信,限时秒杀 免费麦辣鸡腿堡 仅剩89份,快来领取优惠券 新人立减5元 免费配送,49890,214,2026-08-01
P0074,短信,限时秒杀 免费麦辣鸡腿堡 仅剩68份,快来领取优惠券 新人立减5元 免费配送,42313,904,2026-08-01
P0074,短信,限时秒杀 免费麦辣鸡腿堡 仅剩97份,快来领取优惠券 新人立减5元 免费配送,36432,381,2026-08-01
P0074,APP Push,限时秒杀 免费麦辣鸡腿堡 仅剩76份,快来领取优惠券 新人立减5元 免费配送,39073,3474,2026-08-01
P0074,企微1v1,限时秒杀 免费麦辣鸡腿堡 仅剩13份,快来领取优惠券 新人立减5元 免费配送,8097,1580,2026-08-01
P0074,APP Push,限时秒杀 免费麦辣鸡腿堡 仅剩20份,快来领取优惠券 新人立减5元 免费配送,37349,2058,2026-08-01
P0074,APP Push,限时秒杀 免费麦辣鸡腿堡 仅剩62份,快来领取优惠券 新人立减5元 免费配送,40632,2229,2026-08-01
P0075,企微1v1,限时秒杀 免费麦辣鸡腿堡 仅剩27份,快来领取优惠券 新人立减5元 免费配送,4348,4376,2026-08-01
P0075,短信,限时秒杀 免费麦辣鸡腿堡 仅剩63份,快来领取优惠券 新人立减5元 免费配送,5925,1971,2026-08-01
P0075,APP Push,限时秒杀 免费麦辣鸡腿堡 仅剩51份,快来领取优惠券 新人立减5元 免费配送,46290,3853,2026-08-01
P0075,APP Push,限时秒杀 免费麦辣鸡腿堡 仅剩32份,快来领取优惠券 新人立减5元 免费配送,15960,1070,2026-08-01
P0075,APP Push,限时秒杀 免费麦辣鸡腿堡 仅剩56份,快来领取优惠券 新人立减5元 免费配送,45079,4121,2026-08-01
P0075,企微1v1,限时秒杀 免费麦辣鸡腿堡 仅剩33份,快来领取优惠券 新人立减5元 免费配送,40882,1672,2026-08-01
P0075,短信,限时秒杀 免费麦辣鸡腿堡 仅剩5份,快来领取优惠券 新人立减5元 免费配送,37203,3298,2026-08-01
P0075,APP Push,限时秒杀 免费麦辣鸡腿堡 仅剩90份,快来领取优惠券 新人立减5元 免费配送,33323,4792,2026-08-01
P0075,APP Push,限时秒杀 免费麦辣鸡腿堡 仅剩7份,快来领取优惠券 新人立减5元 免费配送,21101,3264,2026-08-01
P0075,短信,限时秒杀 免费麦辣鸡腿堡 仅剩62份,快来领取优惠券 新人立减5元 免费配送,44660,3836,2026-08-01
P0075,短信,限时秒杀 免费麦辣鸡腿堡 仅剩96份,快来领取优惠券 新人立减5元 免费配送,28581,2820,2026-08-01
P0075,短信,限时秒杀 免费麦辣鸡腿堡 仅剩69份,快来领取优惠券 新人立减5元 免费配送,16160,625,2026-08-01
P0075,企微1v1,限时秒杀 免费麦辣鸡腿堡 仅剩69份,快来领取优惠券 新人立减5元 免费配送,33871,2044,2026-08-01
P0075,企微1v1,限时秒杀 免费麦辣鸡腿堡 仅剩93份,快来领取优惠券 新人立减5元 免费配送,20904,2065,2026-08-01
P0075,短信,限时秒杀 免费麦辣鸡腿堡 仅剩56份,快来领取优惠券 新人立减5元 免费配送,18850,2492,2026-08-01
P0075,企微1v1,限时秒杀 免费麦辣鸡腿堡 仅剩42份,快来领取优惠券 新人立减5元 免费配送,49710,2721,2026-08-01
P0075,APP Push,限时秒杀 免费麦辣鸡腿堡 仅剩13份,快来领取优惠券 新人立减5元 免费配送,20875,2551,2026-08-01
P0075,APP Push,限时秒杀 免费麦辣鸡腿堡 仅剩14份,快来领取优惠券 新人立减5元 免费配送,16892,3447,2026-08-01
P0075,短信,限时秒杀 免费麦辣鸡腿堡 仅剩21份,快来领取优惠券 新人立减5元 免费配送,21690,1843,2026-08-01
P0075,企微1v1,限时秒杀 免费麦辣鸡腿堡 仅剩60份,快来领取优惠券 新人立减5元 免费配送,17042,2349,2026-08-01
P0076,短信,限时秒杀 免费麦辣鸡腿堡 仅剩47份,快来领取优惠券 新人立减5元 免费配送,26720,642,2026-08-01
P0076,短信,限时秒杀 免费麦辣鸡腿堡 仅剩61份,快来领取优惠券 新人立减5元 免费配送,29835,892,2026-08-01
P0076,APP Push,限时秒杀 免费麦辣鸡腿堡 仅剩82份,快来领取优惠券 新人立减5元 免费配送,8897,4393,2026-08-01
P0076,企微1v1,限时秒杀 免费麦辣鸡腿堡 仅剩34份,快来领取优惠券 新人立减5元 免费配送,1565,3296,2026-08-01
P0076,企微1v1,限时秒杀 免费麦辣鸡腿堡 仅剩26份,快来领取优惠券 新人立减5元 免费配送,2626,1433,2026-08-01
P0076,APP Push,限时秒杀 免费麦辣鸡腿堡 仅剩54份,快来领取优惠券 新人立减5元 免费配送,28889,2829,2026-08-01
P0076,企微1v1,限时秒杀 免费麦辣鸡腿堡 仅剩93份,快来领取优惠券 新人立减5元 免费配送,25891,432,2026-08-01
P0076,企微1v1,限时秒杀 免费麦辣鸡腿堡 仅剩61份,快来领取优惠券 新人立减5元 免费配送,44331,4790,2026-08-01
P0076,短信,限时秒杀 免费麦辣鸡腿堡 仅剩2份,快来领取优惠券 新人立减5元 免费配送,6649,390,2026-08-01
P0076,APP Push,限时秒杀 免费麦辣鸡腿堡 仅剩79份,快来领取优惠券 新人立减5元 免费配送,37648,2038,2026-08-01
P0076,APP Push,限时秒杀 免费麦辣鸡腿堡 仅剩93份,快来领取优惠券 新人立减5元 免费配送,22770,3583,2026-08-01
P0076,APP Push,限时秒杀 免费麦辣鸡腿堡 仅剩65份,快来领取优惠券 新人立减5元 免费配送,20128,4085,2026-08-01
P0076,APP Push,限时秒杀 免费麦辣鸡腿堡 仅剩82份,快来领取优惠券 新人立减5元 免费配送,5894,2306,2026-08-01
P0076,APP Push,限时秒杀 免费麦辣鸡腿堡 仅剩80份,快来领取优惠券 新人立减5元 免费配送,13687,2118,2026-08-01
P0076,APP Push,限时秒杀 免费麦辣鸡腿堡 仅剩2份,快来领取优惠券 新人立减5元 免费配送,47993,327,2026-08-01
P0076,企微1v1,限时秒杀 免费麦辣鸡腿堡 仅剩36份,快来领取优惠券 新人立减5元 免费配送,20764,4409,2026-08-01
P0076,APP Push,限时秒杀 免费麦辣鸡腿堡 仅剩49份,快来领取优惠券 新人立减5元 免费配送,31589,1475,2026-08-01
P0076,APP Push,限时秒杀 免费麦辣鸡腿堡 仅剩22份,快来领取优惠券 新人立减5元 免费配送,43850,175,2026-08-01
P0076,短信,限时秒杀 免费麦辣鸡腿堡 仅剩52份,快来领取优惠券 新人立减5元 免费配送,24219,850,2026-08-01
P0076,企微1v1,限时秒杀 免费麦辣鸡腿堡 仅剩4份,快来领取优惠券 新人立减5元 免费配送,45428,3886,2026-08-01
P0077,短信,限时秒杀 免费麦辣鸡腿堡 仅剩66份,快来领取优惠券 新人立减5元 免费配送,16214,2220,2026-08-01
P0077,企微1v1,限时秒杀 免费麦辣鸡腿堡 仅剩8份,快来领取优惠券 新人立减5元 免费配送,29370,3788,2026-08-01
P0077,企微1v1,限时秒杀 免费麦辣鸡腿堡 仅剩22份,快来领取优惠券 新人立减5元 免费配送,15166,1001,2026-08-01
P0077,短信,限时秒杀 免费麦辣鸡腿堡 仅剩67份,快来领取优惠券 新人立减5元 免费配送,7207,4389,2026-08-01
P0077,APP Push,限时秒杀 免费麦辣鸡腿堡 仅剩81份,快来领取优惠券 新人立减5元 免费配送,47661,4680,2026-08-01
P0077,企微1v1,限时秒杀 免费麦辣鸡腿堡 仅剩42份,快来领取优惠券 新人立减5元 免费配送,19171,1991,2026-08-01
P0077,短信,限时秒杀 免费麦辣鸡腿堡 仅剩77份,快来领取优惠券 新人立减5元 免费配送,4891,2710,2026-08-01
P0077,短信,限时秒杀 免费麦辣鸡腿堡 仅剩36份,快来领取优惠券 新人立减5元 免费配送,6676,4895,2026-08-01
P0077,APP Push,限时秒杀 免费麦辣鸡腿堡 仅剩14份,快来领取优惠券 新人立减5元 免费配送,31082,287,2026-08-01
P0077,企微1v1,限时秒杀 免费麦辣鸡腿堡 仅剩46份,快来领取优惠券 新人立减5元 免费配送,17394,3663,2026-08-01
P0077,APP Push,限时秒杀 免费麦辣鸡腿堡 仅剩5份,快来领取优惠券 新人立减5元 免费配送,47732,4416,2026-08-01
P0077,APP Push,限时秒杀 免费麦辣鸡腿堡 仅剩21份,快来领取优惠券 新人立减5元 免费配送,29195,1728,2026-08-01
P0077,企微1v1,限时秒杀 免费麦辣鸡腿堡 仅剩78份,快来领取优惠券 新人立减5元 免费配送,35861,4840,2026-08-01
P0077,APP Push,限时秒杀 免费麦辣鸡腿堡 仅剩7份,快来领取优惠券 新人立减5元 免费配送,16073,294,2026-08-01
P0077,短信,限时秒杀 免费麦辣鸡腿堡 仅剩99份,快来领取优惠券 新人立减5元 免费配送,44818,3127,2026-08-01
P0077,企微1v1,限时秒杀 免费麦辣鸡腿堡 仅剩59份,快来领取优惠券 新人立减5元 免费配送,48504,2411,2026-08-01
P0077,企微1v1,限时秒杀 免费麦辣鸡腿堡 仅剩68份,快来领取优惠券 新人立减5元 免费配送,22693,3167,2026-08-01
P0077,APP Push,限时秒杀 免费麦辣鸡腿堡 仅剩9份,快来领取优惠券 新人立减5元 免费配送,43153,3712,2026-08-01
P0077,短信,限时秒杀 免费麦辣鸡腿堡 仅剩15份,快来领取优惠券 新人立减5元 免费配送,49032,897,2026-08-01
P0077,APP Push,限时秒杀 免费麦辣鸡腿堡 仅剩22份,快来领取优惠券 新人立减5元 免费配送,23148,3498,2026-08-01
P0078,APP Push,限时秒杀 免费麦辣鸡腿堡 仅剩69份,快来领取优惠券 新人立减5元 免费配送,17458,2983,2026-08-01
P0078,短信,限时秒杀 免费麦辣鸡腿堡 仅剩46份,快来领取优惠券 新人立减5元 免费配送,17640,4258,2026-08-01
P0078,短信,限时秒杀 免费麦辣鸡腿堡 仅剩2份,快来领取优惠券 新人立减5元 免费配送,35060,617,2026-08-01
P0078,短信,限时秒杀 免费麦辣鸡腿堡 仅剩54份,快来领取优惠券 新人立减5元 免费配送,44337,1010,2026-08-01
P0078,短信,限时秒杀 免费麦辣鸡腿堡 仅剩91份,快来领取优惠券 新人立减5元 免费配送,28559,3863,2026-08-01
P0078,APP Push,限时秒杀 免费麦辣鸡腿堡 仅剩96份,快来领取优惠券 新人立减5元 免费配送,7532,3832,2026-08-01
P0078,短信,限时秒杀 免费麦辣鸡腿堡 仅剩19份,快来领取优惠券 新人立减5元 免费配送,26026,1612,2026-08-01
P0078,企微1v1,限时秒杀 免费麦辣鸡腿堡 仅剩72份,快来领取优惠券 新人立减5元 免费配送,3226,2919,2026-08-01
P0078,企微1v1,限时秒杀 免费麦辣鸡腿堡 仅剩36份,快来领取优惠券 新人立减5元 免费配送,19526,1255,2026-08-01
P0078,APP Push,限时秒杀 免费麦辣鸡腿堡 仅剩82份,快来领取优惠券 新人立减5元 免费配送,38135,3733,2026-08-01
P0078,短信,限时秒杀 免费麦辣鸡腿堡 仅剩41份,快来领取优惠券 新人立减5元 免费配送,40023,1644,2026-08-01
P0078,短信,限时秒杀 免费麦辣鸡腿堡 仅剩86份,快来领取优惠券 新人立减5元 免费配送,44912,461,2026-08-01
P0078,APP Push,限时秒杀 免费麦辣鸡腿堡 仅剩57份,快来领取优惠券 新人立减5元 免费配送,49349,4253,2026-08-01
P0078,企微1v1,限时秒杀 免费麦辣鸡腿堡 仅剩18份,快来领取优惠券 新人立减5元 免费配送,37295,4522,2026-08-01
P0078,APP Push,限时秒杀 免费麦辣鸡腿堡 仅剩93份,快来领取优惠券 新人立减5元 免费配送,13896,2424,2026-08-01
P0078,短信,限时秒杀 免费麦辣鸡腿堡 仅剩27份,快来领取优惠券 新人立减5元 免费配送,18379,551,2026-08-01
P0078,短信,限时秒杀 免费麦辣鸡腿堡 仅剩47份,快来领取优惠券 新人立减5元 免费配送,46554,2430,2026-08-01
P0078,企微1v1,限时秒杀 免费麦辣鸡腿堡 仅剩17份,快来领取优惠券 新人立减5元 免费配送,3411,1680,2026-08-01
P0078,短信,限时秒杀 免费麦辣鸡腿堡 仅剩39份,快来领取优惠券 新人立减5元 免费配送,14567,3771,2026-08-01
P0078,企微1v1,限时秒杀 免费麦辣鸡腿堡 仅剩1份,快来领取优惠券 新人立减5元 免费配送,3763,3607,2026-08-01
P0079,企微1v1,限时秒杀 免费麦辣鸡腿堡 仅剩71份,快来领取优惠券 新人立减5元 免费配送,46308,184,2026-08-01
P0079,短信,限时秒杀 免费麦辣鸡腿堡 仅剩22份,快来领取优惠券 新人立减5元 免费配送,45301,945,2026-08-01
P0079,企微1v1,限时秒杀 免费麦辣鸡腿堡 仅剩54份,快来领取优惠券 新人立减5元 免费配送,16107,2301,2026-08-01
P0079,企微1v1,限时秒杀 免费麦辣鸡腿堡 仅剩65份,快来领取优惠券 新人立减5元 免费配送,24209,4731,2026-08-01
P0079,APP Push,限时秒杀 免费麦辣鸡腿堡 仅剩93份,快来领取优惠券 新人立减5元 免费配送,6980,2783,2026-08-01
P0079,APP Push,限时秒杀 免费麦辣鸡腿堡 仅剩86份,快来领取优惠券 新人立减5元 免费配送,3749,3322,2026-08-01
P0079,企微1v1,限时秒杀 免费麦辣鸡腿堡 仅剩36份,快来领取优惠券 新人立减5元 免费配送,22587,1699,2026-08-01
P0079,短信,限时秒杀 免费麦辣鸡腿堡 仅剩92份,快来领取优惠券 新人立减5元 免费配送,16498,4753,2026-08-01
P0079,短信,限时秒杀 免费麦辣鸡腿堡 仅剩73份,快来领取优惠券 新人立减5元 免费配送,3391,4124,2026-08-01
P0079,APP Push,限时秒杀 免费麦辣鸡腿堡 仅剩27份,快来领取优惠券 新人立减5元 免费配送,19413,1416,2026-08-01
P0079,APP Push,限时秒杀 免费麦辣鸡腿堡 仅剩58份,快来领取优惠券 新人立减5元 免费配送,16173,457,2026-08-01
P0079,APP Push,限时秒杀 免费麦辣鸡腿堡 仅剩30份,快来领取优惠券 新人立减5元 免费配送,26945,3355,2026-08-01
P0079,企微1v1,限时秒杀 免费麦辣鸡腿堡 仅剩81份,快来领取优惠券 新人立减5元 免费配送,2808,1292,2026-08-01
P0079,短信,限时秒杀 免费麦辣鸡腿堡 仅剩37份,快来领取优惠券 新人立减5元 免费配送,47536,2627,2026-08-01
P0079,短信,限时秒杀 免费麦辣鸡腿堡 仅剩6份,快来领取优惠券 新人立减5元 免费配送,38182,1771,2026-08-01
P0079,企微1v1,限时秒杀 免费麦辣鸡腿堡 仅剩63份,快来领取优惠券 新人立减5元 免费配送,26049,1024,2026-08-01
P0079,短信,限时秒杀 免费麦辣鸡腿堡 仅剩87份,快来领取优惠券 新人立减5元 免费配送,46183,2956,2026-08-01
P0079,APP Push,限时秒杀 免费麦辣鸡腿堡 仅剩86份,快来领取优惠券 新人立减5元 免费配送,31002,3079,2026-08-01
P0079,APP Push,限时秒杀 免费麦辣鸡腿堡 仅剩80份,快来领取优惠券 新人立减5元 免费配送,39125,462,2026-08-01
P0079,APP Push,限时秒杀 免费麦辣鸡腿堡 仅剩46份,快来领取优惠券 新人立减5元 免费配送,44181,3877,2026-08-01
P0080,APP Push,限时秒杀 免费麦辣鸡腿堡 仅剩40份,快来领取优惠券 新人立减5元 免费配送,19952,911,2026-08-01
P0080,APP Push,限时秒杀 免费麦辣鸡腿堡 仅剩9份,快来领取优惠券 新人立减5元 免费配送,44948,3664,2026-08-01
P0080,APP Push,限时秒杀 免费麦辣鸡腿堡 仅剩64份,快来领取优惠券 新人立减5元 免费配送,14395,4103,2026-08-01
P0080,短信,限时秒杀 免费麦辣鸡腿堡 仅剩87份,快来领取优惠券 新人立减5元 免费配送,48754,3420,2026-08-01
P0080,短信,限时秒杀 免费麦辣鸡腿堡 仅剩61份,快来领取优惠券 新人立减5元 免费配送,11551,1364,2026-08-01
P0080,APP Push,限时秒杀 免费麦辣鸡腿堡 仅剩68份,快来领取优惠券 新人立减5元 免费配送,30805,705,2026-08-01
P0080,企微1v1,限时秒杀 免费麦辣鸡腿堡 仅剩81份,快来领取优惠券 新人立减5元 免费配送,46573,2722,2026-08-01
P0080,短信,限时秒杀 免费麦辣鸡腿堡 仅剩23份,快来领取优惠券 新人立减5元 免费配送,6248,4740,2026-08-01
P0080,短信,限时秒杀 免费麦辣鸡腿堡 仅剩44份,快来领取优惠券 新人立减5元 免费配送,30843,1680,2026-08-01
P0080,短信,限时秒杀 免费麦辣鸡腿堡 仅剩63份,快来领取优惠券 新人立减5元 免费配送,45401,3539,2026-08-01
P0080,APP Push,限时秒杀 免费麦辣鸡腿堡 仅剩21份,快来领取优惠券 新人立减5元 免费配送,17409,2490,2026-08-01
P0080,短信,限时秒杀 免费麦辣鸡腿堡 仅剩38份,快来领取优惠券 新人立减5元 免费配送,44783,3669,2026-08-01
P0080,短信,限时秒杀 免费麦辣鸡腿堡 仅剩1份,快来领取优惠券 新人立减5元 免费配送,43997,4139,2026-08-01
P0080,APP Push,限时秒杀 免费麦辣鸡腿堡 仅剩61份,快来领取优惠券 新人立减5元 免费配送,20083,3924,2026-08-01
P0080,短信,限时秒杀 免费麦辣鸡腿堡 仅剩71份,快来领取优惠券 新人立减5元 免费配送,25030,4030,2026-08-01
P0080,短信,限时秒杀 免费麦辣鸡腿堡 仅剩9份,快来领取优惠券 新人立减5元 免费配送,43728,2624,2026-08-01
P0080,APP Push,限时秒杀 免费麦辣鸡腿堡 仅剩97份,快来领取优惠券 新人立减5元 免费配送,28426,3895,2026-08-01
P0080,企微1v1,限时秒杀 免费麦辣鸡腿堡 仅剩57份,快来领取优惠券 新人立减5元 免费配送,43326,1285,2026-08-01
P0080,短信,限时秒杀 免费麦辣鸡腿堡 仅剩62份,快来领取优惠券 新人立减5元 免费配送,24666,627,2026-08-01
P0080,企微1v1,限时秒杀 免费麦辣鸡腿堡 仅剩83份,快来领取优惠券 新人立减5元 免费配送,38055,1813,2026-08-01
P0081,短信,限时秒杀 免费麦辣鸡腿堡 仅剩18份,快来领取优惠券 新人立减5元 免费配送,44595,4405,2026-08-01
P0081,企微1v1,限时秒杀 免费麦辣鸡腿堡 仅剩84份,快来领取优惠券 新人立减5元 免费配送,6314,1551,2026-08-01
P0081,短信,限时秒杀 免费麦辣鸡腿堡 仅剩1份,快来领取优惠券 新人立减5元 免费配送,37610,4887,2026-08-01
P0081,短信,限时秒杀 免费麦辣鸡腿堡 仅剩99份,快来领取优惠券 新人立减5元 免费配送,45131,4506,2026-08-01
P0081,企微1v1,限时秒杀 免费麦辣鸡腿堡 仅剩72份,快来领取优惠券 新人立减5元 免费配送,32643,2376,2026-08-01
P0081,APP Push,限时秒杀 免费麦辣鸡腿堡 仅剩1份,快来领取优惠券 新人立减5元 免费配送,43064,3661,2026-08-01
P0081,企微1v1,限时秒杀 免费麦辣鸡腿堡 仅剩39份,快来领取优惠券 新人立减5元 免费配送,29653,490,2026-08-01
P0081,短信,限时秒杀 免费麦辣鸡腿堡 仅剩5份,快来领取优惠券 新人立减5元 免费配送,4038,2137,2026-08-01
P0081,企微1v1,限时秒杀 免费麦辣鸡腿堡 仅剩99份,快来领取优惠券 新人立减5元 免费配送,43724,850,2026-08-01
P0081,APP Push,限时秒杀 免费麦辣鸡腿堡 仅剩49份,快来领取优惠券 新人立减5元 免费配送,31788,4990,2026-08-01
P0081,APP Push,限时秒杀 免费麦辣鸡腿堡 仅剩15份,快来领取优惠券 新人立减5元 免费配送,18524,249,2026-08-01
P0081,APP Push,限时秒杀 免费麦辣鸡腿堡 仅剩61份,快来领取优惠券 新人立减5元 免费配送,40705,486,2026-08-01
P0081,APP Push,限时秒杀 免费麦辣鸡腿堡 仅剩3份,快来领取优惠券 新人立减5元 免费配送,17480,1292,2026-08-01
P0081,企微1v1,限时秒杀 免费麦辣鸡腿堡 仅剩98份,快来领取优惠券 新人立减5元 免费配送,11392,1877,2026-08-01
P0081,APP Push,限时秒杀 免费麦辣鸡腿堡 仅剩83份,快来领取优惠券 新人立减5元 免费配送,15346,4519,2026-08-01
P0081,短信,限时秒杀 免费麦辣鸡腿堡 仅剩3份,快来领取优惠券 新人立减5元 免费配送,5028,3778,2026-08-01
P0081,企微1v1,限时秒杀 免费麦辣鸡腿堡 仅剩43份,快来领取优惠券 新人立减5元 免费配送,10934,688,2026-08-01
P0081,APP Push,限时秒杀 免费麦辣鸡腿堡 仅剩85份,快来领取优惠券 新人立减5元 免费配送,40063,492,2026-08-01
P0081,APP Push,限时秒杀 免费麦辣鸡腿堡 仅剩82份,快来领取优惠券 新人立减5元 免费配送,15966,3389,2026-08-01
P0081,企微1v1,限时秒杀 免费麦辣鸡腿堡 仅剩2份,快来领取优惠券 新人立减5元 免费配送,33398,2240,2026-08-01
P0082,APP Push,限时秒杀 免费麦辣鸡腿堡 仅剩72份,快来领取优惠券 新人立减5元 免费配送,10820,755,2026-08-01
P0082,企微1v1,限时秒杀 免费麦辣鸡腿堡 仅剩93份,快来领取优惠券 新人立减5元 免费配送,21866,4379,2026-08-01
P0082,短信,限时秒杀 免费麦辣鸡腿堡 仅剩26份,快来领取优惠券 新人立减5元 免费配送,36007,1831,2026-08-01
P0082,短信,限时秒杀 免费麦辣鸡腿堡 仅剩66份,快来领取优惠券 新人立减5元 免费配送,20589,4389,2026-08-01
P0082,APP Push,限时秒杀 免费麦辣鸡腿堡 仅剩21份,快来领取优惠券 新人立减5元 免费配送,13144,2997,2026-08-01
P0082,APP Push,限时秒杀 免费麦辣鸡腿堡 仅剩13份,快来领取优惠券 新人立减5元 免费配送,19695,3495,2026-08-01
P0082,企微1v1,限时秒杀 免费麦辣鸡腿堡 仅剩66份,快来领取优惠券 新人立减5元 免费配送,17663,4440,2026-08-01
P0082,APP Push,限时秒杀 免费麦辣鸡腿堡 仅剩15份,快来领取优惠券 新人立减5元 免费配送,25370,3362,2026-08-01
P0082,APP Push,限时秒杀 免费麦辣鸡腿堡 仅剩24份,快来领取优惠券 新人立减5元 免费配送,4226,3446,2026-08-01
P0082,短信,限时秒杀 免费麦辣鸡腿堡 仅剩4份,快来领取优惠券 新人立减5元 免费配送,38059,2327,2026-08-01
P0082,短信,限时秒杀 免费麦辣鸡腿堡 仅剩96份,快来领取优惠券 新人立减5元 免费配送,38532,2683,2026-08-01
P0082,APP Push,限时秒杀 免费麦辣鸡腿堡 仅剩97份,快来领取优惠券 新人立减5元 免费配送,2109,552,2026-08-01
P0082,APP Push,限时秒杀 免费麦辣鸡腿堡 仅剩3份,快来领取优惠券 新人立减5元 免费配送,16299,2783,2026-08-01
P0082,APP Push,限时秒杀 免费麦辣鸡腿堡 仅剩81份,快来领取优惠券 新人立减5元 免费配送,49173,848,2026-08-01
P0082,企微1v1,限时秒杀 免费麦辣鸡腿堡 仅剩33份,快来领取优惠券 新人立减5元 免费配送,31582,572,2026-08-01
P0082,APP Push,限时秒杀 免费麦辣鸡腿堡 仅剩55份,快来领取优惠券 新人立减5元 免费配送,16324,2269,2026-08-01
P0082,企微1v1,限时秒杀 免费麦辣鸡腿堡 仅剩99份,快来领取优惠券 新人立减5元 免费配送,39731,1006,2026-08-01
P0082,APP Push,限时秒杀 免费麦辣鸡腿堡 仅剩70份,快来领取优惠券 新人立减5元 免费配送,8731,3133,2026-08-01
P0082,企微1v1,限时秒杀 免费麦辣鸡腿堡 仅剩35份,快来领取优惠券 新人立减5元 免费配送,24960,542,2026-08-01
P0082,APP Push,限时秒杀 免费麦辣鸡腿堡 仅剩53份,快来领取优惠券 新人立减5元 免费配送,20092,3068,2026-08-01
P0083,企微1v1,限时秒杀 免费麦辣鸡腿堡 仅剩1份,快来领取优惠券 新人立减5元 免费配送,10032,4109,2026-08-01
P0083,企微1v1,限时秒杀 免费麦辣鸡腿堡 仅剩29份,快来领取优惠券 新人立减5元 免费配送,14400,720,2026-08-01
P0083,企微1v1,限时秒杀 免费麦辣鸡腿堡 仅剩45份,快来领取优惠券 新人立减5元 免费配送,35990,697,2026-08-01
P0083,APP Push,限时秒杀 免费麦辣鸡腿堡 仅剩23份,快来领取优惠券 新人立减5元 免费配送,42768,2011,2026-08-01
P0083,短信,限时秒杀 免费麦辣鸡腿堡 仅剩12份,快来领取优惠券 新人立减5元 免费配送,19770,4202,2026-08-01
P0083,企微1v1,限时秒杀 免费麦辣鸡腿堡 仅剩8份,快来领取优惠券 新人立减5元 免费配送,42031,3027,2026-08-01
P0083,APP Push,限时秒杀 免费麦辣鸡腿堡 仅剩60份,快来领取优惠券 新人立减5元 免费配送,39829,4726,2026-08-01
P0083,APP Push,限时秒杀 免费麦辣鸡腿堡 仅剩60份,快来领取优惠券 新人立减5元 免费配送,34116,934,2026-08-01
P0083,企微1v1,限时秒杀 免费麦辣鸡腿堡 仅剩26份,快来领取优惠券 新人立减5元 免费配送,24036,2665,2026-08-01
P0083,企微1v1,限时秒杀 免费麦辣鸡腿堡 仅剩92份,快来领取优惠券 新人立减5元 免费配送,46685,301,2026-08-01
P0083,企微1v1,限时秒杀 免费麦辣鸡腿堡 仅剩97份,快来领取优惠券 新人立减5元 免费配送,43409,974,2026-08-01
P0083,企微1v1,限时秒杀 免费麦辣鸡腿堡 仅剩50份,快来领取优惠券 新人立减5元 免费配送,28664,3163,2026-08-01
P0083,APP Push,限时秒杀 免费麦辣鸡腿堡 仅剩17份,快来领取优惠券 新人立减5元 免费配送,25467,3173,2026-08-01
P0083,企微1v1,限时秒杀 免费麦辣鸡腿堡 仅剩91份,快来领取优惠券 新人立减5元 免费配送,37655,2411,2026-08-01
P0083,短信,限时秒杀 免费麦辣鸡腿堡 仅剩89份,快来领取优惠券 新人立减5元 免费配送,44871,1651,2026-08-01
P0083,APP Push,限时秒杀 免费麦辣鸡腿堡 仅剩9份,快来领取优惠券 新人立减5元 免费配送,25685,1799,2026-08-01
P0083,APP Push,限时秒杀 免费麦辣鸡腿堡 仅剩25份,快来领取优惠券 新人立减5元 免费配送,4188,2861,2026-08-01
P0083,企微1v1,限时秒杀 免费麦辣鸡腿堡 仅剩84份,快来领取优惠券 新人立减5元 免费配送,5131,949,2026-08-01
P0083,短信,限时秒杀 免费麦辣鸡腿堡 仅剩71份,快来领取优惠券 新人立减5元 免费配送,41518,480,2026-08-01
P0083,企微1v1,限时秒杀 免费麦辣鸡腿堡 仅剩20份,快来领取优惠券 新人立减5元 免费配送,11757,3030,2026-08-01
P0084,企微1v1,限时秒杀 免费麦辣鸡腿堡 仅剩54份,快来领取优惠券 新人立减5元 免费配送,23256,2558,2026-08-01
P0084,企微1v1,限时秒杀 免费麦辣鸡腿堡 仅剩42份,快来领取优惠券 新人立减5元 免费配送,29021,1500,2026-08-01
P0084,企微1v1,限时秒杀 免费麦辣鸡腿堡 仅剩87份,快来领取优惠券 新人立减5元 免费配送,10040,3900,2026-08-01
P0084,APP Push,限时秒杀 免费麦辣鸡腿堡 仅剩53份,快来领取优惠券 新人立减5元 免费配送,36421,2986,2026-08-01
P0084,企微1v1,限时秒杀 免费麦辣鸡腿堡 仅剩16份,快来领取优惠券 新人立减5元 免费配送,2967,1286,2026-08-01
P0084,短信,限时秒杀 免费麦辣鸡腿堡 仅剩46份,快来领取优惠券 新人立减5元 免费配送,22329,1766,2026-08-01
P0084,APP Push,限时秒杀 免费麦辣鸡腿堡 仅剩92份,快来领取优惠券 新人立减5元 免费配送,19974,3072,2026-08-01
P0084,短信,限时秒杀 免费麦辣鸡腿堡 仅剩7份,快来领取优惠券 新人立减5元 免费配送,7149,3687,2026-08-01
P0084,短信,限时秒杀 免费麦辣鸡腿堡 仅剩71份,快来领取优惠券 新人立减5元 免费配送,42859,1987,2026-08-01
P0084,APP Push,限时秒杀 免费麦辣鸡腿堡 仅剩59份,快来领取优惠券 新人立减5元 免费配送,32194,637,2026-08-01
P0084,APP Push,限时秒杀 免费麦辣鸡腿堡 仅剩10份,快来领取优惠券 新人立减5元 免费配送,14419,1796,2026-08-01
P0084,短信,限时秒杀 免费麦辣鸡腿堡 仅剩77份,快来领取优惠券 新人立减5元 免费配送,13968,3017,2026-08-01
P0084,企微1v1,限时秒杀 免费麦辣鸡腿堡 仅剩1份,快来领取优惠券 新人立减5元 免费配送,20465,2392,2026-08-01
P0084,短信,限时秒杀 免费麦辣鸡腿堡 仅剩2份,快来领取优惠券 新人立减5元 免费配送,23220,586,2026-08-01
P0084,企微1v1,限时秒杀 免费麦辣鸡腿堡 仅剩22份,快来领取优惠券 新人立减5元 免费配送,27917,741,2026-08-01
P0084,短信,限时秒杀 免费麦辣鸡腿堡 仅剩86份,快来领取优惠券 新人立减5元 免费配送,29414,4602,2026-08-01
P0084,短信,限时秒杀 免费麦辣鸡腿堡 仅剩19份,快来领取优惠券 新人立减5元 免费配送,44255,3832,2026-08-01
P0084,企微1v1,限时秒杀 免费麦辣鸡腿堡 仅剩69份,快来领取优惠券 新人立减5元 免费配送,44956,2673,2026-08-01
P0084,APP Push,限时秒杀 免费麦辣鸡腿堡 仅剩48份,快来领取优惠券 新人立减5元 免费配送,2518,774,2026-08-01
P0084,企微1v1,限时秒杀 免费麦辣鸡腿堡 仅剩63份,快来领取优惠券 新人立减5元 免费配送,47357,156,2026-08-01
P0085,APP Push,限时秒杀 免费麦辣鸡腿堡 仅剩68份,快来领取优惠券 新人立减5元 免费配送,4819,991,2026-08-01
P0085,企微1v1,限时秒杀 免费麦辣鸡腿堡 仅剩13份,快来领取优惠券 新人立减5元 免费配送,27855,1143,2026-08-01
P0085,企微1v1,限时秒杀 免费麦辣鸡腿堡 仅剩74份,快来领取优惠券 新人立减5元 免费配送,38172,2589,2026-08-01
P0085,短信,限时秒杀 免费麦辣鸡腿堡 仅剩50份,快来领取优惠券 新人立减5元 免费配送,1366,4452,2026-08-01
P0085,APP Push,限时秒杀 免费麦辣鸡腿堡 仅剩74份,快来领取优惠券 新人立减5元 免费配送,15223,1460,2026-08-01
P0085,短信,限时秒杀 免费麦辣鸡腿堡 仅剩23份,快来领取优惠券 新人立减5元 免费配送,31280,1560,2026-08-01
P0085,企微1v1,限时秒杀 免费麦辣鸡腿堡 仅剩25份,快来领取优惠券 新人立减5元 免费配送,1723,4239,2026-08-01
P0085,APP Push,限时秒杀 免费麦辣鸡腿堡 仅剩66份,快来领取优惠券 新人立减5元 免费配送,31845,4070,2026-08-01
P0085,企微1v1,限时秒杀 免费麦辣鸡腿堡 仅剩35份,快来领取优惠券 新人立减5元 免费配送,43868,3819,2026-08-01
P0085,企微1v1,限时秒杀 免费麦辣鸡腿堡 仅剩79份,快来领取优惠券 新人立减5元 免费配送,40961,4556,2026-08-01
P0085,短信,限时秒杀 免费麦辣鸡腿堡 仅剩82份,快来领取优惠券 新人立减5元 免费配送,7512,1493,2026-08-01
P0085,短信,限时秒杀 免费麦辣鸡腿堡 仅剩87份,快来领取优惠券 新人立减5元 免费配送,43736,432,2026-08-01
P0085,企微1v1,限时秒杀 免费麦辣鸡腿堡 仅剩63份,快来领取优惠券 新人立减5元 免费配送,32435,2289,2026-08-01
P0085,企微1v1,限时秒杀 免费麦辣鸡腿堡 仅剩29份,快来领取优惠券 新人立减5元 免费配送,4059,356,2026-08-01
P0085,短信,限时秒杀 免费麦辣鸡腿堡 仅剩95份,快来领取优惠券 新人立减5元 免费配送,22454,3231,2026-08-01
P0085,企微1v1,限时秒杀 免费麦辣鸡腿堡 仅剩31份,快来领取优惠券 新人立减5元 免费配送,40724,4913,2026-08-01
P0085,APP Push,限时秒杀 免费麦辣鸡腿堡 仅剩69份,快来领取优惠券 新人立减5元 免费配送,42128,1735,2026-08-01
P0085,短信,限时秒杀 免费麦辣鸡腿堡 仅剩43份,快来领取优惠券 新人立减5元 免费配送,13733,1379,2026-08-01
P0085,企微1v1,限时秒杀 免费麦辣鸡腿堡 仅剩69份,快来领取优惠券 新人立减5元 免费配送,36198,1588,2026-08-01
P0085,企微1v1,限时秒杀 免费麦辣鸡腿堡 仅剩80份,快来领取优惠券 新人立减5元 免费配送,7938,2199,2026-08-01
P0086,企微1v1,限时秒杀 免费麦辣鸡腿堡 仅剩28份,快来领取优惠券 新人立减5元 免费配送,5116,3127,2026-08-01
P0086,企微1v1,限时秒杀 免费麦辣鸡腿堡 仅剩20份,快来领取优惠券 新人立减5元 免费配送,45307,3468,2026-08-01
P0086,短信,限时秒杀 免费麦辣鸡腿堡 仅剩63份,快来领取优惠券 新人立减5元 免费配送,7844,2264,2026-08-01
P0086,企微1v1,限时秒杀 免费麦辣鸡腿堡 仅剩46份,快来领取优惠券 新人立减5元 免费配送,25055,3369,2026-08-01
P0086,企微1v1,限时秒杀 免费麦辣鸡腿堡 仅剩98份,快来领取优惠券 新人立减5元 免费配送,27967,2239,2026-08-01
P0086,APP Push,限时秒杀 免费麦辣鸡腿堡 仅剩27份,快来领取优惠券 新人立减5元 免费配送,30988,3106,2026-08-01
P0086,APP Push,限时秒杀 免费麦辣鸡腿堡 仅剩12份,快来领取优惠券 新人立减5元 免费配送,21757,203,2026-08-01
P0086,企微1v1,限时秒杀 免费麦辣鸡腿堡 仅剩54份,快来领取优惠券 新人立减5元 免费配送,14329,4904,2026-08-01
P0086,企微1v1,限时秒杀 免费麦辣鸡腿堡 仅剩32份,快来领取优惠券 新人立减5元 免费配送,43627,3535,2026-08-01
P0086,企微1v1,限时秒杀 免费麦辣鸡腿堡 仅剩15份,快来领取优惠券 新人立减5元 免费配送,2104,1796,2026-08-01
P0086,短信,限时秒杀 免费麦辣鸡腿堡 仅剩39份,快来领取优惠券 新人立减5元 免费配送,5889,1853,2026-08-01
P0086,企微1v1,限时秒杀 免费麦辣鸡腿堡 仅剩11份,快来领取优惠券 新人立减5元 免费配送,14436,1409,2026-08-01
P0086,APP Push,限时秒杀 免费麦辣鸡腿堡 仅剩74份,快来领取优惠券 新人立减5元 免费配送,46604,3659,2026-08-01
P0086,短信,限时秒杀 免费麦辣鸡腿堡 仅剩42份,快来领取优惠券 新人立减5元 免费配送,20208,1380,2026-08-01
P0086,APP Push,限时秒杀 免费麦辣鸡腿堡 仅剩84份,快来领取优惠券 新人立减5元 免费配送,35128,4147,2026-08-01
P0086,APP Push,限时秒杀 免费麦辣鸡腿堡 仅剩97份,快来领取优惠券 新人立减5元 免费配送,9610,4080,2026-08-01
P0086,短信,限时秒杀 免费麦辣鸡腿堡 仅剩80份,快来领取优惠券 新人立减5元 免费配送,5350,124,2026-08-01
P0086,企微1v1,限时秒杀 免费麦辣鸡腿堡 仅剩57份,快来领取优惠券 新人立减5元 免费配送,48490,2292,2026-08-01
P0086,APP Push,限时秒杀 免费麦辣鸡腿堡 仅剩66份,快来领取优惠券 新人立减5元 免费配送,36596,1249,2026-08-01
P0086,短信,限时秒杀 免费麦辣鸡腿堡 仅剩88份,快来领取优惠券 新人立减5元 免费配送,23335,2598,2026-08-01
P0087,APP Push,限时秒杀 免费麦辣鸡腿堡 仅剩24份,快来领取优惠券 新人立减5元 免费配送,22211,3404,2026-08-01
P0087,短信,限时秒杀 免费麦辣鸡腿堡 仅剩38份,快来领取优惠券 新人立减5元 免费配送,23943,3794,2026-08-01
P0087,企微1v1,限时秒杀 免费麦辣鸡腿堡 仅剩54份,快来领取优惠券 新人立减5元 免费配送,12630,4971,2026-08-01
P0087,企微1v1,限时秒杀 免费麦辣鸡腿堡 仅剩27份,快来领取优惠券 新人立减5元 免费配送,18305,3536,2026-08-01
P0087,短信,限时秒杀 免费麦辣鸡腿堡 仅剩56份,快来领取优惠券 新人立减5元 免费配送,33146,605,2026-08-01
P0087,企微1v1,限时秒杀 免费麦辣鸡腿堡 仅剩63份,快来领取优惠券 新人立减5元 免费配送,23477,501,2026-08-01
P0087,企微1v1,限时秒杀 免费麦辣鸡腿堡 仅剩64份,快来领取优惠券 新人立减5元 免费配送,24913,3694,2026-08-01
P0087,APP Push,限时秒杀 免费麦辣鸡腿堡 仅剩12份,快来领取优惠券 新人立减5元 免费配送,36049,2420,2026-08-01
P0087,短信,限时秒杀 免费麦辣鸡腿堡 仅剩38份,快来领取优惠券 新人立减5元 免费配送,41869,3674,2026-08-01
P0087,企微1v1,限时秒杀 免费麦辣鸡腿堡 仅剩84份,快来领取优惠券 新人立减5元 免费配送,43383,3828,2026-08-01
P0087,APP Push,限时秒杀 免费麦辣鸡腿堡 仅剩45份,快来领取优惠券 新人立减5元 免费配送,45484,3761,2026-08-01
P0087,短信,限时秒杀 免费麦辣鸡腿堡 仅剩53份,快来领取优惠券 新人立减5元 免费配送,36808,369,2026-08-01
P0087,企微1v1,限时秒杀 免费麦辣鸡腿堡 仅剩70份,快来领取优惠券 新人立减5元 免费配送,24030,153,2026-08-01
P0087,企微1v1,限时秒杀 免费麦辣鸡腿堡 仅剩3份,快来领取优惠券 新人立减5元 免费配送,39789,3953,2026-08-01
P0087,短信,限时秒杀 免费麦辣鸡腿堡 仅剩79份,快来领取优惠券 新人立减5元 免费配送,28896,1905,2026-08-01
P0087,短信,限时秒杀 免费麦辣鸡腿堡 仅剩92份,快来领取优惠券 新人立减5元 免费配送,4863,2599,2026-08-01
P0087,短信,限时秒杀 免费麦辣鸡腿堡 仅剩69份,快来领取优惠券 新人立减5元 免费配送,13760,4509,2026-08-01
P0087,APP Push,限时秒杀 免费麦辣鸡腿堡 仅剩88份,快来领取优惠券 新人立减5元 免费配送,8522,4240,2026-08-01
P0087,企微1v1,限时秒杀 免费麦辣鸡腿堡 仅剩16份,快来领取优惠券 新人立减5元 免费配送,36994,539,2026-08-01
P0087,企微1v1,限时秒杀 免费麦辣鸡腿堡 仅剩41份,快来领取优惠券 新人立减5元 免费配送,23266,518,2026-08-01
P0088,企微1v1,限时秒杀 免费麦辣鸡腿堡 仅剩88份,快来领取优惠券 新人立减5元 免费配送,48794,1323,2026-08-01
P0088,短信,限时秒杀 免费麦辣鸡腿堡 仅剩76份,快来领取优惠券 新人立减5元 免费配送,2189,4997,2026-08-01
P0088,短信,限时秒杀 免费麦辣鸡腿堡 仅剩78份,快来领取优惠券 新人立减5元 免费配送,40961,3430,2026-08-01
P0088,企微1v1,限时秒杀 免费麦辣鸡腿堡 仅剩62份,快来领取优惠券 新人立减5元 免费配送,18850,4461,2026-08-01
P0088,短信,限时秒杀 免费麦辣鸡腿堡 仅剩29份,快来领取优惠券 新人立减5元 免费配送,20249,1428,2026-08-01
P0088,APP Push,限时秒杀 免费麦辣鸡腿堡 仅剩26份,快来领取优惠券 新人立减5元 免费配送,33158,2088,2026-08-01
P0088,APP Push,限时秒杀 免费麦辣鸡腿堡 仅剩99份,快来领取优惠券 新人立减5元 免费配送,18744,2930,2026-08-01
P0088,APP Push,限时秒杀 免费麦辣鸡腿堡 仅剩74份,快来领取优惠券 新人立减5元 免费配送,47975,2770,2026-08-01
P0088,APP Push,限时秒杀 免费麦辣鸡腿堡 仅剩9份,快来领取优惠券 新人立减5元 免费配送,26194,1686,2026-08-01
P0088,APP Push,限时秒杀 免费麦辣鸡腿堡 仅剩79份,快来领取优惠券 新人立减5元 免费配送,40556,1808,2026-08-01
P0088,企微1v1,限时秒杀 免费麦辣鸡腿堡 仅剩21份,快来领取优惠券 新人立减5元 免费配送,32858,2569,2026-08-01
P0088,短信,限时秒杀 免费麦辣鸡腿堡 仅剩11份,快来领取优惠券 新人立减5元 免费配送,49748,882,2026-08-01
P0088,短信,限时秒杀 免费麦辣鸡腿堡 仅剩40份,快来领取优惠券 新人立减5元 免费配送,15315,337,2026-08-01
P0088,APP Push,限时秒杀 免费麦辣鸡腿堡 仅剩45份,快来领取优惠券 新人立减5元 免费配送,6716,3787,2026-08-01
P0088,企微1v1,限时秒杀 免费麦辣鸡腿堡 仅剩40份,快来领取优惠券 新人立减5元 免费配送,33268,3186,2026-08-01
P0088,企微1v1,限时秒杀 免费麦辣鸡腿堡 仅剩29份,快来领取优惠券 新人立减5元 免费配送,45344,4682,2026-08-01
P0088,企微1v1,限时秒杀 免费麦辣鸡腿堡 仅剩68份,快来领取优惠券 新人立减5元 免费配送,40894,994,2026-08-01
P0088,短信,限时秒杀 免费麦辣鸡腿堡 仅剩42份,快来领取优惠券 新人立减5元 免费配送,26738,3124,2026-08-01
P0088,APP Push,限时秒杀 免费麦辣鸡腿堡 仅剩69份,快来领取优惠券 新人立减5元 免费配送,10542,3991,2026-08-01
P0088,短信,限时秒杀 免费麦辣鸡腿堡 仅剩76份,快来领取优惠券 新人立减5元 免费配送,26208,4415,2026-08-01
P0089,企微1v1,限时秒杀 免费麦辣鸡腿堡 仅剩35份,快来领取优惠券 新人立减5元 免费配送,35988,1323,2026-08-01
P0089,短信,限时秒杀 免费麦辣鸡腿堡 仅剩18份,快来领取优惠券 新人立减5元 免费配送,5987,1356,2026-08-01
P0089,APP Push,限时秒杀 免费麦辣鸡腿堡 仅剩33份,快来领取优惠券 新人立减5元 免费配送,3931,1900,2026-08-01
P0089,短信,限时秒杀 免费麦辣鸡腿堡 仅剩65份,快来领取优惠券 新人立减5元 免费配送,24326,3291,2026-08-01
P0089,短信,限时秒杀 免费麦辣鸡腿堡 仅剩45份,快来领取优惠券 新人立减5元 免费配送,49553,965,2026-08-01
P0089,短信,限时秒杀 免费麦辣鸡腿堡 仅剩95份,快来领取优惠券 新人立减5元 免费配送,33973,4898,2026-08-01
P0089,短信,限时秒杀 免费麦辣鸡腿堡 仅剩61份,快来领取优惠券 新人立减5元 免费配送,2638,1759,2026-08-01
P0089,短信,限时秒杀 免费麦辣鸡腿堡 仅剩53份,快来领取优惠券 新人立减5元 免费配送,2355,3476,2026-08-01
P0089,短信,限时秒杀 免费麦辣鸡腿堡 仅剩55份,快来领取优惠券 新人立减5元 免费配送,39611,4625,2026-08-01
P0089,短信,限时秒杀 免费麦辣鸡腿堡 仅剩32份,快来领取优惠券 新人立减5元 免费配送,7903,757,2026-08-01
P0089,企微1v1,限时秒杀 免费麦辣鸡腿堡 仅剩54份,快来领取优惠券 新人立减5元 免费配送,35858,2610,2026-08-01
P0089,短信,限时秒杀 免费麦辣鸡腿堡 仅剩28份,快来领取优惠券 新人立减5元 免费配送,33330,3883,2026-08-01
P0089,APP Push,限时秒杀 免费麦辣鸡腿堡 仅剩81份,快来领取优惠券 新人立减5元 免费配送,43191,4881,2026-08-01
P0089,短信,限时秒杀 免费麦辣鸡腿堡 仅剩37份,快来领取优惠券 新人立减5元 免费配送,35143,4531,2026-08-01
P0089,企微1v1,限时秒杀 免费麦辣鸡腿堡 仅剩47份,快来领取优惠券 新人立减5元 免费配送,7418,115,2026-08-01
P0089,企微1v1,限时秒杀 免费麦辣鸡腿堡 仅剩98份,快来领取优惠券 新人立减5元 免费配送,23765,3862,2026-08-01
P0089,APP Push,限时秒杀 免费麦辣鸡腿堡 仅剩69份,快来领取优惠券 新人立减5元 免费配送,18946,519,2026-08-01
P0089,APP Push,限时秒杀 免费麦辣鸡腿堡 仅剩58份,快来领取优惠券 新人立减5元 免费配送,12856,4145,2026-08-01
P0089,短信,限时秒杀 免费麦辣鸡腿堡 仅剩39份,快来领取优惠券 新人立减5元 免费配送,42727,4279,2026-08-01
P0089,APP Push,限时秒杀 免费麦辣鸡腿堡 仅剩21份,快来领取优惠券 新人立减5元 免费配送,39828,676,2026-08-01
P0090,短信,限时秒杀 免费麦辣鸡腿堡 仅剩31份,快来领取优惠券 新人立减5元 免费配送,33832,1424,2026-08-01
P0090,企微1v1,限时秒杀 免费麦辣鸡腿堡 仅剩5份,快来领取优惠券 新人立减5元 免费配送,8931,4335,2026-08-01
P0090,企微1v1,限时秒杀 免费麦辣鸡腿堡 仅剩97份,快来领取优惠券 新人立减5元 免费配送,23007,3602,2026-08-01
P0090,企微1v1,限时秒杀 免费麦辣鸡腿堡 仅剩30份,快来领取优惠券 新人立减5元 免费配送,8376,3466,2026-08-01
P0090,短信,限时秒杀 免费麦辣鸡腿堡 仅剩63份,快来领取优惠券 新人立减5元 免费配送,48112,4838,2026-08-01
P0090,短信,限时秒杀 免费麦辣鸡腿堡 仅剩12份,快来领取优惠券 新人立减5元 免费配送,38555,4958,2026-08-01
P0090,企微1v1,限时秒杀 免费麦辣鸡腿堡 仅剩39份,快来领取优惠券 新人立减5元 免费配送,2984,2894,2026-08-01
P0090,短信,限时秒杀 免费麦辣鸡腿堡 仅剩62份,快来领取优惠券 新人立减5元 免费配送,8764,4693,2026-08-01
P0090,短信,限时秒杀 免费麦辣鸡腿堡 仅剩39份,快来领取优惠券 新人立减5元 免费配送,7731,3143,2026-08-01
P0090,APP Push,限时秒杀 免费麦辣鸡腿堡 仅剩75份,快来领取优惠券 新人立减5元 免费配送,12899,2644,2026-08-01
P0090,短信,限时秒杀 免费麦辣鸡腿堡 仅剩24份,快来领取优惠券 新人立减5元 免费配送,23288,4012,2026-08-01
P0090,APP Push,限时秒杀 免费麦辣鸡腿堡 仅剩49份,快来领取优惠券 新人立减5元 免费配送,23133,4507,2026-08-01
P0090,APP Push,限时秒杀 免费麦辣鸡腿堡 仅剩48份,快来领取优惠券 新人立减5元 免费配送,23198,4747,2026-08-01
P0090,企微1v1,限时秒杀 免费麦辣鸡腿堡 仅剩27份,快来领取优惠券 新人立减5元 免费配送,30963,3511,2026-08-01
P0090,短信,限时秒杀 免费麦辣鸡腿堡 仅剩95份,快来领取优惠券 新人立减5元 免费配送,38702,2691,2026-08-01
P0090,企微1v1,限时秒杀 免费麦辣鸡腿堡 仅剩55份,快来领取优惠券 新人立减5元 免费配送,32325,1660,2026-08-01
P0090,APP Push,限时秒杀 免费麦辣鸡腿堡 仅剩62份,快来领取优惠券 新人立减5元 免费配送,4334,1672,2026-08-01
P0090,APP Push,限时秒杀 免费麦辣鸡腿堡 仅剩64份,快来领取优惠券 新人立减5元 免费配送,1084,1406,2026-08-01
P0090,APP Push,限时秒杀 免费麦辣鸡腿堡 仅剩21份,快来领取优惠券 新人立减5元 免费配送,35035,1835,2026-08-01
P0090,短信,限时秒杀 免费麦辣鸡腿堡 仅剩95份,快来领取优惠券 新人立减5元 免费配送,8346,1094,2026-08-01
P0091,企微1v1,限时秒杀 免费麦辣鸡腿堡 仅剩25份,快来领取优惠券 新人立减5元 免费配送,35625,275,2026-08-01
P0091,APP Push,限时秒杀 免费麦辣鸡腿堡 仅剩49份,快来领取优惠券 新人立减5元 免费配送,11523,1075,2026-08-01
P0091,企微1v1,限时秒杀 免费麦辣鸡腿堡 仅剩43份,快来领取优惠券 新人立减5元 免费配送,34639,1946,2026-08-01
P0091,短信,限时秒杀 免费麦辣鸡腿堡 仅剩59份,快来领取优惠券 新人立减5元 免费配送,4909,1011,2026-08-01
P0091,APP Push,限时秒杀 免费麦辣鸡腿堡 仅剩26份,快来领取优惠券 新人立减5元 免费配送,35415,962,2026-08-01
P0091,APP Push,限时秒杀 免费麦辣鸡腿堡 仅剩72份,快来领取优惠券 新人立减5元 免费配送,48102,799,2026-08-01
P0091,短信,限时秒杀 免费麦辣鸡腿堡 仅剩11份,快来领取优惠券 新人立减5元 免费配送,1618,1574,2026-08-01
P0091,企微1v1,限时秒杀 免费麦辣鸡腿堡 仅剩59份,快来领取优惠券 新人立减5元 免费配送,39050,4398,2026-08-01
P0091,APP Push,限时秒杀 免费麦辣鸡腿堡 仅剩40份,快来领取优惠券 新人立减5元 免费配送,44099,2505,2026-08-01
P0091,短信,限时秒杀 免费麦辣鸡腿堡 仅剩73份,快来领取优惠券 新人立减5元 免费配送,41093,1925,2026-08-01
P0091,企微1v1,限时秒杀 免费麦辣鸡腿堡 仅剩36份,快来领取优惠券 新人立减5元 免费配送,9569,4157,2026-08-01
P0091,APP Push,限时秒杀 免费麦辣鸡腿堡 仅剩43份,快来领取优惠券 新人立减5元 免费配送,44720,1736,2026-08-01
P0091,APP Push,限时秒杀 免费麦辣鸡腿堡 仅剩17份,快来领取优惠券 新人立减5元 免费配送,49823,3325,2026-08-01
P0091,企微1v1,限时秒杀 免费麦辣鸡腿堡 仅剩49份,快来领取优惠券 新人立减5元 免费配送,4961,4926,2026-08-01
P0091,APP Push,限时秒杀 免费麦辣鸡腿堡 仅剩78份,快来领取优惠券 新人立减5元 免费配送,2257,2406,2026-08-01
P0091,APP Push,限时秒杀 免费麦辣鸡腿堡 仅剩7份,快来领取优惠券 新人立减5元 免费配送,29074,377,2026-08-01
P0091,APP Push,限时秒杀 免费麦辣鸡腿堡 仅剩28份,快来领取优惠券 新人立减5元 免费配送,21026,727,2026-08-01
P0091,短信,限时秒杀 免费麦辣鸡腿堡 仅剩25份,快来领取优惠券 新人立减5元 免费配送,2290,4824,2026-08-01
P0091,企微1v1,限时秒杀 免费麦辣鸡腿堡 仅剩49份,快来领取优惠券 新人立减5元 免费配送,29648,3976,2026-08-01
P0091,APP Push,限时秒杀 免费麦辣鸡腿堡 仅剩36份,快来领取优惠券 新人立减5元 免费配送,46177,712,2026-08-01
P0092,短信,限时秒杀 免费麦辣鸡腿堡 仅剩46份,快来领取优惠券 新人立减5元 免费配送,33222,3600,2026-08-01
P0092,企微1v1,限时秒杀 免费麦辣鸡腿堡 仅剩79份,快来领取优惠券 新人立减5元 免费配送,2150,363,2026-08-01
P0092,APP Push,限时秒杀 免费麦辣鸡腿堡 仅剩76份,快来领取优惠券 新人立减5元 免费配送,40423,3954,2026-08-01
P0092,企微1v1,限时秒杀 免费麦辣鸡腿堡 仅剩26份,快来领取优惠券 新人立减5元 免费配送,46430,3766,2026-08-01
P0092,短信,限时秒杀 免费麦辣鸡腿堡 仅剩1份,快来领取优惠券 新人立减5元 免费配送,17513,2113,2026-08-01
P0092,APP Push,限时秒杀 免费麦辣鸡腿堡 仅剩30份,快来领取优惠券 新人立减5元 免费配送,21726,4248,2026-08-01
P0092,企微1v1,限时秒杀 免费麦辣鸡腿堡 仅剩97份,快来领取优惠券 新人立减5元 免费配送,3171,3302,2026-08-01
P0092,企微1v1,限时秒杀 免费麦辣鸡腿堡 仅剩89份,快来领取优惠券 新人立减5元 免费配送,14625,2095,2026-08-01
P0092,APP Push,限时秒杀 免费麦辣鸡腿堡 仅剩41份,快来领取优惠券 新人立减5元 免费配送,2155,962,2026-08-01
P0092,APP Push,限时秒杀 免费麦辣鸡腿堡 仅剩12份,快来领取优惠券 新人立减5元 免费配送,15356,3002,2026-08-01
P0092,短信,限时秒杀 免费麦辣鸡腿堡 仅剩93份,快来领取优惠券 新人立减5元 免费配送,7959,4484,2026-08-01
P0092,企微1v1,限时秒杀 免费麦辣鸡腿堡 仅剩35份,快来领取优惠券 新人立减5元 免费配送,42163,1734,2026-08-01
P0092,APP Push,限时秒杀 免费麦辣鸡腿堡 仅剩57份,快来领取优惠券 新人立减5元 免费配送,30599,3856,2026-08-01
P0092,APP Push,限时秒杀 免费麦辣鸡腿堡 仅剩76份,快来领取优惠券 新人立减5元 免费配送,7140,4210,2026-08-01
P0092,短信,限时秒杀 免费麦辣鸡腿堡 仅剩24份,快来领取优惠券 新人立减5元 免费配送,46370,1118,2026-08-01
P0092,企微1v1,限时秒杀 免费麦辣鸡腿堡 仅剩75份,快来领取优惠券 新人立减5元 免费配送,13071,696,2026-08-01
P0092,短信,限时秒杀 免费麦辣鸡腿堡 仅剩34份,快来领取优惠券 新人立减5元 免费配送,47771,3648,2026-08-01
P0092,企微1v1,限时秒杀 免费麦辣鸡腿堡 仅剩27份,快来领取优惠券 新人立减5元 免费配送,9728,989,2026-08-01
P0092,短信,限时秒杀 免费麦辣鸡腿堡 仅剩32份,快来领取优惠券 新人立减5元 免费配送,42891,1825,2026-08-01
P0092,企微1v1,限时秒杀 免费麦辣鸡腿堡 仅剩33份,快来领取优惠券 新人立减5元 免费配送,4163,976,2026-08-01
P0093,APP Push,限时秒杀 免费麦辣鸡腿堡 仅剩70份,快来领取优惠券 新人立减5元 免费配送,33717,2255,2026-08-01
P0093,短信,限时秒杀 免费麦辣鸡腿堡 仅剩18份,快来领取优惠券 新人立减5元 免费配送,6485,1012,2026-08-01
P0093,APP Push,限时秒杀 免费麦辣鸡腿堡 仅剩80份,快来领取优惠券 新人立减5元 免费配送,34100,2134,2026-08-01
P0093,APP Push,限时秒杀 免费麦辣鸡腿堡 仅剩17份,快来领取优惠券 新人立减5元 免费配送,30667,1717,2026-08-01
P0093,企微1v1,限时秒杀 免费麦辣鸡腿堡 仅剩80份,快来领取优惠券 新人立减5元 免费配送,33481,941,2026-08-01
P0093,企微1v1,限时秒杀 免费麦辣鸡腿堡 仅剩55份,快来领取优惠券 新人立减5元 免费配送,36688,1554,2026-08-01
P0093,APP Push,限时秒杀 免费麦辣鸡腿堡 仅剩53份,快来领取优惠券 新人立减5元 免费配送,43258,4778,2026-08-01
P0093,短信,限时秒杀 免费麦辣鸡腿堡 仅剩17份,快来领取优惠券 新人立减5元 免费配送,39816,1175,2026-08-01
P0093,短信,限时秒杀 免费麦辣鸡腿堡 仅剩50份,快来领取优惠券 新人立减5元 免费配送,25149,4446,2026-08-01
P0093,短信,限时秒杀 免费麦辣鸡腿堡 仅剩26份,快来领取优惠券 新人立减5元 免费配送,47969,1772,2026-08-01
P0093,企微1v1,限时秒杀 免费麦辣鸡腿堡 仅剩29份,快来领取优惠券 新人立减5元 免费配送,41500,4193,2026-08-01
P0093,短信,限时秒杀 免费麦辣鸡腿堡 仅剩7份,快来领取优惠券 新人立减5元 免费配送,28097,3901,2026-08-01
P0093,APP Push,限时秒杀 免费麦辣鸡腿堡 仅剩70份,快来领取优惠券 新人立减5元 免费配送,22050,1749,2026-08-01
P0093,企微1v1,限时秒杀 免费麦辣鸡腿堡 仅剩21份,快来领取优惠券 新人立减5元 免费配送,2866,2764,2026-08-01
P0093,企微1v1,限时秒杀 免费麦辣鸡腿堡 仅剩98份,快来领取优惠券 新人立减5元 免费配送,5793,4661,2026-08-01
P0093,短信,限时秒杀 免费麦辣鸡腿堡 仅剩99份,快来领取优惠券 新人立减5元 免费配送,27374,2617,2026-08-01
P0093,短信,限时秒杀 免费麦辣鸡腿堡 仅剩69份,快来领取优惠券 新人立减5元 免费配送,12690,1945,2026-08-01
P0093,短信,限时秒杀 免费麦辣鸡腿堡 仅剩3份,快来领取优惠券 新人立减5元 免费配送,32158,1044,2026-08-01
P0093,短信,限时秒杀 免费麦辣鸡腿堡 仅剩92份,快来领取优惠券 新人立减5元 免费配送,14499,3755,2026-08-01
P0093,企微1v1,限时秒杀 免费麦辣鸡腿堡 仅剩76份,快来领取优惠券 新人立减5元 免费配送,20965,2478,2026-08-01
P0094,APP Push,限时秒杀 免费麦辣鸡腿堡 仅剩91份,快来领取优惠券 新人立减5元 免费配送,41172,2975,2026-08-01
P0094,企微1v1,限时秒杀 免费麦辣鸡腿堡 仅剩86份,快来领取优惠券 新人立减5元 免费配送,6982,225,2026-08-01
P0094,短信,限时秒杀 免费麦辣鸡腿堡 仅剩4份,快来领取优惠券 新人立减5元 免费配送,31688,485,2026-08-01
P0094,APP Push,限时秒杀 免费麦辣鸡腿堡 仅剩11份,快来领取优惠券 新人立减5元 免费配送,4585,2203,2026-08-01
P0094,企微1v1,限时秒杀 免费麦辣鸡腿堡 仅剩94份,快来领取优惠券 新人立减5元 免费配送,5846,612,2026-08-01
P0094,APP Push,限时秒杀 免费麦辣鸡腿堡 仅剩29份,快来领取优惠券 新人立减5元 免费配送,39539,382,2026-08-01
P0094,短信,限时秒杀 免费麦辣鸡腿堡 仅剩41份,快来领取优惠券 新人立减5元 免费配送,22866,3896,2026-08-01
P0094,APP Push,限时秒杀 免费麦辣鸡腿堡 仅剩69份,快来领取优惠券 新人立减5元 免费配送,45154,4093,2026-08-01
P0094,短信,限时秒杀 免费麦辣鸡腿堡 仅剩52份,快来领取优惠券 新人立减5元 免费配送,19991,312,2026-08-01
P0094,APP Push,限时秒杀 免费麦辣鸡腿堡 仅剩46份,快来领取优惠券 新人立减5元 免费配送,23963,2732,2026-08-01
P0094,APP Push,限时秒杀 免费麦辣鸡腿堡 仅剩54份,快来领取优惠券 新人立减5元 免费配送,13467,3336,2026-08-01
P0094,APP Push,限时秒杀 免费麦辣鸡腿堡 仅剩4份,快来领取优惠券 新人立减5元 免费配送,18566,4555,2026-08-01
P0094,APP Push,限时秒杀 免费麦辣鸡腿堡 仅剩39份,快来领取优惠券 新人立减5元 免费配送,10941,4983,2026-08-01
P0094,APP Push,限时秒杀 免费麦辣鸡腿堡 仅剩93份,快来领取优惠券 新人立减5元 免费配送,27342,2211,2026-08-01
P0094,APP Push,限时秒杀 免费麦辣鸡腿堡 仅剩3份,快来领取优惠券 新人立减5元 免费配送,3615,1556,2026-08-01
P0094,短信,限时秒杀 免费麦辣鸡腿堡 仅剩58份,快来领取优惠券 新人立减5元 免费配送,40008,1320,2026-08-01
P0094,APP Push,限时秒杀 免费麦辣鸡腿堡 仅剩79份,快来领取优惠券 新人立减5元 免费配送,48762,2789,2026-08-01
P0094,企微1v1,限时秒杀 免费麦辣鸡腿堡 仅剩84份,快来领取优惠券 新人立减5元 免费配送,26645,4210,2026-08-01
P0094,短信,限时秒杀 免费麦辣鸡腿堡 仅剩99份,快来领取优惠券 新人立减5元 免费配送,6111,4301,2026-08-01
P0094,企微1v1,限时秒杀 免费麦辣鸡腿堡 仅剩29份,快来领取优惠券 新人立减5元 免费配送,18564,2261,2026-08-01
P0095,APP Push,限时秒杀 免费麦辣鸡腿堡 仅剩47份,快来领取优惠券 新人立减5元 免费配送,38780,2539,2026-08-01
P0095,短信,限时秒杀 免费麦辣鸡腿堡 仅剩33份,快来领取优惠券 新人立减5元 免费配送,16295,2615,2026-08-01
P0095,企微1v1,限时秒杀 免费麦辣鸡腿堡 仅剩68份,快来领取优惠券 新人立减5元 免费配送,20156,2344,2026-08-01
P0095,企微1v1,限时秒杀 免费麦辣鸡腿堡 仅剩63份,快来领取优惠券 新人立减5元 免费配送,8341,730,2026-08-01
P0095,企微1v1,限时秒杀 免费麦辣鸡腿堡 仅剩26份,快来领取优惠券 新人立减5元 免费配送,43560,1539,2026-08-01
P0095,短信,限时秒杀 免费麦辣鸡腿堡 仅剩87份,快来领取优惠券 新人立减5元 免费配送,14684,2346,2026-08-01
P0095,企微1v1,限时秒杀 免费麦辣鸡腿堡 仅剩84份,快来领取优惠券 新人立减5元 免费配送,35354,3724,2026-08-01
P0095,短信,限时秒杀 免费麦辣鸡腿堡 仅剩57份,快来领取优惠券 新人立减5元 免费配送,47014,3459,2026-08-01
P0095,APP Push,限时秒杀 免费麦辣鸡腿堡 仅剩70份,快来领取优惠券 新人立减5元 免费配送,30135,2902,2026-08-01
P0095,APP Push,限时秒杀 免费麦辣鸡腿堡 仅剩95份,快来领取优惠券 新人立减5元 免费配送,15216,4012,2026-08-01
P0095,企微1v1,限时秒杀 免费麦辣鸡腿堡 仅剩76份,快来领取优惠券 新人立减5元 免费配送,7903,281,2026-08-01
P0095,APP Push,限时秒杀 免费麦辣鸡腿堡 仅剩10份,快来领取优惠券 新人立减5元 免费配送,45520,2016,2026-08-01
P0095,短信,限时秒杀 免费麦辣鸡腿堡 仅剩55份,快来领取优惠券 新人立减5元 免费配送,43580,2727,2026-08-01
P0095,短信,限时秒杀 免费麦辣鸡腿堡 仅剩13份,快来领取优惠券 新人立减5元 免费配送,6967,4054,2026-08-01
P0095,企微1v1,限时秒杀 免费麦辣鸡腿堡 仅剩93份,快来领取优惠券 新人立减5元 免费配送,33472,3924,2026-08-01
P0095,APP Push,限时秒杀 免费麦辣鸡腿堡 仅剩40份,快来领取优惠券 新人立减5元 免费配送,36535,4604,2026-08-01
P0095,企微1v1,限时秒杀 免费麦辣鸡腿堡 仅剩48份,快来领取优惠券 新人立减5元 免费配送,41687,3983,2026-08-01
P0095,APP Push,限时秒杀 免费麦辣鸡腿堡 仅剩86份,快来领取优惠券 新人立减5元 免费配送,36366,1955,2026-08-01
P0095,短信,限时秒杀 免费麦辣鸡腿堡 仅剩7份,快来领取优惠券 新人立减5元 免费配送,30457,4741,2026-08-01
P0095,APP Push,限时秒杀 免费麦辣鸡腿堡 仅剩32份,快来领取优惠券 新人立减5元 免费配送,39847,1957,2026-08-01
P0096,短信,限时秒杀 免费麦辣鸡腿堡 仅剩5份,快来领取优惠券 新人立减5元 免费配送,19581,998,2026-08-01
P0096,企微1v1,限时秒杀 免费麦辣鸡腿堡 仅剩44份,快来领取优惠券 新人立减5元 免费配送,28280,2930,2026-08-01
P0096,APP Push,限时秒杀 免费麦辣鸡腿堡 仅剩76份,快来领取优惠券 新人立减5元 免费配送,26151,3843,2026-08-01
P0096,APP Push,限时秒杀 免费麦辣鸡腿堡 仅剩54份,快来领取优惠券 新人立减5元 免费配送,11362,1992,2026-08-01
P0096,APP Push,限时秒杀 免费麦辣鸡腿堡 仅剩48份,快来领取优惠券 新人立减5元 免费配送,31229,3818,2026-08-01
P0096,APP Push,限时秒杀 免费麦辣鸡腿堡 仅剩88份,快来领取优惠券 新人立减5元 免费配送,22582,2226,2026-08-01
P0096,短信,限时秒杀 免费麦辣鸡腿堡 仅剩17份,快来领取优惠券 新人立减5元 免费配送,48973,2536,2026-08-01
P0096,APP Push,限时秒杀 免费麦辣鸡腿堡 仅剩26份,快来领取优惠券 新人立减5元 免费配送,35332,2495,2026-08-01
P0096,企微1v1,限时秒杀 免费麦辣鸡腿堡 仅剩31份,快来领取优惠券 新人立减5元 免费配送,6314,3858,2026-08-01
P0096,APP Push,限时秒杀 免费麦辣鸡腿堡 仅剩69份,快来领取优惠券 新人立减5元 免费配送,32919,2729,2026-08-01
P0096,APP Push,限时秒杀 免费麦辣鸡腿堡 仅剩40份,快来领取优惠券 新人立减5元 免费配送,33984,953,2026-08-01
P0096,APP Push,限时秒杀 免费麦辣鸡腿堡 仅剩27份,快来领取优惠券 新人立减5元 免费配送,15475,3073,2026-08-01
P0096,短信,限时秒杀 免费麦辣鸡腿堡 仅剩23份,快来领取优惠券 新人立减5元 免费配送,25446,2825,2026-08-01
P0096,APP Push,限时秒杀 免费麦辣鸡腿堡 仅剩40份,快来领取优惠券 新人立减5元 免费配送,13713,4310,2026-08-01
P0096,APP Push,限时秒杀 免费麦辣鸡腿堡 仅剩87份,快来领取优惠券 新人立减5元 免费配送,25804,2202,2026-08-01
P0096,企微1v1,限时秒杀 免费麦辣鸡腿堡 仅剩50份,快来领取优惠券 新人立减5元 免费配送,18654,790,2026-08-01
P0096,短信,限时秒杀 免费麦辣鸡腿堡 仅剩8份,快来领取优惠券 新人立减5元 免费配送,1027,4897,2026-08-01
P0096,APP Push,限时秒杀 免费麦辣鸡腿堡 仅剩30份,快来领取优惠券 新人立减5元 免费配送,37725,106,2026-08-01
P0096,短信,限时秒杀 免费麦辣鸡腿堡 仅剩93份,快来领取优惠券 新人立减5元 免费配送,9356,4917,2026-08-01
P0096,短信,限时秒杀 免费麦辣鸡腿堡 仅剩37份,快来领取优惠券 新人立减5元 免费配送,44390,1512,2026-08-01
P0097,APP Push,限时秒杀 免费麦辣鸡腿堡 仅剩75份,快来领取优惠券 新人立减5元 免费配送,32875,407,2026-08-01
P0097,短信,限时秒杀 免费麦辣鸡腿堡 仅剩64份,快来领取优惠券 新人立减5元 免费配送,40043,2649,2026-08-01
P0097,短信,限时秒杀 免费麦辣鸡腿堡 仅剩31份,快来领取优惠券 新人立减5元 免费配送,45475,3029,2026-08-01
P0097,APP Push,限时秒杀 免费麦辣鸡腿堡 仅剩27份,快来领取优惠券 新人立减5元 免费配送,15459,1357,2026-08-01
P0097,APP Push,限时秒杀 免费麦辣鸡腿堡 仅剩36份,快来领取优惠券 新人立减5元 免费配送,34808,4007,2026-08-01
P0097,企微1v1,限时秒杀 免费麦辣鸡腿堡 仅剩58份,快来领取优惠券 新人立减5元 免费配送,20334,1678,2026-08-01
P0097,企微1v1,限时秒杀 免费麦辣鸡腿堡 仅剩27份,快来领取优惠券 新人立减5元 免费配送,9848,3883,2026-08-01
P0097,企微1v1,限时秒杀 免费麦辣鸡腿堡 仅剩21份,快来领取优惠券 新人立减5元 免费配送,34557,1923,2026-08-01
P0097,企微1v1,限时秒杀 免费麦辣鸡腿堡 仅剩50份,快来领取优惠券 新人立减5元 免费配送,19162,1885,2026-08-01
P0097,企微1v1,限时秒杀 免费麦辣鸡腿堡 仅剩84份,快来领取优惠券 新人立减5元 免费配送,21116,3887,2026-08-01
P0097,短信,限时秒杀 免费麦辣鸡腿堡 仅剩17份,快来领取优惠券 新人立减5元 免费配送,46841,3642,2026-08-01
P0097,企微1v1,限时秒杀 免费麦辣鸡腿堡 仅剩58份,快来领取优惠券 新人立减5元 免费配送,27798,1828,2026-08-01
P0097,短信,限时秒杀 免费麦辣鸡腿堡 仅剩7份,快来领取优惠券 新人立减5元 免费配送,17746,4762,2026-08-01
P0097,短信,限时秒杀 免费麦辣鸡腿堡 仅剩96份,快来领取优惠券 新人立减5元 免费配送,4290,4045,2026-08-01
P0097,短信,限时秒杀 免费麦辣鸡腿堡 仅剩7份,快来领取优惠券 新人立减5元 免费配送,28035,4993,2026-08-01
P0097,APP Push,限时秒杀 免费麦辣鸡腿堡 仅剩4份,快来领取优惠券 新人立减5元 免费配送,2001,4990,2026-08-01
P0097,企微1v1,限时秒杀 免费麦辣鸡腿堡 仅剩23份,快来领取优惠券 新人立减5元 免费配送,5512,360,2026-08-01
P0097,企微1v1,限时秒杀 免费麦辣鸡腿堡 仅剩43份,快来领取优惠券 新人立减5元 免费配送,2464,2551,2026-08-01
P0097,企微1v1,限时秒杀 免费麦辣鸡腿堡 仅剩14份,快来领取优惠券 新人立减5元 免费配送,25848,3433,2026-08-01
P0097,短信,限时秒杀 免费麦辣鸡腿堡 仅剩43份,快来领取优惠券 新人立减5元 免费配送,14474,2137,2026-08-01
P0098,APP Push,限时秒杀 免费麦辣鸡腿堡 仅剩78份,快来领取优惠券 新人立减5元 免费配送,30059,3251,2026-08-01
P0098,企微1v1,限时秒杀 免费麦辣鸡腿堡 仅剩58份,快来领取优惠券 新人立减5元 免费配送,36055,1312,2026-08-01
P0098,短信,限时秒杀 免费麦辣鸡腿堡 仅剩13份,快来领取优惠券 新人立减5元 免费配送,49188,2413,2026-08-01
P0098,企微1v1,限时秒杀 免费麦辣鸡腿堡 仅剩80份,快来领取优惠券 新人立减5元 免费配送,8599,1218,2026-08-01
P0098,企微1v1,限时秒杀 免费麦辣鸡腿堡 仅剩69份,快来领取优惠券 新人立减5元 免费配送,17273,4198,2026-08-01
P0098,企微1v1,限时秒杀 免费麦辣鸡腿堡 仅剩99份,快来领取优惠券 新人立减5元 免费配送,45517,3461,2026-08-01
P0098,短信,限时秒杀 免费麦辣鸡腿堡 仅剩43份,快来领取优惠券 新人立减5元 免费配送,5431,3075,2026-08-01
P0098,企微1v1,限时秒杀 免费麦辣鸡腿堡 仅剩2份,快来领取优惠券 新人立减5元 免费配送,8329,1306,2026-08-01
P0098,APP Push,限时秒杀 免费麦辣鸡腿堡 仅剩86份,快来领取优惠券 新人立减5元 免费配送,17775,2365,2026-08-01
P0098,APP Push,限时秒杀 免费麦辣鸡腿堡 仅剩31份,快来领取优惠券 新人立减5元 免费配送,11608,2960,2026-08-01
P0098,企微1v1,限时秒杀 免费麦辣鸡腿堡 仅剩88份,快来领取优惠券 新人立减5元 免费配送,33852,1916,2026-08-01
P0098,APP Push,限时秒杀 免费麦辣鸡腿堡 仅剩76份,快来领取优惠券 新人立减5元 免费配送,3976,4314,2026-08-01
P0098,短信,限时秒杀 免费麦辣鸡腿堡 仅剩25份,快来领取优惠券 新人立减5元 免费配送,36675,4103,2026-08-01
P0098,企微1v1,限时秒杀 免费麦辣鸡腿堡 仅剩23份,快来领取优惠券 新人立减5元 免费配送,26865,3940,2026-08-01
P0098,企微1v1,限时秒杀 免费麦辣鸡腿堡 仅剩27份,快来领取优惠券 新人立减5元 免费配送,30322,4575,2026-08-01
P0098,企微1v1,限时秒杀 免费麦辣鸡腿堡 仅剩90份,快来领取优惠券 新人立减5元 免费配送,20796,1960,2026-08-01
P0098,APP Push,限时秒杀 免费麦辣鸡腿堡 仅剩67份,快来领取优惠券 新人立减5元 免费配送,48695,3890,2026-08-01
P0098,企微1v1,限时秒杀 免费麦辣鸡腿堡 仅剩80份,快来领取优惠券 新人立减5元 免费配送,48998,2331,2026-08-01
P0098,企微1v1,限时秒杀 免费麦辣鸡腿堡 仅剩12份,快来领取优惠券 新人立减5元 免费配送,7395,1333,2026-08-01
P0098,短信,限时秒杀 免费麦辣鸡腿堡 仅剩29份,快来领取优惠券 新人立减5元 免费配送,33439,4469,2026-08-01
P0099,APP Push,限时秒杀 免费麦辣鸡腿堡 仅剩8份,快来领取优惠券 新人立减5元 免费配送,31127,1620,2026-08-01
P0099,短信,限时秒杀 免费麦辣鸡腿堡 仅剩96份,快来领取优惠券 新人立减5元 免费配送,32504,1160,2026-08-01
P0099,APP Push,限时秒杀 免费麦辣鸡腿堡 仅剩31份,快来领取优惠券 新人立减5元 免费配送,13239,1713,2026-08-01
P0099,短信,限时秒杀 免费麦辣鸡腿堡 仅剩5份,快来领取优惠券 新人立减5元 免费配送,23316,2963,2026-08-01
P0099,企微1v1,限时秒杀 免费麦辣鸡腿堡 仅剩40份,快来领取优惠券 新人立减5元 免费配送,22575,4728,2026-08-01
P0099,企微1v1,限时秒杀 免费麦辣鸡腿堡 仅剩42份,快来领取优惠券 新人立减5元 免费配送,6596,2578,2026-08-01
P0099,短信,限时秒杀 免费麦辣鸡腿堡 仅剩52份,快来领取优惠券 新人立减5元 免费配送,5841,4114,2026-08-01
P0099,短信,限时秒杀 免费麦辣鸡腿堡 仅剩82份,快来领取优惠券 新人立减5元 免费配送,21851,4925,2026-08-01
P0099,企微1v1,限时秒杀 免费麦辣鸡腿堡 仅剩56份,快来领取优惠券 新人立减5元 免费配送,7171,1085,2026-08-01
P0099,短信,限时秒杀 免费麦辣鸡腿堡 仅剩3份,快来领取优惠券 新人立减5元 免费配送,11049,4464,2026-08-01
P0099,短信,限时秒杀 免费麦辣鸡腿堡 仅剩47份,快来领取优惠券 新人立减5元 免费配送,16862,300,2026-08-01
P0099,APP Push,限时秒杀 免费麦辣鸡腿堡 仅剩72份,快来领取优惠券 新人立减5元 免费配送,7761,2616,2026-08-01
P0099,企微1v1,限时秒杀 免费麦辣鸡腿堡 仅剩50份,快来领取优惠券 新人立减5元 免费配送,20068,2737,2026-08-01
P0099,企微1v1,限时秒杀 免费麦辣鸡腿堡 仅剩8份,快来领取优惠券 新人立减5元 免费配送,16450,2337,2026-08-01
P0099,短信,限时秒杀 免费麦辣鸡腿堡 仅剩43份,快来领取优惠券 新人立减5元 免费配送,28114,2774,2026-08-01
P0099,APP Push,限时秒杀 免费麦辣鸡腿堡 仅剩11份,快来领取优惠券 新人立减5元 免费配送,6102,420,2026-08-01
P0099,企微1v1,限时秒杀 免费麦辣鸡腿堡 仅剩73份,快来领取优惠券 新人立减5元 免费配送,9819,529,2026-08-01
P0099,企微1v1,限时秒杀 免费麦辣鸡腿堡 仅剩76份,快来领取优惠券 新人立减5元 免费配送,18323,1926,2026-08-01
P0099,短信,限时秒杀 免费麦辣鸡腿堡 仅剩67份,快来领取优惠券 新人立减5元 免费配送,22120,4628,2026-08-01
P0099,APP Push,限时秒杀 免费麦辣鸡腿堡 仅剩27份,快来领取优惠券 新人立减5元 免费配送,10085,3767,2026-08-01
P0100,企微1v1,限时秒杀 免费麦辣鸡腿堡 仅剩91份,快来领取优惠券 新人立减5元 免费配送,11182,761,2026-08-01
P0100,企微1v1,限时秒杀 免费麦辣鸡腿堡 仅剩96份,快来领取优惠券 新人立减5元 免费配送,48496,3176,2026-08-01
P0100,企微1v1,限时秒杀 免费麦辣鸡腿堡 仅剩87份,快来领取优惠券 新人立减5元 免费配送,22577,2500,2026-08-01
P0100,短信,限时秒杀 免费麦辣鸡腿堡 仅剩56份,快来领取优惠券 新人立减5元 免费配送,22694,1696,2026-08-01
P0100,短信,限时秒杀 免费麦辣鸡腿堡 仅剩3份,快来领取优惠券 新人立减5元 免费配送,43394,3570,2026-08-01
P0100,APP Push,限时秒杀 免费麦辣鸡腿堡 仅剩41份,快来领取优惠券 新人立减5元 免费配送,5815,1180,2026-08-01
P0100,APP Push,限时秒杀 免费麦辣鸡腿堡 仅剩68份,快来领取优惠券 新人立减5元 免费配送,9436,4060,2026-08-01
P0100,企微1v1,限时秒杀 免费麦辣鸡腿堡 仅剩75份,快来领取优惠券 新人立减5元 免费配送,4032,3747,2026-08-01
P0100,短信,限时秒杀 免费麦辣鸡腿堡 仅剩57份,快来领取优惠券 新人立减5元 免费配送,36338,1304,2026-08-01
P0100,短信,限时秒杀 免费麦辣鸡腿堡 仅剩65份,快来领取优惠券 新人立减5元 免费配送,26423,801,2026-08-01
P0100,短信,限时秒杀 免费麦辣鸡腿堡 仅剩78份,快来领取优惠券 新人立减5元 免费配送,16582,3846,2026-08-01
P0100,短信,限时秒杀 免费麦辣鸡腿堡 仅剩54份,快来领取优惠券 新人立减5元 免费配送,36855,2780,2026-08-01
P0100,短信,限时秒杀 免费麦辣鸡腿堡 仅剩29份,快来领取优惠券 新人立减5元 免费配送,3886,271,2026-08-01
P0100,企微1v1,限时秒杀 免费麦辣鸡腿堡 仅剩79份,快来领取优惠券 新人立减5元 免费配送,27307,1283,2026-08-01
P0100,APP Push,限时秒杀 免费麦辣鸡腿堡 仅剩30份,快来领取优惠券 新人立减5元 免费配送,43062,3499,2026-08-01
P0100,短信,限时秒杀 免费麦辣鸡腿堡 仅剩65份,快来领取优惠券 新人立减5元 免费配送,12475,1295,2026-08-01
P0100,短信,限时秒杀 免费麦辣鸡腿堡 仅剩7份,快来领取优惠券 新人立减5元 免费配送,49516,2077,2026-08-01
P0100,APP Push,限时秒杀 免费麦辣鸡腿堡 仅剩76份,快来领取优惠券 新人立减5元 免费配送,1265,2052,2026-08-01
P0100,短信,限时秒杀 免费麦辣鸡腿堡 仅剩15份,快来领取优惠券 新人立减5元 免费配送,5167,438,2026-08-01
P0100,APP Push,限时秒杀 免费麦辣鸡腿堡 仅剩32份,快来领取优惠券 新人立减5元 免费配送,11084,1879,2026-08-01
P0101,企微1v1,限时秒杀 免费麦辣鸡腿堡 仅剩53份,快来领取优惠券 新人立减5元 免费配送,35584,3445,2026-08-01
P0101,APP Push,限时秒杀 免费麦辣鸡腿堡 仅剩48份,快来领取优惠券 新人立减5元 免费配送,39622,821,2026-08-01
P0101,企微1v1,限时秒杀 免费麦辣鸡腿堡 仅剩83份,快来领取优惠券 新人立减5元 免费配送,26441,1104,2026-08-01
P0101,短信,限时秒杀 免费麦辣鸡腿堡 仅剩42份,快来领取优惠券 新人立减5元 免费配送,4412,712,2026-08-01
P0101,APP Push,限时秒杀 免费麦辣鸡腿堡 仅剩38份,快来领取优惠券 新人立减5元 免费配送,20512,395,2026-08-01
P0101,APP Push,限时秒杀 免费麦辣鸡腿堡 仅剩14份,快来领取优惠券 新人立减5元 免费配送,25466,2989,2026-08-01
P0101,企微1v1,限时秒杀 免费麦辣鸡腿堡 仅剩22份,快来领取优惠券 新人立减5元 免费配送,30752,3589,2026-08-01
P0101,APP Push,限时秒杀 免费麦辣鸡腿堡 仅剩84份,快来领取优惠券 新人立减5元 免费配送,49279,2097,2026-08-01
P0101,APP Push,限时秒杀 免费麦辣鸡腿堡 仅剩16份,快来领取优惠券 新人立减5元 免费配送,28208,1402,2026-08-01
P0101,企微1v1,限时秒杀 免费麦辣鸡腿堡 仅剩76份,快来领取优惠券 新人立减5元 免费配送,34834,3817,2026-08-01
P0101,短信,限时秒杀 免费麦辣鸡腿堡 仅剩89份,快来领取优惠券 新人立减5元 免费配送,35403,1560,2026-08-01
P0101,APP Push,限时秒杀 免费麦辣鸡腿堡 仅剩92份,快来领取优惠券 新人立减5元 免费配送,7147,242,2026-08-01
P0101,企微1v1,限时秒杀 免费麦辣鸡腿堡 仅剩20份,快来领取优惠券 新人立减5元 免费配送,14561,2789,2026-08-01
P0101,短信,限时秒杀 免费麦辣鸡腿堡 仅剩7份,快来领取优惠券 新人立减5元 免费配送,6612,4231,2026-08-01
P0101,短信,限时秒杀 免费麦辣鸡腿堡 仅剩33份,快来领取优惠券 新人立减5元 免费配送,9416,2228,2026-08-01
P0101,企微1v1,限时秒杀 免费麦辣鸡腿堡 仅剩55份,快来领取优惠券 新人立减5元 免费配送,8773,3314,2026-08-01
P0101,短信,限时秒杀 免费麦辣鸡腿堡 仅剩1份,快来领取优惠券 新人立减5元 免费配送,49023,2433,2026-08-01
P0101,短信,限时秒杀 免费麦辣鸡腿堡 仅剩89份,快来领取优惠券 新人立减5元 免费配送,20632,3504,2026-08-01
P0101,短信,限时秒杀 免费麦辣鸡腿堡 仅剩41份,快来领取优惠券 新人立减5元 免费配送,33427,2615,2026-08-01
P0101,APP Push,限时秒杀 免费麦辣鸡腿堡 仅剩3份,快来领取优惠券 新人立减5元 免费配送,33343,1146,2026-08-01
P0102,APP Push,限时秒杀 免费麦辣鸡腿堡 仅剩85份,快来领取优惠券 新人立减5元 免费配送,3134,1821,2026-08-01
P0102,企微1v1,限时秒杀 免费麦辣鸡腿堡 仅剩30份,快来领取优惠券 新人立减5元 免费配送,8842,4350,2026-08-01
P0102,APP Push,限时秒杀 免费麦辣鸡腿堡 仅剩92份,快来领取优惠券 新人立减5元 免费配送,13490,4230,2026-08-01
P0102,企微1v1,限时秒杀 免费麦辣鸡腿堡 仅剩56份,快来领取优惠券 新人立减5元 免费配送,20312,3887,2026-08-01
P0102,短信,限时秒杀 免费麦辣鸡腿堡 仅剩62份,快来领取优惠券 新人立减5元 免费配送,41601,4789,2026-08-01
P0102,企微1v1,限时秒杀 免费麦辣鸡腿堡 仅剩28份,快来领取优惠券 新人立减5元 免费配送,14357,136,2026-08-01
P0102,短信,限时秒杀 免费麦辣鸡腿堡 仅剩28份,快来领取优惠券 新人立减5元 免费配送,24995,1460,2026-08-01
P0102,企微1v1,限时秒杀 免费麦辣鸡腿堡 仅剩28份,快来领取优惠券 新人立减5元 免费配送,3192,4666,2026-08-01
P0102,企微1v1,限时秒杀 免费麦辣鸡腿堡 仅剩53份,快来领取优惠券 新人立减5元 免费配送,36443,2879,2026-08-01
P0102,APP Push,限时秒杀 免费麦辣鸡腿堡 仅剩17份,快来领取优惠券 新人立减5元 免费配送,20216,816,2026-08-01
P0102,APP Push,限时秒杀 免费麦辣鸡腿堡 仅剩8份,快来领取优惠券 新人立减5元 免费配送,22686,512,2026-08-01
P0102,APP Push,限时秒杀 免费麦辣鸡腿堡 仅剩84份,快来领取优惠券 新人立减5元 免费配送,5374,4449,2026-08-01
P0102,APP Push,限时秒杀 免费麦辣鸡腿堡 仅剩15份,快来领取优惠券 新人立减5元 免费配送,48407,484,2026-08-01
P0102,APP Push,限时秒杀 免费麦辣鸡腿堡 仅剩19份,快来领取优惠券 新人立减5元 免费配送,25713,2599,2026-08-01
P0102,APP Push,限时秒杀 免费麦辣鸡腿堡 仅剩57份,快来领取优惠券 新人立减5元 免费配送,7713,1661,2026-08-01
P0102,短信,限时秒杀 免费麦辣鸡腿堡 仅剩94份,快来领取优惠券 新人立减5元 免费配送,40889,4271,2026-08-01
P0102,短信,限时秒杀 免费麦辣鸡腿堡 仅剩2份,快来领取优惠券 新人立减5元 免费配送,16288,1450,2026-08-01
P0102,APP Push,限时秒杀 免费麦辣鸡腿堡 仅剩74份,快来领取优惠券 新人立减5元 免费配送,29678,2264,2026-08-01
P0102,企微1v1,限时秒杀 免费麦辣鸡腿堡 仅剩77份,快来领取优惠券 新人立减5元 免费配送,40502,1584,2026-08-01
P0102,短信,限时秒杀 免费麦辣鸡腿堡 仅剩77份,快来领取优惠券 新人立减5元 免费配送,26778,2683,2026-08-01
P0103,APP Push,限时秒杀 免费麦辣鸡腿堡 仅剩22份,快来领取优惠券 新人立减5元 免费配送,8822,4611,2026-08-01
P0103,APP Push,限时秒杀 免费麦辣鸡腿堡 仅剩61份,快来领取优惠券 新人立减5元 免费配送,11214,182,2026-08-01
P0103,短信,限时秒杀 免费麦辣鸡腿堡 仅剩5份,快来领取优惠券 新人立减5元 免费配送,20463,1879,2026-08-01
P0103,APP Push,限时秒杀 免费麦辣鸡腿堡 仅剩34份,快来领取优惠券 新人立减5元 免费配送,17903,3785,2026-08-01
P0103,企微1v1,限时秒杀 免费麦辣鸡腿堡 仅剩29份,快来领取优惠券 新人立减5元 免费配送,18679,4655,2026-08-01
P0103,企微1v1,限时秒杀 免费麦辣鸡腿堡 仅剩59份,快来领取优惠券 新人立减5元 免费配送,20825,3738,2026-08-01
P0103,APP Push,限时秒杀 免费麦辣鸡腿堡 仅剩77份,快来领取优惠券 新人立减5元 免费配送,36603,3536,2026-08-01
P0103,APP Push,限时秒杀 免费麦辣鸡腿堡 仅剩54份,快来领取优惠券 新人立减5元 免费配送,26694,1743,2026-08-01
P0103,APP Push,限时秒杀 免费麦辣鸡腿堡 仅剩95份,快来领取优惠券 新人立减5元 免费配送,24849,4710,2026-08-01
P0103,APP Push,限时秒杀 免费麦辣鸡腿堡 仅剩85份,快来领取优惠券 新人立减5元 免费配送,49158,262,2026-08-01
P0103,短信,限时秒杀 免费麦辣鸡腿堡 仅剩87份,快来领取优惠券 新人立减5元 免费配送,5481,268,2026-08-01
P0103,短信,限时秒杀 免费麦辣鸡腿堡 仅剩53份,快来领取优惠券 新人立减5元 免费配送,24392,1745,2026-08-01
P0103,短信,限时秒杀 免费麦辣鸡腿堡 仅剩27份,快来领取优惠券 新人立减5元 免费配送,22589,3668,2026-08-01
P0103,APP Push,限时秒杀 免费麦辣鸡腿堡 仅剩6份,快来领取优惠券 新人立减5元 免费配送,48484,4125,2026-08-01
P0103,企微1v1,限时秒杀 免费麦辣鸡腿堡 仅剩40份,快来领取优惠券 新人立减5元 免费配送,18905,3289,2026-08-01
P0103,短信,限时秒杀 免费麦辣鸡腿堡 仅剩36份,快来领取优惠券 新人立减5元 免费配送,26091,4846,2026-08-01
P0103,APP Push,限时秒杀 免费麦辣鸡腿堡 仅剩81份,快来领取优惠券 新人立减5元 免费配送,9196,236,2026-08-01
P0103,APP Push,限时秒杀 免费麦辣鸡腿堡 仅剩23份,快来领取优惠券 新人立减5元 免费配送,3764,2700,2026-08-01
P0103,短信,限时秒杀 免费麦辣鸡腿堡 仅剩47份,快来领取优惠券 新人立减5元 免费配送,35723,3929,2026-08-01
P0103,企微1v1,限时秒杀 免费麦辣鸡腿堡 仅剩26份,快来领取优惠券 新人立减5元 免费配送,27286,597,2026-08-01
P0104,企微1v1,限时秒杀 免费麦辣鸡腿堡 仅剩99份,快来领取优惠券 新人立减5元 免费配送,45475,4224,2026-08-01
P0104,企微1v1,限时秒杀 免费麦辣鸡腿堡 仅剩85份,快来领取优惠券 新人立减5元 免费配送,44062,3852,2026-08-01
P0104,短信,限时秒杀 免费麦辣鸡腿堡 仅剩77份,快来领取优惠券 新人立减5元 免费配送,27382,4771,2026-08-01
P0104,企微1v1,限时秒杀 免费麦辣鸡腿堡 仅剩77份,快来领取优惠券 新人立减5元 免费配送,39582,1003,2026-08-01
P0104,短信,限时秒杀 免费麦辣鸡腿堡 仅剩23份,快来领取优惠券 新人立减5元 免费配送,19782,1503,2026-08-01
P0104,短信,限时秒杀 免费麦辣鸡腿堡 仅剩85份,快来领取优惠券 新人立减5元 免费配送,37218,4862,2026-08-01
P0104,短信,限时秒杀 免费麦辣鸡腿堡 仅剩70份,快来领取优惠券 新人立减5元 免费配送,27523,2209,2026-08-01
P0104,APP Push,限时秒杀 免费麦辣鸡腿堡 仅剩84份,快来领取优惠券 新人立减5元 免费配送,38692,761,2026-08-01
P0104,企微1v1,限时秒杀 免费麦辣鸡腿堡 仅剩56份,快来领取优惠券 新人立减5元 免费配送,20897,3658,2026-08-01
P0104,短信,限时秒杀 免费麦辣鸡腿堡 仅剩1份,快来领取优惠券 新人立减5元 免费配送,33622,1776,2026-08-01
P0104,短信,限时秒杀 免费麦辣鸡腿堡 仅剩37份,快来领取优惠券 新人立减5元 免费配送,14306,208,2026-08-01
P0104,短信,限时秒杀 免费麦辣鸡腿堡 仅剩87份,快来领取优惠券 新人立减5元 免费配送,34755,2619,2026-08-01
P0104,APP Push,限时秒杀 免费麦辣鸡腿堡 仅剩53份,快来领取优惠券 新人立减5元 免费配送,49609,3067,2026-08-01
P0104,短信,限时秒杀 免费麦辣鸡腿堡 仅剩49份,快来领取优惠券 新人立减5元 免费配送,24975,3234,2026-08-01
P0104,APP Push,限时秒杀 免费麦辣鸡腿堡 仅剩41份,快来领取优惠券 新人立减5元 免费配送,1525,580,2026-08-01
P0104,APP Push,限时秒杀 免费麦辣鸡腿堡 仅剩80份,快来领取优惠券 新人立减5元 免费配送,34004,3517,2026-08-01
P0104,APP Push,限时秒杀 免费麦辣鸡腿堡 仅剩54份,快来领取优惠券 新人立减5元 免费配送,23027,1899,2026-08-01
P0104,企微1v1,限时秒杀 免费麦辣鸡腿堡 仅剩43份,快来领取优惠券 新人立减5元 免费配送,47442,2949,2026-08-01
P0104,企微1v1,限时秒杀 免费麦辣鸡腿堡 仅剩19份,快来领取优惠券 新人立减5元 免费配送,21481,2881,2026-08-01
P0104,APP Push,限时秒杀 免费麦辣鸡腿堡 仅剩33份,快来领取优惠券 新人立减5元 免费配送,23448,2346,2026-08-01
P0105,短信,限时秒杀 免费麦辣鸡腿堡 仅剩37份,快来领取优惠券 新人立减5元 免费配送,10952,3480,2026-08-01
P0105,短信,限时秒杀 免费麦辣鸡腿堡 仅剩51份,快来领取优惠券 新人立减5元 免费配送,15466,956,2026-08-01
P0105,APP Push,限时秒杀 免费麦辣鸡腿堡 仅剩35份,快来领取优惠券 新人立减5元 免费配送,30352,1159,2026-08-01
P0105,企微1v1,限时秒杀 免费麦辣鸡腿堡 仅剩18份,快来领取优惠券 新人立减5元 免费配送,19091,487,2026-08-01
P0105,APP Push,限时秒杀 免费麦辣鸡腿堡 仅剩31份,快来领取优惠券 新人立减5元 免费配送,24710,2831,2026-08-01
P0105,短信,限时秒杀 免费麦辣鸡腿堡 仅剩81份,快来领取优惠券 新人立减5元 免费配送,8647,3796,2026-08-01
P0105,短信,限时秒杀 免费麦辣鸡腿堡 仅剩8份,快来领取优惠券 新人立减5元 免费配送,18923,1357,2026-08-01
P0105,企微1v1,限时秒杀 免费麦辣鸡腿堡 仅剩28份,快来领取优惠券 新人立减5元 免费配送,15936,2831,2026-08-01
P0105,APP Push,限时秒杀 免费麦辣鸡腿堡 仅剩14份,快来领取优惠券 新人立减5元 免费配送,18212,4118,2026-08-01
P0105,企微1v1,限时秒杀 免费麦辣鸡腿堡 仅剩40份,快来领取优惠券 新人立减5元 免费配送,28566,3077,2026-08-01
P0105,短信,限时秒杀 免费麦辣鸡腿堡 仅剩70份,快来领取优惠券 新人立减5元 免费配送,13153,845,2026-08-01
P0105,APP Push,限时秒杀 免费麦辣鸡腿堡 仅剩17份,快来领取优惠券 新人立减5元 免费配送,27433,2329,2026-08-01
P0105,APP Push,限时秒杀 免费麦辣鸡腿堡 仅剩70份,快来领取优惠券 新人立减5元 免费配送,39794,2473,2026-08-01
P0105,短信,限时秒杀 免费麦辣鸡腿堡 仅剩22份,快来领取优惠券 新人立减5元 免费配送,47143,3974,2026-08-01
P0105,企微1v1,限时秒杀 免费麦辣鸡腿堡 仅剩32份,快来领取优惠券 新人立减5元 免费配送,25503,2341,2026-08-01
P0105,企微1v1,限时秒杀 免费麦辣鸡腿堡 仅剩97份,快来领取优惠券 新人立减5元 免费配送,22583,1531,2026-08-01
P0105,企微1v1,限时秒杀 免费麦辣鸡腿堡 仅剩28份,快来领取优惠券 新人立减5元 免费配送,7446,2487,2026-08-01
P0105,企微1v1,限时秒杀 免费麦辣鸡腿堡 仅剩52份,快来领取优惠券 新人立减5元 免费配送,23206,3908,2026-08-01
P0105,短信,限时秒杀 免费麦辣鸡腿堡 仅剩13份,快来领取优惠券 新人立减5元 免费配送,44959,667,2026-08-01
P0105,短信,限时秒杀 免费麦辣鸡腿堡 仅剩32份,快来领取优惠券 新人立减5元 免费配送,11830,3848,2026-08-01
P0106,APP Push,限时秒杀 免费麦辣鸡腿堡 仅剩75份,快来领取优惠券 新人立减5元 免费配送,24603,2277,2026-08-01
P0106,APP Push,限时秒杀 免费麦辣鸡腿堡 仅剩18份,快来领取优惠券 新人立减5元 免费配送,1498,3114,2026-08-01
P0106,企微1v1,限时秒杀 免费麦辣鸡腿堡 仅剩37份,快来领取优惠券 新人立减5元 免费配送,44338,4733,2026-08-01
P0106,企微1v1,限时秒杀 免费麦辣鸡腿堡 仅剩90份,快来领取优惠券 新人立减5元 免费配送,42144,2795,2026-08-01
P0106,APP Push,限时秒杀 免费麦辣鸡腿堡 仅剩85份,快来领取优惠券 新人立减5元 免费配送,1973,4842,2026-08-01
P0106,企微1v1,限时秒杀 免费麦辣鸡腿堡 仅剩21份,快来领取优惠券 新人立减5元 免费配送,2713,3706,2026-08-01
P0106,企微1v1,限时秒杀 免费麦辣鸡腿堡 仅剩16份,快来领取优惠券 新人立减5元 免费配送,29666,3973,2026-08-01
P0106,APP Push,限时秒杀 免费麦辣鸡腿堡 仅剩5份,快来领取优惠券 新人立减5元 免费配送,31472,3678,2026-08-01
P0106,APP Push,限时秒杀 免费麦辣鸡腿堡 仅剩36份,快来领取优惠券 新人立减5元 免费配送,9381,4947,2026-08-01
P0106,企微1v1,限时秒杀 免费麦辣鸡腿堡 仅剩58份,快来领取优惠券 新人立减5元 免费配送,6643,2995,2026-08-01
P0106,短信,限时秒杀 免费麦辣鸡腿堡 仅剩54份,快来领取优惠券 新人立减5元 免费配送,36405,2636,2026-08-01
P0106,企微1v1,限时秒杀 免费麦辣鸡腿堡 仅剩61份,快来领取优惠券 新人立减5元 免费配送,30562,2666,2026-08-01
P0106,短信,限时秒杀 免费麦辣鸡腿堡 仅剩40份,快来领取优惠券 新人立减5元 免费配送,6440,1040,2026-08-01
P0106,APP Push,限时秒杀 免费麦辣鸡腿堡 仅剩10份,快来领取优惠券 新人立减5元 免费配送,17139,3578,2026-08-01
P0106,企微1v1,限时秒杀 免费麦辣鸡腿堡 仅剩9份,快来领取优惠券 新人立减5元 免费配送,39708,3912,2026-08-01
P0106,短信,限时秒杀 免费麦辣鸡腿堡 仅剩3份,快来领取优惠券 新人立减5元 免费配送,36470,1560,2026-08-01
P0106,APP Push,限时秒杀 免费麦辣鸡腿堡 仅剩99份,快来领取优惠券 新人立减5元 免费配送,44052,3468,2026-08-01
P0106,短信,限时秒杀 免费麦辣鸡腿堡 仅剩88份,快来领取优惠券 新人立减5元 免费配送,22689,1465,2026-08-01
P0106,短信,限时秒杀 免费麦辣鸡腿堡 仅剩43份,快来领取优惠券 新人立减5元 免费配送,11312,2093,2026-08-01
P0106,企微1v1,限时秒杀 免费麦辣鸡腿堡 仅剩51份,快来领取优惠券 新人立减5元 免费配送,12101,893,2026-08-01
P0107,企微1v1,限时秒杀 免费麦辣鸡腿堡 仅剩21份,快来领取优惠券 新人立减5元 免费配送,30858,893,2026-08-01
P0107,短信,限时秒杀 免费麦辣鸡腿堡 仅剩20份,快来领取优惠券 新人立减5元 免费配送,22763,406,2026-08-01
P0107,短信,限时秒杀 免费麦辣鸡腿堡 仅剩15份,快来领取优惠券 新人立减5元 免费配送,20593,2655,2026-08-01
P0107,企微1v1,限时秒杀 免费麦辣鸡腿堡 仅剩23份,快来领取优惠券 新人立减5元 免费配送,39358,1798,2026-08-01
P0107,企微1v1,限时秒杀 免费麦辣鸡腿堡 仅剩61份,快来领取优惠券 新人立减5元 免费配送,47709,4662,2026-08-01
P0107,APP Push,限时秒杀 免费麦辣鸡腿堡 仅剩35份,快来领取优惠券 新人立减5元 免费配送,42464,3376,2026-08-01
P0107,短信,限时秒杀 免费麦辣鸡腿堡 仅剩15份,快来领取优惠券 新人立减5元 免费配送,20464,3128,2026-08-01
P0107,短信,限时秒杀 免费麦辣鸡腿堡 仅剩71份,快来领取优惠券 新人立减5元 免费配送,26030,2464,2026-08-01
P0107,企微1v1,限时秒杀 免费麦辣鸡腿堡 仅剩11份,快来领取优惠券 新人立减5元 免费配送,30426,1946,2026-08-01
P0107,企微1v1,限时秒杀 免费麦辣鸡腿堡 仅剩61份,快来领取优惠券 新人立减5元 免费配送,2358,2053,2026-08-01
P0107,APP Push,限时秒杀 免费麦辣鸡腿堡 仅剩15份,快来领取优惠券 新人立减5元 免费配送,2456,2846,2026-08-01
P0107,企微1v1,限时秒杀 免费麦辣鸡腿堡 仅剩19份,快来领取优惠券 新人立减5元 免费配送,20562,421,2026-08-01
P0107,APP Push,限时秒杀 免费麦辣鸡腿堡 仅剩13份,快来领取优惠券 新人立减5元 免费配送,21197,3938,2026-08-01
P0107,企微1v1,限时秒杀 免费麦辣鸡腿堡 仅剩95份,快来领取优惠券 新人立减5元 免费配送,10184,3610,2026-08-01
P0107,企微1v1,限时秒杀 免费麦辣鸡腿堡 仅剩99份,快来领取优惠券 新人立减5元 免费配送,24703,2225,2026-08-01
P0107,企微1v1,限时秒杀 免费麦辣鸡腿堡 仅剩54份,快来领取优惠券 新人立减5元 免费配送,38890,4333,2026-08-01
P0107,企微1v1,限时秒杀 免费麦辣鸡腿堡 仅剩74份,快来领取优惠券 新人立减5元 免费配送,32619,3679,2026-08-01
P0107,APP Push,限时秒杀 免费麦辣鸡腿堡 仅剩91份,快来领取优惠券 新人立减5元 免费配送,42196,1568,2026-08-01
P0107,短信,限时秒杀 免费麦辣鸡腿堡 仅剩59份,快来领取优惠券 新人立减5元 免费配送,19790,1198,2026-08-01
P0107,APP Push,限时秒杀 免费麦辣鸡腿堡 仅剩73份,快来领取优惠券 新人立减5元 免费配送,12929,1158,2026-08-01
P0108,企微1v1,限时秒杀 免费麦辣鸡腿堡 仅剩37份,快来领取优惠券 新人立减5元 免费配送,19153,969,2026-08-01
P0108,企微1v1,限时秒杀 免费麦辣鸡腿堡 仅剩15份,快来领取优惠券 新人立减5元 免费配送,1280,1712,2026-08-01
P0108,APP Push,限时秒杀 免费麦辣鸡腿堡 仅剩74份,快来领取优惠券 新人立减5元 免费配送,46126,2704,2026-08-01
P0108,短信,限时秒杀 免费麦辣鸡腿堡 仅剩6份,快来领取优惠券 新人立减5元 免费配送,18463,4082,2026-08-01
P0108,企微1v1,限时秒杀 免费麦辣鸡腿堡 仅剩16份,快来领取优惠券 新人立减5元 免费配送,12169,2205,2026-08-01
P0108,短信,限时秒杀 免费麦辣鸡腿堡 仅剩91份,快来领取优惠券 新人立减5元 免费配送,13779,1998,2026-08-01
P0108,短信,限时秒杀 免费麦辣鸡腿堡 仅剩41份,快来领取优惠券 新人立减5元 免费配送,12791,406,2026-08-01
P0108,APP Push,限时秒杀 免费麦辣鸡腿堡 仅剩1份,快来领取优惠券 新人立减5元 免费配送,13808,876,2026-08-01
P0108,短信,限时秒杀 免费麦辣鸡腿堡 仅剩88份,快来领取优惠券 新人立减5元 免费配送,4254,4156,2026-08-01
P0108,APP Push,限时秒杀 免费麦辣鸡腿堡 仅剩40份,快来领取优惠券 新人立减5元 免费配送,13879,4232,2026-08-01
P0108,企微1v1,限时秒杀 免费麦辣鸡腿堡 仅剩92份,快来领取优惠券 新人立减5元 免费配送,42399,3594,2026-08-01
P0108,APP Push,限时秒杀 免费麦辣鸡腿堡 仅剩99份,快来领取优惠券 新人立减5元 免费配送,16764,4216,2026-08-01
P0108,短信,限时秒杀 免费麦辣鸡腿堡 仅剩72份,快来领取优惠券 新人立减5元 免费配送,39117,1460,2026-08-01
P0108,企微1v1,限时秒杀 免费麦辣鸡腿堡 仅剩50份,快来领取优惠券 新人立减5元 免费配送,14200,539,2026-08-01
P0108,短信,限时秒杀 免费麦辣鸡腿堡 仅剩98份,快来领取优惠券 新人立减5元 免费配送,41493,3600,2026-08-01
P0108,短信,限时秒杀 免费麦辣鸡腿堡 仅剩92份,快来领取优惠券 新人立减5元 免费配送,33297,1329,2026-08-01
P0108,企微1v1,限时秒杀 免费麦辣鸡腿堡 仅剩79份,快来领取优惠券 新人立减5元 免费配送,34766,4260,2026-08-01
P0108,短信,限时秒杀 免费麦辣鸡腿堡 仅剩10份,快来领取优惠券 新人立减5元 免费配送,12295,4804,2026-08-01
P0108,APP Push,限时秒杀 免费麦辣鸡腿堡 仅剩41份,快来领取优惠券 新人立减5元 免费配送,41724,1412,2026-08-01
P0108,短信,限时秒杀 免费麦辣鸡腿堡 仅剩53份,快来领取优惠券 新人立减5元 免费配送,24635,3560,2026-08-01
P0109,短信,限时秒杀 免费麦辣鸡腿堡 仅剩54份,快来领取优惠券 新人立减5元 免费配送,20025,1793,2026-08-01
P0109,企微1v1,限时秒杀 免费麦辣鸡腿堡 仅剩53份,快来领取优惠券 新人立减5元 免费配送,39344,3515,2026-08-01
P0109,短信,限时秒杀 免费麦辣鸡腿堡 仅剩91份,快来领取优惠券 新人立减5元 免费配送,15716,3872,2026-08-01
P0109,APP Push,限时秒杀 免费麦辣鸡腿堡 仅剩2份,快来领取优惠券 新人立减5元 免费配送,45891,4952,2026-08-01
P0109,企微1v1,限时秒杀 免费麦辣鸡腿堡 仅剩68份,快来领取优惠券 新人立减5元 免费配送,3343,2759,2026-08-01
P0109,企微1v1,限时秒杀 免费麦辣鸡腿堡 仅剩42份,快来领取优惠券 新人立减5元 免费配送,32700,4805,2026-08-01
P0109,企微1v1,限时秒杀 免费麦辣鸡腿堡 仅剩98份,快来领取优惠券 新人立减5元 免费配送,38652,4443,2026-08-01
P0109,APP Push,限时秒杀 免费麦辣鸡腿堡 仅剩8份,快来领取优惠券 新人立减5元 免费配送,5412,2521,2026-08-01
P0109,APP Push,限时秒杀 免费麦辣鸡腿堡 仅剩35份,快来领取优惠券 新人立减5元 免费配送,49754,2095,2026-08-01
P0109,短信,限时秒杀 免费麦辣鸡腿堡 仅剩12份,快来领取优惠券 新人立减5元 免费配送,7208,4779,2026-08-01
P0109,APP Push,限时秒杀 免费麦辣鸡腿堡 仅剩5份,快来领取优惠券 新人立减5元 免费配送,20885,3677,2026-08-01
P0109,企微1v1,限时秒杀 免费麦辣鸡腿堡 仅剩11份,快来领取优惠券 新人立减5元 免费配送,34452,367,2026-08-01
P0109,APP Push,限时秒杀 免费麦辣鸡腿堡 仅剩95份,快来领取优惠券 新人立减5元 免费配送,9500,2015,2026-08-01
P0109,APP Push,限时秒杀 免费麦辣鸡腿堡 仅剩55份,快来领取优惠券 新人立减5元 免费配送,9589,4954,2026-08-01
P0109,短信,限时秒杀 免费麦辣鸡腿堡 仅剩78份,快来领取优惠券 新人立减5元 免费配送,24020,726,2026-08-01
P0109,APP Push,限时秒杀 免费麦辣鸡腿堡 仅剩30份,快来领取优惠券 新人立减5元 免费配送,32005,4740,2026-08-01
P0109,APP Push,限时秒杀 免费麦辣鸡腿堡 仅剩67份,快来领取优惠券 新人立减5元 免费配送,15619,4267,2026-08-01
P0109,企微1v1,限时秒杀 免费麦辣鸡腿堡 仅剩21份,快来领取优惠券 新人立减5元 免费配送,31001,3168,2026-08-01
P0109,APP Push,限时秒杀 免费麦辣鸡腿堡 仅剩18份,快来领取优惠券 新人立减5元 免费配送,8416,2603,2026-08-01
P0109,企微1v1,限时秒杀 免费麦辣鸡腿堡 仅剩65份,快来领取优惠券 新人立减5元 免费配送,44636,583,2026-08-01
P0110,企微1v1,限时秒杀 免费麦辣鸡腿堡 仅剩28份,快来领取优惠券 新人立减5元 免费配送,29298,3815,2026-08-01
P0110,短信,限时秒杀 免费麦辣鸡腿堡 仅剩17份,快来领取优惠券 新人立减5元 免费配送,26299,420,2026-08-01
P0110,短信,限时秒杀 免费麦辣鸡腿堡 仅剩1份,快来领取优惠券 新人立减5元 免费配送,33997,2126,2026-08-01
P0110,短信,限时秒杀 免费麦辣鸡腿堡 仅剩75份,快来领取优惠券 新人立减5元 免费配送,24979,353,2026-08-01
P0110,APP Push,限时秒杀 免费麦辣鸡腿堡 仅剩12份,快来领取优惠券 新人立减5元 免费配送,35384,967,2026-08-01
P0110,APP Push,限时秒杀 免费麦辣鸡腿堡 仅剩90份,快来领取优惠券 新人立减5元 免费配送,47157,1448,2026-08-01
P0110,企微1v1,限时秒杀 免费麦辣鸡腿堡 仅剩48份,快来领取优惠券 新人立减5元 免费配送,14542,686,2026-08-01
P0110,企微1v1,限时秒杀 免费麦辣鸡腿堡 仅剩26份,快来领取优惠券 新人立减5元 免费配送,47687,1278,2026-08-01
P0110,短信,限时秒杀 免费麦辣鸡腿堡 仅剩30份,快来领取优惠券 新人立减5元 免费配送,31846,3463,2026-08-01
P0110,企微1v1,限时秒杀 免费麦辣鸡腿堡 仅剩46份,快来领取优惠券 新人立减5元 免费配送,11324,2360,2026-08-01
P0110,企微1v1,限时秒杀 免费麦辣鸡腿堡 仅剩90份,快来领取优惠券 新人立减5元 免费配送,27018,3165,2026-08-01
P0110,APP Push,限时秒杀 免费麦辣鸡腿堡 仅剩32份,快来领取优惠券 新人立减5元 免费配送,47097,1730,2026-08-01
P0110,企微1v1,限时秒杀 免费麦辣鸡腿堡 仅剩85份,快来领取优惠券 新人立减5元 免费配送,42092,1220,2026-08-01
P0110,企微1v1,限时秒杀 免费麦辣鸡腿堡 仅剩37份,快来领取优惠券 新人立减5元 免费配送,14515,1481,2026-08-01
P0110,APP Push,限时秒杀 免费麦辣鸡腿堡 仅剩41份,快来领取优惠券 新人立减5元 免费配送,44557,2888,2026-08-01
P0110,短信,限时秒杀 免费麦辣鸡腿堡 仅剩78份,快来领取优惠券 新人立减5元 免费配送,45726,384,2026-08-01
P0110,企微1v1,限时秒杀 免费麦辣鸡腿堡 仅剩25份,快来领取优惠券 新人立减5元 免费配送,32931,1205,2026-08-01
P0110,短信,限时秒杀 免费麦辣鸡腿堡 仅剩6份,快来领取优惠券 新人立减5元 免费配送,47249,1457,2026-08-01
P0110,短信,限时秒杀 免费麦辣鸡腿堡 仅剩27份,快来领取优惠券 新人立减5元 免费配送,25214,3874,2026-08-01
P0110,企微1v1,限时秒杀 免费麦辣鸡腿堡 仅剩30份,快来领取优惠券 新人立减5元 免费配送,35666,1148,2026-08-01
P0111,APP Push,限时秒杀 免费麦辣鸡腿堡 仅剩87份,快来领取优惠券 新人立减5元 免费配送,32612,4397,2026-08-01
P0111,短信,限时秒杀 免费麦辣鸡腿堡 仅剩19份,快来领取优惠券 新人立减5元 免费配送,47817,269,2026-08-01
P0111,短信,限时秒杀 免费麦辣鸡腿堡 仅剩6份,快来领取优惠券 新人立减5元 免费配送,27369,1187,2026-08-01
P0111,APP Push,限时秒杀 免费麦辣鸡腿堡 仅剩26份,快来领取优惠券 新人立减5元 免费配送,45342,4763,2026-08-01
P0111,企微1v1,限时秒杀 免费麦辣鸡腿堡 仅剩28份,快来领取优惠券 新人立减5元 免费配送,32294,131,2026-08-01
P0111,企微1v1,限时秒杀 免费麦辣鸡腿堡 仅剩68份,快来领取优惠券 新人立减5元 免费配送,36439,1116,2026-08-01
P0111,企微1v1,限时秒杀 免费麦辣鸡腿堡 仅剩60份,快来领取优惠券 新人立减5元 免费配送,4317,2678,2026-08-01
P0111,企微1v1,限时秒杀 免费麦辣鸡腿堡 仅剩7份,快来领取优惠券 新人立减5元 免费配送,32776,1225,2026-08-01
P0111,短信,限时秒杀 免费麦辣鸡腿堡 仅剩18份,快来领取优惠券 新人立减5元 免费配送,46407,2989,2026-08-01
P0111,企微1v1,限时秒杀 免费麦辣鸡腿堡 仅剩42份,快来领取优惠券 新人立减5元 免费配送,44184,596,2026-08-01
P0111,APP Push,限时秒杀 免费麦辣鸡腿堡 仅剩26份,快来领取优惠券 新人立减5元 免费配送,39544,107,2026-08-01
P0111,APP Push,限时秒杀 免费麦辣鸡腿堡 仅剩53份,快来领取优惠券 新人立减5元 免费配送,18797,1798,2026-08-01
P0111,APP Push,限时秒杀 免费麦辣鸡腿堡 仅剩44份,快来领取优惠券 新人立减5元 免费配送,16360,2837,2026-08-01
P0111,企微1v1,限时秒杀 免费麦辣鸡腿堡 仅剩72份,快来领取优惠券 新人立减5元 免费配送,26697,4585,2026-08-01
P0111,APP Push,限时秒杀 免费麦辣鸡腿堡 仅剩30份,快来领取优惠券 新人立减5元 免费配送,26655,680,2026-08-01
P0111,企微1v1,限时秒杀 免费麦辣鸡腿堡 仅剩63份,快来领取优惠券 新人立减5元 免费配送,2126,3691,2026-08-01
P0111,APP Push,限时秒杀 免费麦辣鸡腿堡 仅剩1份,快来领取优惠券 新人立减5元 免费配送,13913,1957,2026-08-01
P0111,企微1v1,限时秒杀 免费麦辣鸡腿堡 仅剩78份,快来领取优惠券 新人立减5元 免费配送,34830,1466,2026-08-01
P0111,APP Push,限时秒杀 免费麦辣鸡腿堡 仅剩63份,快来领取优惠券 新人立减5元 免费配送,40196,3319,2026-08-01
P0111,企微1v1,限时秒杀 免费麦辣鸡腿堡 仅剩23份,快来领取优惠券 新人立减5元 免费配送,2871,607,2026-08-01
P0112,APP Push,限时秒杀 免费麦辣鸡腿堡 仅剩13份,快来领取优惠券 新人立减5元 免费配送,33442,4993,2026-08-01
P0112,APP Push,限时秒杀 免费麦辣鸡腿堡 仅剩10份,快来领取优惠券 新人立减5元 免费配送,14435,3314,2026-08-01
P0112,企微1v1,限时秒杀 免费麦辣鸡腿堡 仅剩36份,快来领取优惠券 新人立减5元 免费配送,4618,4202,2026-08-01
P0112,短信,限时秒杀 免费麦辣鸡腿堡 仅剩87份,快来领取优惠券 新人立减5元 免费配送,32231,4381,2026-08-01
P0112,短信,限时秒杀 免费麦辣鸡腿堡 仅剩96份,快来领取优惠券 新人立减5元 免费配送,45411,2773,2026-08-01
P0112,短信,限时秒杀 免费麦辣鸡腿堡 仅剩13份,快来领取优惠券 新人立减5元 免费配送,44203,2890,2026-08-01
P0112,企微1v1,限时秒杀 免费麦辣鸡腿堡 仅剩3份,快来领取优惠券 新人立减5元 免费配送,18707,591,2026-08-01
P0112,短信,限时秒杀 免费麦辣鸡腿堡 仅剩5份,快来领取优惠券 新人立减5元 免费配送,27429,2956,2026-08-01
P0112,APP Push,限时秒杀 免费麦辣鸡腿堡 仅剩61份,快来领取优惠券 新人立减5元 免费配送,38088,2974,2026-08-01
P0112,APP Push,限时秒杀 免费麦辣鸡腿堡 仅剩32份,快来领取优惠券 新人立减5元 免费配送,49377,1619,2026-08-01
P0112,短信,限时秒杀 免费麦辣鸡腿堡 仅剩77份,快来领取优惠券 新人立减5元 免费配送,41307,1451,2026-08-01
P0112,企微1v1,限时秒杀 免费麦辣鸡腿堡 仅剩88份,快来领取优惠券 新人立减5元 免费配送,29738,3866,2026-08-01
P0112,APP Push,限时秒杀 免费麦辣鸡腿堡 仅剩28份,快来领取优惠券 新人立减5元 免费配送,18714,1630,2026-08-01
P0112,短信,限时秒杀 免费麦辣鸡腿堡 仅剩16份,快来领取优惠券 新人立减5元 免费配送,44294,1918,2026-08-01
P0112,APP Push,限时秒杀 免费麦辣鸡腿堡 仅剩11份,快来领取优惠券 新人立减5元 免费配送,18665,3780,2026-08-01
P0112,企微1v1,限时秒杀 免费麦辣鸡腿堡 仅剩45份,快来领取优惠券 新人立减5元 免费配送,43599,172,2026-08-01
P0112,APP Push,限时秒杀 免费麦辣鸡腿堡 仅剩26份,快来领取优惠券 新人立减5元 免费配送,23978,2120,2026-08-01
P0112,APP Push,限时秒杀 免费麦辣鸡腿堡 仅剩3份,快来领取优惠券 新人立减5元 免费配送,17878,1635,2026-08-01
P0112,短信,限时秒杀 免费麦辣鸡腿堡 仅剩5份,快来领取优惠券 新人立减5元 免费配送,29735,2228,2026-08-01
P0112,企微1v1,限时秒杀 免费麦辣鸡腿堡 仅剩75份,快来领取优惠券 新人立减5元 免费配送,7932,3177,2026-08-01
P0113,企微1v1,限时秒杀 免费麦辣鸡腿堡 仅剩42份,快来领取优惠券 新人立减5元 免费配送,27319,2893,2026-08-01
P0113,企微1v1,限时秒杀 免费麦辣鸡腿堡 仅剩46份,快来领取优惠券 新人立减5元 免费配送,21795,1682,2026-08-01
P0113,短信,限时秒杀 免费麦辣鸡腿堡 仅剩39份,快来领取优惠券 新人立减5元 免费配送,44389,4107,2026-08-01
P0113,短信,限时秒杀 免费麦辣鸡腿堡 仅剩26份,快来领取优惠券 新人立减5元 免费配送,4099,460,2026-08-01
P0113,企微1v1,限时秒杀 免费麦辣鸡腿堡 仅剩46份,快来领取优惠券 新人立减5元 免费配送,11249,4868,2026-08-01
P0113,企微1v1,限时秒杀 免费麦辣鸡腿堡 仅剩39份,快来领取优惠券 新人立减5元 免费配送,26113,2114,2026-08-01
P0113,APP Push,限时秒杀 免费麦辣鸡腿堡 仅剩20份,快来领取优惠券 新人立减5元 免费配送,37074,2338,2026-08-01
P0113,APP Push,限时秒杀 免费麦辣鸡腿堡 仅剩52份,快来领取优惠券 新人立减5元 免费配送,20935,2261,2026-08-01
P0113,APP Push,限时秒杀 免费麦辣鸡腿堡 仅剩93份,快来领取优惠券 新人立减5元 免费配送,23749,993,2026-08-01
P0113,短信,限时秒杀 免费麦辣鸡腿堡 仅剩47份,快来领取优惠券 新人立减5元 免费配送,45834,2915,2026-08-01
P0113,短信,限时秒杀 免费麦辣鸡腿堡 仅剩91份,快来领取优惠券 新人立减5元 免费配送,22432,1926,2026-08-01
P0113,短信,限时秒杀 免费麦辣鸡腿堡 仅剩96份,快来领取优惠券 新人立减5元 免费配送,34233,2046,2026-08-01
P0113,企微1v1,限时秒杀 免费麦辣鸡腿堡 仅剩3份,快来领取优惠券 新人立减5元 免费配送,34604,1461,2026-08-01
P0113,企微1v1,限时秒杀 免费麦辣鸡腿堡 仅剩91份,快来领取优惠券 新人立减5元 免费配送,35135,1808,2026-08-01
P0113,短信,限时秒杀 免费麦辣鸡腿堡 仅剩34份,快来领取优惠券 新人立减5元 免费配送,23539,2103,2026-08-01
P0113,企微1v1,限时秒杀 免费麦辣鸡腿堡 仅剩45份,快来领取优惠券 新人立减5元 免费配送,36471,3202,2026-08-01
P0113,企微1v1,限时秒杀 免费麦辣鸡腿堡 仅剩43份,快来领取优惠券 新人立减5元 免费配送,44522,3669,2026-08-01
P0113,企微1v1,限时秒杀 免费麦辣鸡腿堡 仅剩38份,快来领取优惠券 新人立减5元 免费配送,16299,4489,2026-08-01
P0113,短信,限时秒杀 免费麦辣鸡腿堡 仅剩14份,快来领取优惠券 新人立减5元 免费配送,19267,800,2026-08-01
P0113,企微1v1,限时秒杀 免费麦辣鸡腿堡 仅剩59份,快来领取优惠券 新人立减5元 免费配送,10679,4514,2026-08-01
P0114,企微1v1,限时秒杀 免费麦辣鸡腿堡 仅剩70份,快来领取优惠券 新人立减5元 免费配送,6457,2197,2026-08-01
P0114,APP Push,限时秒杀 免费麦辣鸡腿堡 仅剩21份,快来领取优惠券 新人立减5元 免费配送,8753,2299,2026-08-01
P0114,企微1v1,限时秒杀 免费麦辣鸡腿堡 仅剩71份,快来领取优惠券 新人立减5元 免费配送,2043,2891,2026-08-01
P0114,短信,限时秒杀 免费麦辣鸡腿堡 仅剩1份,快来领取优惠券 新人立减5元 免费配送,11065,3046,2026-08-01
P0114,企微1v1,限时秒杀 免费麦辣鸡腿堡 仅剩14份,快来领取优惠券 新人立减5元 免费配送,40175,2092,2026-08-01
P0114,企微1v1,限时秒杀 免费麦辣鸡腿堡 仅剩86份,快来领取优惠券 新人立减5元 免费配送,16129,2266,2026-08-01
P0114,APP Push,限时秒杀 免费麦辣鸡腿堡 仅剩1份,快来领取优惠券 新人立减5元 免费配送,40428,2929,2026-08-01
P0114,短信,限时秒杀 免费麦辣鸡腿堡 仅剩73份,快来领取优惠券 新人立减5元 免费配送,45585,2299,2026-08-01
P0114,企微1v1,限时秒杀 免费麦辣鸡腿堡 仅剩4份,快来领取优惠券 新人立减5元 免费配送,34266,114,2026-08-01
P0114,短信,限时秒杀 免费麦辣鸡腿堡 仅剩50份,快来领取优惠券 新人立减5元 免费配送,16750,3873,2026-08-01
P0114,短信,限时秒杀 免费麦辣鸡腿堡 仅剩86份,快来领取优惠券 新人立减5元 免费配送,32742,2491,2026-08-01
P0114,APP Push,限时秒杀 免费麦辣鸡腿堡 仅剩50份,快来领取优惠券 新人立减5元 免费配送,2783,1883,2026-08-01
P0114,APP Push,限时秒杀 免费麦辣鸡腿堡 仅剩55份,快来领取优惠券 新人立减5元 免费配送,44162,628,2026-08-01
P0114,APP Push,限时秒杀 免费麦辣鸡腿堡 仅剩87份,快来领取优惠券 新人立减5元 免费配送,21370,688,2026-08-01
P0114,企微1v1,限时秒杀 免费麦辣鸡腿堡 仅剩91份,快来领取优惠券 新人立减5元 免费配送,9684,3616,2026-08-01
P0114,APP Push,限时秒杀 免费麦辣鸡腿堡 仅剩15份,快来领取优惠券 新人立减5元 免费配送,14916,939,2026-08-01
P0114,APP Push,限时秒杀 免费麦辣鸡腿堡 仅剩25份,快来领取优惠券 新人立减5元 免费配送,14140,4485,2026-08-01
P0114,企微1v1,限时秒杀 免费麦辣鸡腿堡 仅剩11份,快来领取优惠券 新人立减5元 免费配送,35433,2145,2026-08-01
P0114,短信,限时秒杀 免费麦辣鸡腿堡 仅剩87份,快来领取优惠券 新人立减5元 免费配送,18976,1701,2026-08-01
P0114,短信,限时秒杀 免费麦辣鸡腿堡 仅剩25份,快来领取优惠券 新人立减5元 免费配送,19003,746,2026-08-01
P0115,APP Push,限时秒杀 免费麦辣鸡腿堡 仅剩79份,快来领取优惠券 新人立减5元 免费配送,47014,4028,2026-08-01
P0115,APP Push,限时秒杀 免费麦辣鸡腿堡 仅剩10份,快来领取优惠券 新人立减5元 免费配送,39690,2932,2026-08-01
P0115,APP Push,限时秒杀 免费麦辣鸡腿堡 仅剩76份,快来领取优惠券 新人立减5元 免费配送,21043,1510,2026-08-01
P0115,APP Push,限时秒杀 免费麦辣鸡腿堡 仅剩3份,快来领取优惠券 新人立减5元 免费配送,36007,3932,2026-08-01
P0115,短信,限时秒杀 免费麦辣鸡腿堡 仅剩91份,快来领取优惠券 新人立减5元 免费配送,41334,4414,2026-08-01
P0115,企微1v1,限时秒杀 免费麦辣鸡腿堡 仅剩79份,快来领取优惠券 新人立减5元 免费配送,15846,3393,2026-08-01
P0115,短信,限时秒杀 免费麦辣鸡腿堡 仅剩18份,快来领取优惠券 新人立减5元 免费配送,40030,3107,2026-08-01
P0115,短信,限时秒杀 免费麦辣鸡腿堡 仅剩66份,快来领取优惠券 新人立减5元 免费配送,11497,4159,2026-08-01
P0115,APP Push,限时秒杀 免费麦辣鸡腿堡 仅剩27份,快来领取优惠券 新人立减5元 免费配送,33693,3069,2026-08-01
P0115,企微1v1,限时秒杀 免费麦辣鸡腿堡 仅剩96份,快来领取优惠券 新人立减5元 免费配送,40029,3517,2026-08-01
P0115,企微1v1,限时秒杀 免费麦辣鸡腿堡 仅剩23份,快来领取优惠券 新人立减5元 免费配送,49406,129,2026-08-01
P0115,短信,限时秒杀 免费麦辣鸡腿堡 仅剩63份,快来领取优惠券 新人立减5元 免费配送,18308,431,2026-08-01
P0115,APP Push,限时秒杀 免费麦辣鸡腿堡 仅剩77份,快来领取优惠券 新人立减5元 免费配送,43921,363,2026-08-01
P0115,企微1v1,限时秒杀 免费麦辣鸡腿堡 仅剩72份,快来领取优惠券 新人立减5元 免费配送,32652,3675,2026-08-01
P0115,短信,限时秒杀 免费麦辣鸡腿堡 仅剩82份,快来领取优惠券 新人立减5元 免费配送,32888,1111,2026-08-01
P0115,APP Push,限时秒杀 免费麦辣鸡腿堡 仅剩85份,快来领取优惠券 新人立减5元 免费配送,4233,3130,2026-08-01
P0115,企微1v1,限时秒杀 免费麦辣鸡腿堡 仅剩34份,快来领取优惠券 新人立减5元 免费配送,23570,4420,2026-08-01
P0115,短信,限时秒杀 免费麦辣鸡腿堡 仅剩44份,快来领取优惠券 新人立减5元 免费配送,10192,2793,2026-08-01
P0115,APP Push,限时秒杀 免费麦辣鸡腿堡 仅剩16份,快来领取优惠券 新人立减5元 免费配送,48772,3023,2026-08-01
P0115,APP Push,限时秒杀 免费麦辣鸡腿堡 仅剩35份,快来领取优惠券 新人立减5元 免费配送,24006,3371,2026-08-01
P0116,APP Push,限时秒杀 免费麦辣鸡腿堡 仅剩41份,快来领取优惠券 新人立减5元 免费配送,39309,1259,2026-08-01
P0116,企微1v1,限时秒杀 免费麦辣鸡腿堡 仅剩65份,快来领取优惠券 新人立减5元 免费配送,19542,2174,2026-08-01
P0116,企微1v1,限时秒杀 免费麦辣鸡腿堡 仅剩21份,快来领取优惠券 新人立减5元 免费配送,37967,563,2026-08-01
P0116,APP Push,限时秒杀 免费麦辣鸡腿堡 仅剩25份,快来领取优惠券 新人立减5元 免费配送,32011,859,2026-08-01
P0116,企微1v1,限时秒杀 免费麦辣鸡腿堡 仅剩29份,快来领取优惠券 新人立减5元 免费配送,17688,3728,2026-08-01
P0116,APP Push,限时秒杀 免费麦辣鸡腿堡 仅剩55份,快来领取优惠券 新人立减5元 免费配送,41979,1767,2026-08-01
P0116,短信,限时秒杀 免费麦辣鸡腿堡 仅剩67份,快来领取优惠券 新人立减5元 免费配送,36911,3825,2026-08-01
P0116,APP Push,限时秒杀 免费麦辣鸡腿堡 仅剩63份,快来领取优惠券 新人立减5元 免费配送,46958,1170,2026-08-01
P0116,企微1v1,限时秒杀 免费麦辣鸡腿堡 仅剩62份,快来领取优惠券 新人立减5元 免费配送,37572,3047,2026-08-01
P0116,短信,限时秒杀 免费麦辣鸡腿堡 仅剩79份,快来领取优惠券 新人立减5元 免费配送,45360,4215,2026-08-01
P0116,短信,限时秒杀 免费麦辣鸡腿堡 仅剩5份,快来领取优惠券 新人立减5元 免费配送,14775,1446,2026-08-01
P0116,APP Push,限时秒杀 免费麦辣鸡腿堡 仅剩91份,快来领取优惠券 新人立减5元 免费配送,21601,3203,2026-08-01
P0116,企微1v1,限时秒杀 免费麦辣鸡腿堡 仅剩51份,快来领取优惠券 新人立减5元 免费配送,41822,4397,2026-08-01
P0116,企微1v1,限时秒杀 免费麦辣鸡腿堡 仅剩5份,快来领取优惠券 新人立减5元 免费配送,39736,2703,2026-08-01
P0116,APP Push,限时秒杀 免费麦辣鸡腿堡 仅剩21份,快来领取优惠券 新人立减5元 免费配送,18184,1435,2026-08-01
P0116,短信,限时秒杀 免费麦辣鸡腿堡 仅剩22份,快来领取优惠券 新人立减5元 免费配送,31250,918,2026-08-01
P0116,短信,限时秒杀 免费麦辣鸡腿堡 仅剩95份,快来领取优惠券 新人立减5元 免费配送,24021,1935,2026-08-01
P0116,短信,限时秒杀 免费麦辣鸡腿堡 仅剩82份,快来领取优惠券 新人立减5元 免费配送,40957,3411,2026-08-01
P0116,企微1v1,限时秒杀 免费麦辣鸡腿堡 仅剩18份,快来领取优惠券 新人立减5元 免费配送,39019,4367,2026-08-01
P0116,短信,限时秒杀 免费麦辣鸡腿堡 仅剩57份,快来领取优惠券 新人立减5元 免费配送,35519,988,2026-08-01
P0117,企微1v1,限时秒杀 免费麦辣鸡腿堡 仅剩49份,快来领取优惠券 新人立减5元 免费配送,20167,2820,2026-08-01
P0117,企微1v1,限时秒杀 免费麦辣鸡腿堡 仅剩73份,快来领取优惠券 新人立减5元 免费配送,44148,2713,2026-08-01
P0117,企微1v1,限时秒杀 免费麦辣鸡腿堡 仅剩59份,快来领取优惠券 新人立减5元 免费配送,7966,1131,2026-08-01
P0117,企微1v1,限时秒杀 免费麦辣鸡腿堡 仅剩62份,快来领取优惠券 新人立减5元 免费配送,29949,1545,2026-08-01
P0117,APP Push,限时秒杀 免费麦辣鸡腿堡 仅剩95份,快来领取优惠券 新人立减5元 免费配送,12321,1020,2026-08-01
P0117,短信,限时秒杀 免费麦辣鸡腿堡 仅剩91份,快来领取优惠券 新人立减5元 免费配送,42150,2952,2026-08-01
P0117,APP Push,限时秒杀 免费麦辣鸡腿堡 仅剩74份,快来领取优惠券 新人立减5元 免费配送,34798,1593,2026-08-01
P0117,短信,限时秒杀 免费麦辣鸡腿堡 仅剩83份,快来领取优惠券 新人立减5元 免费配送,37498,3725,2026-08-01
P0117,APP Push,限时秒杀 免费麦辣鸡腿堡 仅剩29份,快来领取优惠券 新人立减5元 免费配送,37485,3443,2026-08-01
P0117,企微1v1,限时秒杀 免费麦辣鸡腿堡 仅剩82份,快来领取优惠券 新人立减5元 免费配送,12787,466,2026-08-01
P0117,短信,限时秒杀 免费麦辣鸡腿堡 仅剩68份,快来领取优惠券 新人立减5元 免费配送,18473,2486,2026-08-01
P0117,短信,限时秒杀 免费麦辣鸡腿堡 仅剩13份,快来领取优惠券 新人立减5元 免费配送,2395,4127,2026-08-01
P0117,企微1v1,限时秒杀 免费麦辣鸡腿堡 仅剩55份,快来领取优惠券 新人立减5元 免费配送,3590,2156,2026-08-01
P0117,企微1v1,限时秒杀 免费麦辣鸡腿堡 仅剩6份,快来领取优惠券 新人立减5元 免费配送,36808,3972,2026-08-01
P0117,企微1v1,限时秒杀 免费麦辣鸡腿堡 仅剩75份,快来领取优惠券 新人立减5元 免费配送,35745,2856,2026-08-01
P0117,短信,限时秒杀 免费麦辣鸡腿堡 仅剩88份,快来领取优惠券 新人立减5元 免费配送,32191,3566,2026-08-01
P0117,短信,限时秒杀 免费麦辣鸡腿堡 仅剩36份,快来领取优惠券 新人立减5元 免费配送,41753,412,2026-08-01
P0117,APP Push,限时秒杀 免费麦辣鸡腿堡 仅剩12份,快来领取优惠券 新人立减5元 免费配送,15957,1640,2026-08-01
P0117,APP Push,限时秒杀 免费麦辣鸡腿堡 仅剩36份,快来领取优惠券 新人立减5元 免费配送,43034,2690,2026-08-01
P0117,短信,限时秒杀 免费麦辣鸡腿堡 仅剩69份,快来领取优惠券 新人立减5元 免费配送,12461,4550,2026-08-01
P0118,企微1v1,限时秒杀 免费麦辣鸡腿堡 仅剩30份,快来领取优惠券 新人立减5元 免费配送,16944,4305,2026-08-01
P0118,APP Push,限时秒杀 免费麦辣鸡腿堡 仅剩3份,快来领取优惠券 新人立减5元 免费配送,24995,207,2026-08-01
P0118,APP Push,限时秒杀 免费麦辣鸡腿堡 仅剩40份,快来领取优惠券 新人立减5元 免费配送,27356,3988,2026-08-01
P0118,APP Push,限时秒杀 免费麦辣鸡腿堡 仅剩19份,快来领取优惠券 新人立减5元 免费配送,44915,3084,2026-08-01
P0118,短信,限时秒杀 免费麦辣鸡腿堡 仅剩16份,快来领取优惠券 新人立减5元 免费配送,21051,1292,2026-08-01
P0118,企微1v1,限时秒杀 免费麦辣鸡腿堡 仅剩86份,快来领取优惠券 新人立减5元 免费配送,46600,3540,2026-08-01
P0118,短信,限时秒杀 免费麦辣鸡腿堡 仅剩63份,快来领取优惠券 新人立减5元 免费配送,31753,2752,2026-08-01
P0118,短信,限时秒杀 免费麦辣鸡腿堡 仅剩73份,快来领取优惠券 新人立减5元 免费配送,12119,2145,2026-08-01
P0118,企微1v1,限时秒杀 免费麦辣鸡腿堡 仅剩41份,快来领取优惠券 新人立减5元 免费配送,41553,1507,2026-08-01
P0118,短信,限时秒杀 免费麦辣鸡腿堡 仅剩53份,快来领取优惠券 新人立减5元 免费配送,49656,3231,2026-08-01
P0118,企微1v1,限时秒杀 免费麦辣鸡腿堡 仅剩42份,快来领取优惠券 新人立减5元 免费配送,49816,4546,2026-08-01
P0118,企微1v1,限时秒杀 免费麦辣鸡腿堡 仅剩19份,快来领取优惠券 新人立减5元 免费配送,30046,752,2026-08-01
P0118,短信,限时秒杀 免费麦辣鸡腿堡 仅剩89份,快来领取优惠券 新人立减5元 免费配送,20916,3238,2026-08-01
P0118,APP Push,限时秒杀 免费麦辣鸡腿堡 仅剩4份,快来领取优惠券 新人立减5元 免费配送,46520,4374,2026-08-01
P0118,企微1v1,限时秒杀 免费麦辣鸡腿堡 仅剩29份,快来领取优惠券 新人立减5元 免费配送,21040,187,2026-08-01
P0118,短信,限时秒杀 免费麦辣鸡腿堡 仅剩2份,快来领取优惠券 新人立减5元 免费配送,20161,105,2026-08-01
P0118,APP Push,限时秒杀 免费麦辣鸡腿堡 仅剩77份,快来领取优惠券 新人立减5元 免费配送,16765,4317,2026-08-01
P0118,企微1v1,限时秒杀 免费麦辣鸡腿堡 仅剩47份,快来领取优惠券 新人立减5元 免费配送,23982,789,2026-08-01
P0118,短信,限时秒杀 免费麦辣鸡腿堡 仅剩99份,快来领取优惠券 新人立减5元 免费配送,39123,2395,2026-08-01
P0118,APP Push,限时秒杀 免费麦辣鸡腿堡 仅剩18份,快来领取优惠券 新人立减5元 免费配送,4887,665,2026-08-01
P0119,短信,限时秒杀 免费麦辣鸡腿堡 仅剩43份,快来领取优惠券 新人立减5元 免费配送,6001,4934,2026-08-01
P0119,短信,限时秒杀 免费麦辣鸡腿堡 仅剩35份,快来领取优惠券 新人立减5元 免费配送,10487,2922,2026-08-01
P0119,短信,限时秒杀 免费麦辣鸡腿堡 仅剩75份,快来领取优惠券 新人立减5元 免费配送,43216,2115,2026-08-01
P0119,短信,限时秒杀 免费麦辣鸡腿堡 仅剩1份,快来领取优惠券 新人立减5元 免费配送,29670,4570,2026-08-01
P0119,企微1v1,限时秒杀 免费麦辣鸡腿堡 仅剩55份,快来领取优惠券 新人立减5元 免费配送,49911,3356,2026-08-01
P0119,短信,限时秒杀 免费麦辣鸡腿堡 仅剩50份,快来领取优惠券 新人立减5元 免费配送,31331,1056,2026-08-01
P0119,短信,限时秒杀 免费麦辣鸡腿堡 仅剩1份,快来领取优惠券 新人立减5元 免费配送,29958,2234,2026-08-01
P0119,短信,限时秒杀 免费麦辣鸡腿堡 仅剩15份,快来领取优惠券 新人立减5元 免费配送,24525,707,2026-08-01
P0119,企微1v1,限时秒杀 免费麦辣鸡腿堡 仅剩43份,快来领取优惠券 新人立减5元 免费配送,35580,3334,2026-08-01
P0119,企微1v1,限时秒杀 免费麦辣鸡腿堡 仅剩13份,快来领取优惠券 新人立减5元 免费配送,36007,104,2026-08-01
P0119,APP Push,限时秒杀 免费麦辣鸡腿堡 仅剩53份,快来领取优惠券 新人立减5元 免费配送,43080,3418,2026-08-01
P0119,企微1v1,限时秒杀 免费麦辣鸡腿堡 仅剩5份,快来领取优惠券 新人立减5元 免费配送,4769,1399,2026-08-01
P0119,企微1v1,限时秒杀 免费麦辣鸡腿堡 仅剩23份,快来领取优惠券 新人立减5元 免费配送,30966,2481,2026-08-01
P0119,短信,限时秒杀 免费麦辣鸡腿堡 仅剩62份,快来领取优惠券 新人立减5元 免费配送,43771,2661,2026-08-01
P0119,企微1v1,限时秒杀 免费麦辣鸡腿堡 仅剩84份,快来领取优惠券 新人立减5元 免费配送,7632,3076,2026-08-01
P0119,APP Push,限时秒杀 免费麦辣鸡腿堡 仅剩64份,快来领取优惠券 新人立减5元 免费配送,3400,3850,2026-08-01
P0119,企微1v1,限时秒杀 免费麦辣鸡腿堡 仅剩35份,快来领取优惠券 新人立减5元 免费配送,25195,1693,2026-08-01
P0119,APP Push,限时秒杀 免费麦辣鸡腿堡 仅剩48份,快来领取优惠券 新人立减5元 免费配送,17179,4431,2026-08-01
P0119,APP Push,限时秒杀 免费麦辣鸡腿堡 仅剩27份,快来领取优惠券 新人立减5元 免费配送,26107,2622,2026-08-01
P0119,APP Push,限时秒杀 免费麦辣鸡腿堡 仅剩4份,快来领取优惠券 新人立减5元 免费配送,28475,3153,2026-08-01
P0120,短信,限时秒杀 免费麦辣鸡腿堡 仅剩59份,快来领取优惠券 新人立减5元 免费配送,12666,4842,2026-08-01
P0120,企微1v1,限时秒杀 免费麦辣鸡腿堡 仅剩38份,快来领取优惠券 新人立减5元 免费配送,13796,4693,2026-08-01
P0120,短信,限时秒杀 免费麦辣鸡腿堡 仅剩35份,快来领取优惠券 新人立减5元 免费配送,23583,2660,2026-08-01
P0120,企微1v1,限时秒杀 免费麦辣鸡腿堡 仅剩77份,快来领取优惠券 新人立减5元 免费配送,40390,4866,2026-08-01
P0120,企微1v1,限时秒杀 免费麦辣鸡腿堡 仅剩93份,快来领取优惠券 新人立减5元 免费配送,8404,3193,2026-08-01
P0120,APP Push,限时秒杀 免费麦辣鸡腿堡 仅剩5份,快来领取优惠券 新人立减5元 免费配送,46294,1808,2026-08-01
P0120,企微1v1,限时秒杀 免费麦辣鸡腿堡 仅剩85份,快来领取优惠券 新人立减5元 免费配送,49283,2863,2026-08-01
P0120,短信,限时秒杀 免费麦辣鸡腿堡 仅剩30份,快来领取优惠券 新人立减5元 免费配送,37487,2145,2026-08-01
P0120,企微1v1,限时秒杀 免费麦辣鸡腿堡 仅剩97份,快来领取优惠券 新人立减5元 免费配送,47749,4005,2026-08-01
P0120,APP Push,限时秒杀 免费麦辣鸡腿堡 仅剩98份,快来领取优惠券 新人立减5元 免费配送,8182,1194,2026-08-01
P0120,APP Push,限时秒杀 免费麦辣鸡腿堡 仅剩94份,快来领取优惠券 新人立减5元 免费配送,18783,2697,2026-08-01
P0120,APP Push,限时秒杀 免费麦辣鸡腿堡 仅剩6份,快来领取优惠券 新人立减5元 免费配送,38333,4813,2026-08-01
P0120,短信,限时秒杀 免费麦辣鸡腿堡 仅剩65份,快来领取优惠券 新人立减5元 免费配送,25601,1459,2026-08-01
P0120,企微1v1,限时秒杀 免费麦辣鸡腿堡 仅剩60份,快来领取优惠券 新人立减5元 免费配送,3640,2204,2026-08-01
P0120,企微1v1,限时秒杀 免费麦辣鸡腿堡 仅剩48份,快来领取优惠券 新人立减5元 免费配送,42296,2604,2026-08-01
P0120,企微1v1,限时秒杀 免费麦辣鸡腿堡 仅剩79份,快来领取优惠券 新人立减5元 免费配送,29320,4378,2026-08-01
P0120,APP Push,限时秒杀 免费麦辣鸡腿堡 仅剩54份,快来领取优惠券 新人立减5元 免费配送,31746,2592,2026-08-01
P0120,APP Push,限时秒杀 免费麦辣鸡腿堡 仅剩3份,快来领取优惠券 新人立减5元 免费配送,28269,2505,2026-08-01
P0120,短信,限时秒杀 免费麦辣鸡腿堡 仅剩58份,快来领取优惠券 新人立减5元 免费配送,38524,4948,2026-08-01
P0120,企微1v1,限时秒杀 免费麦辣鸡腿堡 仅剩50份,快来领取优惠券 新人立减5元 免费配送,46052,2817,2026-08-01
P0121,短信,限时秒杀 免费麦辣鸡腿堡 仅剩45份,快来领取优惠券 新人立减5元 免费配送,40632,1144,2026-08-01
P0121,企微1v1,限时秒杀 免费麦辣鸡腿堡 仅剩40份,快来领取优惠券 新人立减5元 免费配送,38773,3875,2026-08-01
P0121,APP Push,限时秒杀 免费麦辣鸡腿堡 仅剩67份,快来领取优惠券 新人立减5元 免费配送,14424,2616,2026-08-01
P0121,APP Push,限时秒杀 免费麦辣鸡腿堡 仅剩59份,快来领取优惠券 新人立减5元 免费配送,10171,2159,2026-08-01
P0121,APP Push,限时秒杀 免费麦辣鸡腿堡 仅剩22份,快来领取优惠券 新人立减5元 免费配送,24555,4300,2026-08-01
P0121,短信,限时秒杀 免费麦辣鸡腿堡 仅剩62份,快来领取优惠券 新人立减5元 免费配送,38923,432,2026-08-01
P0121,短信,限时秒杀 免费麦辣鸡腿堡 仅剩77份,快来领取优惠券 新人立减5元 免费配送,13044,3535,2026-08-01
P0121,短信,限时秒杀 免费麦辣鸡腿堡 仅剩26份,快来领取优惠券 新人立减5元 免费配送,18579,176,2026-08-01
P0121,短信,限时秒杀 免费麦辣鸡腿堡 仅剩76份,快来领取优惠券 新人立减5元 免费配送,23971,108,2026-08-01
P0121,短信,限时秒杀 免费麦辣鸡腿堡 仅剩82份,快来领取优惠券 新人立减5元 免费配送,21889,2793,2026-08-01
P0121,APP Push,限时秒杀 免费麦辣鸡腿堡 仅剩83份,快来领取优惠券 新人立减5元 免费配送,13588,836,2026-08-01
P0121,短信,限时秒杀 免费麦辣鸡腿堡 仅剩49份,快来领取优惠券 新人立减5元 免费配送,3743,3274,2026-08-01
P0121,短信,限时秒杀 免费麦辣鸡腿堡 仅剩74份,快来领取优惠券 新人立减5元 免费配送,19846,2114,2026-08-01
P0121,APP Push,限时秒杀 免费麦辣鸡腿堡 仅剩72份,快来领取优惠券 新人立减5元 免费配送,7496,2935,2026-08-01
P0121,短信,限时秒杀 免费麦辣鸡腿堡 仅剩27份,快来领取优惠券 新人立减5元 免费配送,46183,1651,2026-08-01
P0121,短信,限时秒杀 免费麦辣鸡腿堡 仅剩97份,快来领取优惠券 新人立减5元 免费配送,49894,4356,2026-08-01
P0121,企微1v1,限时秒杀 免费麦辣鸡腿堡 仅剩83份,快来领取优惠券 新人立减5元 免费配送,11618,3680,2026-08-01
P0121,短信,限时秒杀 免费麦辣鸡腿堡 仅剩3份,快来领取优惠券 新人立减5元 免费配送,19005,2156,2026-08-01
P0121,APP Push,限时秒杀 免费麦辣鸡腿堡 仅剩1份,快来领取优惠券 新人立减5元 免费配送,30627,2516,2026-08-01
P0121,企微1v1,限时秒杀 免费麦辣鸡腿堡 仅剩47份,快来领取优惠券 新人立减5元 免费配送,3663,3531,2026-08-01
P0122,APP Push,限时秒杀 免费麦辣鸡腿堡 仅剩80份,快来领取优惠券 新人立减5元 免费配送,3775,1715,2026-08-01
P0122,短信,限时秒杀 免费麦辣鸡腿堡 仅剩1份,快来领取优惠券 新人立减5元 免费配送,10498,805,2026-08-01
P0122,APP Push,限时秒杀 免费麦辣鸡腿堡 仅剩66份,快来领取优惠券 新人立减5元 免费配送,43111,3339,2026-08-01
P0122,企微1v1,限时秒杀 免费麦辣鸡腿堡 仅剩90份,快来领取优惠券 新人立减5元 免费配送,21698,985,2026-08-01
P0122,APP Push,限时秒杀 免费麦辣鸡腿堡 仅剩83份,快来领取优惠券 新人立减5元 免费配送,16855,2686,2026-08-01
P0122,APP Push,限时秒杀 免费麦辣鸡腿堡 仅剩81份,快来领取优惠券 新人立减5元 免费配送,12757,1570,2026-08-01
P0122,短信,限时秒杀 免费麦辣鸡腿堡 仅剩31份,快来领取优惠券 新人立减5元 免费配送,47180,4080,2026-08-01
P0122,短信,限时秒杀 免费麦辣鸡腿堡 仅剩79份,快来领取优惠券 新人立减5元 免费配送,40502,867,2026-08-01
P0122,企微1v1,限时秒杀 免费麦辣鸡腿堡 仅剩73份,快来领取优惠券 新人立减5元 免费配送,34639,1997,2026-08-01
P0122,短信,限时秒杀 免费麦辣鸡腿堡 仅剩92份,快来领取优惠券 新人立减5元 免费配送,22927,2321,2026-08-01
P0122,短信,限时秒杀 免费麦辣鸡腿堡 仅剩49份,快来领取优惠券 新人立减5元 免费配送,30092,995,2026-08-01
P0122,短信,限时秒杀 免费麦辣鸡腿堡 仅剩1份,快来领取优惠券 新人立减5元 免费配送,43713,3449,2026-08-01
P0122,APP Push,限时秒杀 免费麦辣鸡腿堡 仅剩45份,快来领取优惠券 新人立减5元 免费配送,20295,4565,2026-08-01
P0122,短信,限时秒杀 免费麦辣鸡腿堡 仅剩8份,快来领取优惠券 新人立减5元 免费配送,4077,3144,2026-08-01
P0122,APP Push,限时秒杀 免费麦辣鸡腿堡 仅剩13份,快来领取优惠券 新人立减5元 免费配送,17189,3039,2026-08-01
P0122,短信,限时秒杀 免费麦辣鸡腿堡 仅剩5份,快来领取优惠券 新人立减5元 免费配送,22737,4590,2026-08-01
P0122,APP Push,限时秒杀 免费麦辣鸡腿堡 仅剩74份,快来领取优惠券 新人立减5元 免费配送,15667,2696,2026-08-01
P0122,APP Push,限时秒杀 免费麦辣鸡腿堡 仅剩87份,快来领取优惠券 新人立减5元 免费配送,6291,548,2026-08-01
P0122,APP Push,限时秒杀 免费麦辣鸡腿堡 仅剩42份,快来领取优惠券 新人立减5元 免费配送,33758,3297,2026-08-01
P0122,短信,限时秒杀 免费麦辣鸡腿堡 仅剩89份,快来领取优惠券 新人立减5元 免费配送,27471,4176,2026-08-01
P0123,企微1v1,限时秒杀 免费麦辣鸡腿堡 仅剩46份,快来领取优惠券 新人立减5元 免费配送,42349,480,2026-08-01
P0123,APP Push,限时秒杀 免费麦辣鸡腿堡 仅剩58份,快来领取优惠券 新人立减5元 免费配送,7102,4548,2026-08-01
P0123,企微1v1,限时秒杀 免费麦辣鸡腿堡 仅剩18份,快来领取优惠券 新人立减5元 免费配送,28080,2902,2026-08-01
P0123,APP Push,限时秒杀 免费麦辣鸡腿堡 仅剩57份,快来领取优惠券 新人立减5元 免费配送,27684,1513,2026-08-01
P0123,企微1v1,限时秒杀 免费麦辣鸡腿堡 仅剩60份,快来领取优惠券 新人立减5元 免费配送,31480,2061,2026-08-01
P0123,企微1v1,限时秒杀 免费麦辣鸡腿堡 仅剩75份,快来领取优惠券 新人立减5元 免费配送,41785,206,2026-08-01
P0123,短信,限时秒杀 免费麦辣鸡腿堡 仅剩74份,快来领取优惠券 新人立减5元 免费配送,15412,4554,2026-08-01
P0123,APP Push,限时秒杀 免费麦辣鸡腿堡 仅剩32份,快来领取优惠券 新人立减5元 免费配送,6883,1559,2026-08-01
P0123,企微1v1,限时秒杀 免费麦辣鸡腿堡 仅剩57份,快来领取优惠券 新人立减5元 免费配送,16754,2567,2026-08-01
P0123,短信,限时秒杀 免费麦辣鸡腿堡 仅剩86份,快来领取优惠券 新人立减5元 免费配送,41218,982,2026-08-01
P0123,APP Push,限时秒杀 免费麦辣鸡腿堡 仅剩64份,快来领取优惠券 新人立减5元 免费配送,42701,579,2026-08-01
P0123,APP Push,限时秒杀 免费麦辣鸡腿堡 仅剩20份,快来领取优惠券 新人立减5元 免费配送,46410,527,2026-08-01
P0123,短信,限时秒杀 免费麦辣鸡腿堡 仅剩62份,快来领取优惠券 新人立减5元 免费配送,9799,1690,2026-08-01
P0123,企微1v1,限时秒杀 免费麦辣鸡腿堡 仅剩19份,快来领取优惠券 新人立减5元 免费配送,42781,424,2026-08-01
P0123,APP Push,限时秒杀 免费麦辣鸡腿堡 仅剩22份,快来领取优惠券 新人立减5元 免费配送,37694,281,2026-08-01
P0123,APP Push,限时秒杀 免费麦辣鸡腿堡 仅剩9份,快来领取优惠券 新人立减5元 免费配送,11101,4507,2026-08-01
P0123,APP Push,限时秒杀 免费麦辣鸡腿堡 仅剩26份,快来领取优惠券 新人立减5元 免费配送,27282,4625,2026-08-01
P0123,短信,限时秒杀 免费麦辣鸡腿堡 仅剩93份,快来领取优惠券 新人立减5元 免费配送,48995,4011,2026-08-01
P0123,短信,限时秒杀 免费麦辣鸡腿堡 仅剩80份,快来领取优惠券 新人立减5元 免费配送,1608,3883,2026-08-01
P0123,短信,限时秒杀 免费麦辣鸡腿堡 仅剩52份,快来领取优惠券 新人立减5元 免费配送,18763,282,2026-08-01
P0124,企微1v1,限时秒杀 免费麦辣鸡腿堡 仅剩91份,快来领取优惠券 新人立减5元 免费配送,48839,1530,2026-08-01
P0124,企微1v1,限时秒杀 免费麦辣鸡腿堡 仅剩26份,快来领取优惠券 新人立减5元 免费配送,5861,1688,2026-08-01
P0124,企微1v1,限时秒杀 免费麦辣鸡腿堡 仅剩4份,快来领取优惠券 新人立减5元 免费配送,22251,3265,2026-08-01
P0124,APP Push,限时秒杀 免费麦辣鸡腿堡 仅剩88份,快来领取优惠券 新人立减5元 免费配送,27088,1590,2026-08-01
P0124,企微1v1,限时秒杀 免费麦辣鸡腿堡 仅剩79份,快来领取优惠券 新人立减5元 免费配送,48673,4567,2026-08-01
P0124,短信,限时秒杀 免费麦辣鸡腿堡 仅剩55份,快来领取优惠券 新人立减5元 免费配送,21422,1548,2026-08-01
P0124,企微1v1,限时秒杀 免费麦辣鸡腿堡 仅剩71份,快来领取优惠券 新人立减5元 免费配送,18506,4392,2026-08-01
P0124,APP Push,限时秒杀 免费麦辣鸡腿堡 仅剩54份,快来领取优惠券 新人立减5元 免费配送,49440,819,2026-08-01
P0124,企微1v1,限时秒杀 免费麦辣鸡腿堡 仅剩82份,快来领取优惠券 新人立减5元 免费配送,1603,4535,2026-08-01
P0124,企微1v1,限时秒杀 免费麦辣鸡腿堡 仅剩38份,快来领取优惠券 新人立减5元 免费配送,48771,3295,2026-08-01
P0124,短信,限时秒杀 免费麦辣鸡腿堡 仅剩57份,快来领取优惠券 新人立减5元 免费配送,42585,4163,2026-08-01
P0124,企微1v1,限时秒杀 免费麦辣鸡腿堡 仅剩62份,快来领取优惠券 新人立减5元 免费配送,34139,4239,2026-08-01
P0124,APP Push,限时秒杀 免费麦辣鸡腿堡 仅剩4份,快来领取优惠券 新人立减5元 免费配送,24765,1982,2026-08-01
P0124,APP Push,限时秒杀 免费麦辣鸡腿堡 仅剩40份,快来领取优惠券 新人立减5元 免费配送,17618,3629,2026-08-01
P0124,企微1v1,限时秒杀 免费麦辣鸡腿堡 仅剩36份,快来领取优惠券 新人立减5元 免费配送,19470,1137,2026-08-01
P0124,APP Push,限时秒杀 免费麦辣鸡腿堡 仅剩31份,快来领取优惠券 新人立减5元 免费配送,9864,4175,2026-08-01
P0124,APP Push,限时秒杀 免费麦辣鸡腿堡 仅剩72份,快来领取优惠券 新人立减5元 免费配送,37235,4155,2026-08-01
P0124,企微1v1,限时秒杀 免费麦辣鸡腿堡 仅剩8份,快来领取优惠券 新人立减5元 免费配送,41100,4614,2026-08-01
P0124,企微1v1,限时秒杀 免费麦辣鸡腿堡 仅剩6份,快来领取优惠券 新人立减5元 免费配送,2154,924,2026-08-01
P0124,短信,限时秒杀 免费麦辣鸡腿堡 仅剩30份,快来领取优惠券 新人立减5元 免费配送,38696,732,2026-08-01
P0125,短信,限时秒杀 免费麦辣鸡腿堡 仅剩31份,快来领取优惠券 新人立减5元 免费配送,10922,3574,2026-08-01
P0125,短信,限时秒杀 免费麦辣鸡腿堡 仅剩85份,快来领取优惠券 新人立减5元 免费配送,43608,2592,2026-08-01
P0125,APP Push,限时秒杀 免费麦辣鸡腿堡 仅剩82份,快来领取优惠券 新人立减5元 免费配送,43931,1853,2026-08-01
P0125,企微1v1,限时秒杀 免费麦辣鸡腿堡 仅剩79份,快来领取优惠券 新人立减5元 免费配送,38441,3862,2026-08-01
P0125,企微1v1,限时秒杀 免费麦辣鸡腿堡 仅剩36份,快来领取优惠券 新人立减5元 免费配送,10654,2189,2026-08-01
P0125,APP Push,限时秒杀 免费麦辣鸡腿堡 仅剩71份,快来领取优惠券 新人立减5元 免费配送,47610,3514,2026-08-01
P0125,APP Push,限时秒杀 免费麦辣鸡腿堡 仅剩32份,快来领取优惠券 新人立减5元 免费配送,45409,426,2026-08-01
P0125,短信,限时秒杀 免费麦辣鸡腿堡 仅剩18份,快来领取优惠券 新人立减5元 免费配送,19021,4926,2026-08-01
P0125,企微1v1,限时秒杀 免费麦辣鸡腿堡 仅剩29份,快来领取优惠券 新人立减5元 免费配送,18309,1893,2026-08-01
P0125,短信,限时秒杀 免费麦辣鸡腿堡 仅剩3份,快来领取优惠券 新人立减5元 免费配送,35316,715,2026-08-01
P0125,企微1v1,限时秒杀 免费麦辣鸡腿堡 仅剩35份,快来领取优惠券 新人立减5元 免费配送,36337,1876,2026-08-01
P0125,APP Push,限时秒杀 免费麦辣鸡腿堡 仅剩46份,快来领取优惠券 新人立减5元 免费配送,25827,3538,2026-08-01
P0125,企微1v1,限时秒杀 免费麦辣鸡腿堡 仅剩72份,快来领取优惠券 新人立减5元 免费配送,25554,3604,2026-08-01
P0125,短信,限时秒杀 免费麦辣鸡腿堡 仅剩93份,快来领取优惠券 新人立减5元 免费配送,18068,2390,2026-08-01
P0125,短信,限时秒杀 免费麦辣鸡腿堡 仅剩38份,快来领取优惠券 新人立减5元 免费配送,45154,2878,2026-08-01
P0125,短信,限时秒杀 免费麦辣鸡腿堡 仅剩38份,快来领取优惠券 新人立减5元 免费配送,1241,127,2026-08-01
P0125,企微1v1,限时秒杀 免费麦辣鸡腿堡 仅剩92份,快来领取优惠券 新人立减5元 免费配送,9155,3176,2026-08-01
P0125,企微1v1,限时秒杀 免费麦辣鸡腿堡 仅剩77份,快来领取优惠券 新人立减5元 免费配送,33666,4030,2026-08-01
P0125,短信,限时秒杀 免费麦辣鸡腿堡 仅剩47份,快来领取优惠券 新人立减5元 免费配送,37403,1378,2026-08-01
P0125,APP Push,限时秒杀 免费麦辣鸡腿堡 仅剩3份,快来领取优惠券 新人立减5元 免费配送,26879,4939,2026-08-01
P0126,APP Push,限时秒杀 免费麦辣鸡腿堡 仅剩14份,快来领取优惠券 新人立减5元 免费配送,10178,1744,2026-08-01
P0126,企微1v1,限时秒杀 免费麦辣鸡腿堡 仅剩36份,快来领取优惠券 新人立减5元 免费配送,31475,4991,2026-08-01
P0126,短信,限时秒杀 免费麦辣鸡腿堡 仅剩34份,快来领取优惠券 新人立减5元 免费配送,15828,2578,2026-08-01
P0126,APP Push,限时秒杀 免费麦辣鸡腿堡 仅剩67份,快来领取优惠券 新人立减5元 免费配送,10471,1973,2026-08-01
P0126,短信,限时秒杀 免费麦辣鸡腿堡 仅剩46份,快来领取优惠券 新人立减5元 免费配送,22926,4761,2026-08-01
P0126,APP Push,限时秒杀 免费麦辣鸡腿堡 仅剩62份,快来领取优惠券 新人立减5元 免费配送,8641,4178,2026-08-01
P0126,企微1v1,限时秒杀 免费麦辣鸡腿堡 仅剩26份,快来领取优惠券 新人立减5元 免费配送,26843,3453,2026-08-01
P0126,APP Push,限时秒杀 免费麦辣鸡腿堡 仅剩56份,快来领取优惠券 新人立减5元 免费配送,5007,3214,2026-08-01
P0126,APP Push,限时秒杀 免费麦辣鸡腿堡 仅剩60份,快来领取优惠券 新人立减5元 免费配送,14578,2779,2026-08-01
P0126,APP Push,限时秒杀 免费麦辣鸡腿堡 仅剩19份,快来领取优惠券 新人立减5元 免费配送,30004,4233,2026-08-01
P0126,短信,限时秒杀 免费麦辣鸡腿堡 仅剩59份,快来领取优惠券 新人立减5元 免费配送,45456,3543,2026-08-01
P0126,短信,限时秒杀 免费麦辣鸡腿堡 仅剩5份,快来领取优惠券 新人立减5元 免费配送,9556,1324,2026-08-01
P0126,APP Push,限时秒杀 免费麦辣鸡腿堡 仅剩63份,快来领取优惠券 新人立减5元 免费配送,5814,474,2026-08-01
P0126,APP Push,限时秒杀 免费麦辣鸡腿堡 仅剩69份,快来领取优惠券 新人立减5元 免费配送,2869,121,2026-08-01
P0126,短信,限时秒杀 免费麦辣鸡腿堡 仅剩42份,快来领取优惠券 新人立减5元 免费配送,44483,636,2026-08-01
P0126,企微1v1,限时秒杀 免费麦辣鸡腿堡 仅剩6份,快来领取优惠券 新人立减5元 免费配送,15182,3951,2026-08-01
P0126,短信,限时秒杀 免费麦辣鸡腿堡 仅剩10份,快来领取优惠券 新人立减5元 免费配送,38936,1736,2026-08-01
P0126,短信,限时秒杀 免费麦辣鸡腿堡 仅剩97份,快来领取优惠券 新人立减5元 免费配送,21261,2625,2026-08-01
P0126,APP Push,限时秒杀 免费麦辣鸡腿堡 仅剩29份,快来领取优惠券 新人立减5元 免费配送,32782,1562,2026-08-01
P0126,APP Push,限时秒杀 免费麦辣鸡腿堡 仅剩45份,快来领取优惠券 新人立减5元 免费配送,42028,539,2026-08-01
P0127,APP Push,限时秒杀 免费麦辣鸡腿堡 仅剩83份,快来领取优惠券 新人立减5元 免费配送,30629,2695,2026-08-01
P0127,短信,限时秒杀 免费麦辣鸡腿堡 仅剩49份,快来领取优惠券 新人立减5元 免费配送,4041,453,2026-08-01
P0127,短信,限时秒杀 免费麦辣鸡腿堡 仅剩3份,快来领取优惠券 新人立减5元 免费配送,13122,4612,2026-08-01
P0127,APP Push,限时秒杀 免费麦辣鸡腿堡 仅剩31份,快来领取优惠券 新人立减5元 免费配送,32996,4637,2026-08-01
P0127,短信,限时秒杀 免费麦辣鸡腿堡 仅剩65份,快来领取优惠券 新人立减5元 免费配送,16660,581,2026-08-01
P0127,APP Push,限时秒杀 免费麦辣鸡腿堡 仅剩57份,快来领取优惠券 新人立减5元 免费配送,1715,1127,2026-08-01
P0127,APP Push,限时秒杀 免费麦辣鸡腿堡 仅剩22份,快来领取优惠券 新人立减5元 免费配送,30675,2037,2026-08-01
P0127,企微1v1,限时秒杀 免费麦辣鸡腿堡 仅剩13份,快来领取优惠券 新人立减5元 免费配送,44680,2718,2026-08-01
P0127,短信,限时秒杀 免费麦辣鸡腿堡 仅剩69份,快来领取优惠券 新人立减5元 免费配送,29161,4791,2026-08-01
P0127,企微1v1,限时秒杀 免费麦辣鸡腿堡 仅剩98份,快来领取优惠券 新人立减5元 免费配送,38351,2066,2026-08-01
P0127,APP Push,限时秒杀 免费麦辣鸡腿堡 仅剩9份,快来领取优惠券 新人立减5元 免费配送,18530,3177,2026-08-01
P0127,企微1v1,限时秒杀 免费麦辣鸡腿堡 仅剩51份,快来领取优惠券 新人立减5元 免费配送,44353,1577,2026-08-01
P0127,企微1v1,限时秒杀 免费麦辣鸡腿堡 仅剩91份,快来领取优惠券 新人立减5元 免费配送,20183,2245,2026-08-01
P0127,APP Push,限时秒杀 免费麦辣鸡腿堡 仅剩28份,快来领取优惠券 新人立减5元 免费配送,15730,1991,2026-08-01
P0127,企微1v1,限时秒杀 免费麦辣鸡腿堡 仅剩1份,快来领取优惠券 新人立减5元 免费配送,6849,3349,2026-08-01
P0127,企微1v1,限时秒杀 免费麦辣鸡腿堡 仅剩9份,快来领取优惠券 新人立减5元 免费配送,33560,181,2026-08-01
P0127,短信,限时秒杀 免费麦辣鸡腿堡 仅剩47份,快来领取优惠券 新人立减5元 免费配送,30561,4157,2026-08-01
P0127,APP Push,限时秒杀 免费麦辣鸡腿堡 仅剩36份,快来领取优惠券 新人立减5元 免费配送,37970,2324,2026-08-01
P0127,APP Push,限时秒杀 免费麦辣鸡腿堡 仅剩23份,快来领取优惠券 新人立减5元 免费配送,40376,4677,2026-08-01
P0127,企微1v1,限时秒杀 免费麦辣鸡腿堡 仅剩33份,快来领取优惠券 新人立减5元 免费配送,34612,824,2026-08-01
P0128,APP Push,限时秒杀 免费麦辣鸡腿堡 仅剩53份,快来领取优惠券 新人立减5元 免费配送,25714,4429,2026-08-01
P0128,APP Push,限时秒杀 免费麦辣鸡腿堡 仅剩99份,快来领取优惠券 新人立减5元 免费配送,23796,2272,2026-08-01
P0128,企微1v1,限时秒杀 免费麦辣鸡腿堡 仅剩55份,快来领取优惠券 新人立减5元 免费配送,30221,3773,2026-08-01
P0128,企微1v1,限时秒杀 免费麦辣鸡腿堡 仅剩53份,快来领取优惠券 新人立减5元 免费配送,47253,3523,2026-08-01
P0128,企微1v1,限时秒杀 免费麦辣鸡腿堡 仅剩14份,快来领取优惠券 新人立减5元 免费配送,10767,4521,2026-08-01
P0128,短信,限时秒杀 免费麦辣鸡腿堡 仅剩72份,快来领取优惠券 新人立减5元 免费配送,41170,4856,2026-08-01
P0128,企微1v1,限时秒杀 免费麦辣鸡腿堡 仅剩91份,快来领取优惠券 新人立减5元 免费配送,2219,2703,2026-08-01
P0128,APP Push,限时秒杀 免费麦辣鸡腿堡 仅剩52份,快来领取优惠券 新人立减5元 免费配送,48553,4408,2026-08-01
P0128,短信,限时秒杀 免费麦辣鸡腿堡 仅剩39份,快来领取优惠券 新人立减5元 免费配送,3313,2750,2026-08-01
P0128,短信,限时秒杀 免费麦辣鸡腿堡 仅剩96份,快来领取优惠券 新人立减5元 免费配送,1816,346,2026-08-01
P0128,APP Push,限时秒杀 免费麦辣鸡腿堡 仅剩32份,快来领取优惠券 新人立减5元 免费配送,25013,1754,2026-08-01
P0128,APP Push,限时秒杀 免费麦辣鸡腿堡 仅剩27份,快来领取优惠券 新人立减5元 免费配送,3761,1869,2026-08-01
P0128,短信,限时秒杀 免费麦辣鸡腿堡 仅剩77份,快来领取优惠券 新人立减5元 免费配送,39474,1621,2026-08-01
P0128,企微1v1,限时秒杀 免费麦辣鸡腿堡 仅剩71份,快来领取优惠券 新人立减5元 免费配送,36573,2386,2026-08-01
P0128,企微1v1,限时秒杀 免费麦辣鸡腿堡 仅剩14份,快来领取优惠券 新人立减5元 免费配送,46461,4141,2026-08-01
P0128,短信,限时秒杀 免费麦辣鸡腿堡 仅剩20份,快来领取优惠券 新人立减5元 免费配送,28896,159,2026-08-01
P0128,企微1v1,限时秒杀 免费麦辣鸡腿堡 仅剩23份,快来领取优惠券 新人立减5元 免费配送,39408,4019,2026-08-01
P0128,企微1v1,限时秒杀 免费麦辣鸡腿堡 仅剩1份,快来领取优惠券 新人立减5元 免费配送,1048,2280,2026-08-01
P0128,APP Push,限时秒杀 免费麦辣鸡腿堡 仅剩68份,快来领取优惠券 新人立减5元 免费配送,38660,4580,2026-08-01
P0128,APP Push,限时秒杀 免费麦辣鸡腿堡 仅剩92份,快来领取优惠券 新人立减5元 免费配送,26733,3986,2026-08-01
P0129,短信,限时秒杀 免费麦辣鸡腿堡 仅剩63份,快来领取优惠券 新人立减5元 免费配送,14309,1926,2026-08-01
P0129,企微1v1,限时秒杀 免费麦辣鸡腿堡 仅剩62份,快来领取优惠券 新人立减5元 免费配送,39665,3069,2026-08-01
P0129,短信,限时秒杀 免费麦辣鸡腿堡 仅剩56份,快来领取优惠券 新人立减5元 免费配送,35134,2517,2026-08-01
P0129,企微1v1,限时秒杀 免费麦辣鸡腿堡 仅剩33份,快来领取优惠券 新人立减5元 免费配送,19599,4113,2026-08-01
P0129,短信,限时秒杀 免费麦辣鸡腿堡 仅剩13份,快来领取优惠券 新人立减5元 免费配送,49405,484,2026-08-01
P0129,APP Push,限时秒杀 免费麦辣鸡腿堡 仅剩97份,快来领取优惠券 新人立减5元 免费配送,18550,3291,2026-08-01
P0129,短信,限时秒杀 免费麦辣鸡腿堡 仅剩84份,快来领取优惠券 新人立减5元 免费配送,43107,3323,2026-08-01
P0129,APP Push,限时秒杀 免费麦辣鸡腿堡 仅剩84份,快来领取优惠券 新人立减5元 免费配送,48073,570,2026-08-01
P0129,企微1v1,限时秒杀 免费麦辣鸡腿堡 仅剩74份,快来领取优惠券 新人立减5元 免费配送,35436,277,2026-08-01
P0129,短信,限时秒杀 免费麦辣鸡腿堡 仅剩87份,快来领取优惠券 新人立减5元 免费配送,22299,4169,2026-08-01
P0129,APP Push,限时秒杀 免费麦辣鸡腿堡 仅剩47份,快来领取优惠券 新人立减5元 免费配送,36115,2809,2026-08-01
P0129,短信,限时秒杀 免费麦辣鸡腿堡 仅剩76份,快来领取优惠券 新人立减5元 免费配送,41583,606,2026-08-01
P0129,短信,限时秒杀 免费麦辣鸡腿堡 仅剩5份,快来领取优惠券 新人立减5元 免费配送,15580,3715,2026-08-01
P0129,企微1v1,限时秒杀 免费麦辣鸡腿堡 仅剩64份,快来领取优惠券 新人立减5元 免费配送,48636,2367,2026-08-01
P0129,企微1v1,限时秒杀 免费麦辣鸡腿堡 仅剩77份,快来领取优惠券 新人立减5元 免费配送,6727,245,2026-08-01
P0129,企微1v1,限时秒杀 免费麦辣鸡腿堡 仅剩12份,快来领取优惠券 新人立减5元 免费配送,7926,2041,2026-08-01
P0129,短信,限时秒杀 免费麦辣鸡腿堡 仅剩96份,快来领取优惠券 新人立减5元 免费配送,38802,2752,2026-08-01
P0129,APP Push,限时秒杀 免费麦辣鸡腿堡 仅剩22份,快来领取优惠券 新人立减5元 免费配送,33164,3477,2026-08-01
P0129,APP Push,限时秒杀 免费麦辣鸡腿堡 仅剩46份,快来领取优惠券 新人立减5元 免费配送,4081,866,2026-08-01
P0129,APP Push,限时秒杀 免费麦辣鸡腿堡 仅剩16份,快来领取优惠券 新人立减5元 免费配送,8161,3242,2026-08-01
P0130,企微1v1,限时秒杀 免费麦辣鸡腿堡 仅剩50份,快来领取优惠券 新人立减5元 免费配送,12425,2721,2026-08-01
P0130,企微1v1,限时秒杀 免费麦辣鸡腿堡 仅剩4份,快来领取优惠券 新人立减5元 免费配送,35880,1681,2026-08-01
P0130,企微1v1,限时秒杀 免费麦辣鸡腿堡 仅剩43份,快来领取优惠券 新人立减5元 免费配送,45798,4931,2026-08-01
P0130,短信,限时秒杀 免费麦辣鸡腿堡 仅剩31份,快来领取优惠券 新人立减5元 免费配送,12124,3253,2026-08-01
P0130,短信,限时秒杀 免费麦辣鸡腿堡 仅剩76份,快来领取优惠券 新人立减5元 免费配送,20399,2296,2026-08-01
P0130,APP Push,限时秒杀 免费麦辣鸡腿堡 仅剩50份,快来领取优惠券 新人立减5元 免费配送,35222,2926,2026-08-01
P0130,APP Push,限时秒杀 免费麦辣鸡腿堡 仅剩93份,快来领取优惠券 新人立减5元 免费配送,18315,3164,2026-08-01
P0130,APP Push,限时秒杀 免费麦辣鸡腿堡 仅剩76份,快来领取优惠券 新人立减5元 免费配送,45749,3632,2026-08-01
P0130,短信,限时秒杀 免费麦辣鸡腿堡 仅剩97份,快来领取优惠券 新人立减5元 免费配送,23707,853,2026-08-01
P0130,APP Push,限时秒杀 免费麦辣鸡腿堡 仅剩81份,快来领取优惠券 新人立减5元 免费配送,32353,309,2026-08-01
P0130,APP Push,限时秒杀 免费麦辣鸡腿堡 仅剩10份,快来领取优惠券 新人立减5元 免费配送,43689,2499,2026-08-01
P0130,短信,限时秒杀 免费麦辣鸡腿堡 仅剩15份,快来领取优惠券 新人立减5元 免费配送,38086,2165,2026-08-01
P0130,企微1v1,限时秒杀 免费麦辣鸡腿堡 仅剩7份,快来领取优惠券 新人立减5元 免费配送,17558,972,2026-08-01
P0130,短信,限时秒杀 免费麦辣鸡腿堡 仅剩92份,快来领取优惠券 新人立减5元 免费配送,38767,3187,2026-08-01
P0130,APP Push,限时秒杀 免费麦辣鸡腿堡 仅剩69份,快来领取优惠券 新人立减5元 免费配送,25503,1813,2026-08-01
P0130,APP Push,限时秒杀 免费麦辣鸡腿堡 仅剩59份,快来领取优惠券 新人立减5元 免费配送,5560,4522,2026-08-01
P0130,企微1v1,限时秒杀 免费麦辣鸡腿堡 仅剩96份,快来领取优惠券 新人立减5元 免费配送,8978,4226,2026-08-01
P0130,APP Push,限时秒杀 免费麦辣鸡腿堡 仅剩67份,快来领取优惠券 新人立减5元 免费配送,8392,3764,2026-08-01
P0130,APP Push,限时秒杀 免费麦辣鸡腿堡 仅剩23份,快来领取优惠券 新人立减5元 免费配送,48903,2662,2026-08-01
P0130,短信,限时秒杀 免费麦辣鸡腿堡 仅剩21份,快来领取优惠券 新人立减5元 免费配送,40241,134,2026-08-01
P0131,短信,限时秒杀 免费麦辣鸡腿堡 仅剩92份,快来领取优惠券 新人立减5元 免费配送,20632,3670,2026-08-01
P0131,企微1v1,限时秒杀 免费麦辣鸡腿堡 仅剩6份,快来领取优惠券 新人立减5元 免费配送,13595,4704,2026-08-01
P0131,APP Push,限时秒杀 免费麦辣鸡腿堡 仅剩64份,快来领取优惠券 新人立减5元 免费配送,12748,1983,2026-08-01
P0131,企微1v1,限时秒杀 免费麦辣鸡腿堡 仅剩89份,快来领取优惠券 新人立减5元 免费配送,48550,3883,2026-08-01
P0131,APP Push,限时秒杀 免费麦辣鸡腿堡 仅剩51份,快来领取优惠券 新人立减5元 免费配送,8335,2247,2026-08-01
P0131,APP Push,限时秒杀 免费麦辣鸡腿堡 仅剩75份,快来领取优惠券 新人立减5元 免费配送,26342,1639,2026-08-01
P0131,APP Push,限时秒杀 免费麦辣鸡腿堡 仅剩13份,快来领取优惠券 新人立减5元 免费配送,8843,3408,2026-08-01
P0131,短信,限时秒杀 免费麦辣鸡腿堡 仅剩94份,快来领取优惠券 新人立减5元 免费配送,48271,1801,2026-08-01
P0131,企微1v1,限时秒杀 免费麦辣鸡腿堡 仅剩2份,快来领取优惠券 新人立减5元 免费配送,8612,3071,2026-08-01
P0131,短信,限时秒杀 免费麦辣鸡腿堡 仅剩29份,快来领取优惠券 新人立减5元 免费配送,38116,340,2026-08-01
P0131,企微1v1,限时秒杀 免费麦辣鸡腿堡 仅剩5份,快来领取优惠券 新人立减5元 免费配送,10032,949,2026-08-01
P0131,APP Push,限时秒杀 免费麦辣鸡腿堡 仅剩89份,快来领取优惠券 新人立减5元 免费配送,5963,3753,2026-08-01
P0131,企微1v1,限时秒杀 免费麦辣鸡腿堡 仅剩28份,快来领取优惠券 新人立减5元 免费配送,41762,1450,2026-08-01
P0131,短信,限时秒杀 免费麦辣鸡腿堡 仅剩91份,快来领取优惠券 新人立减5元 免费配送,45941,2293,2026-08-01
P0131,APP Push,限时秒杀 免费麦辣鸡腿堡 仅剩84份,快来领取优惠券 新人立减5元 免费配送,46043,3512,2026-08-01
P0131,企微1v1,限时秒杀 免费麦辣鸡腿堡 仅剩92份,快来领取优惠券 新人立减5元 免费配送,20054,2672,2026-08-01
P0131,短信,限时秒杀 免费麦辣鸡腿堡 仅剩71份,快来领取优惠券 新人立减5元 免费配送,8526,2064,2026-08-01
P0131,APP Push,限时秒杀 免费麦辣鸡腿堡 仅剩52份,快来领取优惠券 新人立减5元 免费配送,27838,1259,2026-08-01
P0131,短信,限时秒杀 免费麦辣鸡腿堡 仅剩10份,快来领取优惠券 新人立减5元 免费配送,49664,2062,2026-08-01
P0131,APP Push,限时秒杀 免费麦辣鸡腿堡 仅剩38份,快来领取优惠券 新人立减5元 免费配送,47624,3667,2026-08-01
P0132,企微1v1,限时秒杀 免费麦辣鸡腿堡 仅剩53份,快来领取优惠券 新人立减5元 免费配送,4249,611,2026-08-01
P0132,企微1v1,限时秒杀 免费麦辣鸡腿堡 仅剩51份,快来领取优惠券 新人立减5元 免费配送,19376,313,2026-08-01
P0132,企微1v1,限时秒杀 免费麦辣鸡腿堡 仅剩14份,快来领取优惠券 新人立减5元 免费配送,1409,1025,2026-08-01
P0132,短信,限时秒杀 免费麦辣鸡腿堡 仅剩3份,快来领取优惠券 新人立减5元 免费配送,19695,461,2026-08-01
P0132,APP Push,限时秒杀 免费麦辣鸡腿堡 仅剩50份,快来领取优惠券 新人立减5元 免费配送,37211,4705,2026-08-01
P0132,APP Push,限时秒杀 免费麦辣鸡腿堡 仅剩63份,快来领取优惠券 新人立减5元 免费配送,7190,844,2026-08-01
P0132,短信,限时秒杀 免费麦辣鸡腿堡 仅剩7份,快来领取优惠券 新人立减5元 免费配送,27763,1780,2026-08-01
P0132,APP Push,限时秒杀 免费麦辣鸡腿堡 仅剩31份,快来领取优惠券 新人立减5元 免费配送,1007,693,2026-08-01
P0132,APP Push,限时秒杀 免费麦辣鸡腿堡 仅剩85份,快来领取优惠券 新人立减5元 免费配送,49231,1884,2026-08-01
P0132,短信,限时秒杀 免费麦辣鸡腿堡 仅剩27份,快来领取优惠券 新人立减5元 免费配送,29819,3144,2026-08-01
P0132,短信,限时秒杀 免费麦辣鸡腿堡 仅剩44份,快来领取优惠券 新人立减5元 免费配送,47149,2954,2026-08-01
P0132,短信,限时秒杀 免费麦辣鸡腿堡 仅剩86份,快来领取优惠券 新人立减5元 免费配送,47869,185,2026-08-01
P0132,企微1v1,限时秒杀 免费麦辣鸡腿堡 仅剩50份,快来领取优惠券 新人立减5元 免费配送,25841,4962,2026-08-01
P0132,企微1v1,限时秒杀 免费麦辣鸡腿堡 仅剩54份,快来领取优惠券 新人立减5元 免费配送,22436,1346,2026-08-01
P0132,APP Push,限时秒杀 免费麦辣鸡腿堡 仅剩28份,快来领取优惠券 新人立减5元 免费配送,14715,3395,2026-08-01
P0132,企微1v1,限时秒杀 免费麦辣鸡腿堡 仅剩17份,快来领取优惠券 新人立减5元 免费配送,49759,4115,2026-08-01
P0132,企微1v1,限时秒杀 免费麦辣鸡腿堡 仅剩85份,快来领取优惠券 新人立减5元 免费配送,43431,4701,2026-08-01
P0132,短信,限时秒杀 免费麦辣鸡腿堡 仅剩6份,快来领取优惠券 新人立减5元 免费配送,28311,2758,2026-08-01
P0132,APP Push,限时秒杀 免费麦辣鸡腿堡 仅剩3份,快来领取优惠券 新人立减5元 免费配送,28180,2742,2026-08-01
P0132,APP Push,限时秒杀 免费麦辣鸡腿堡 仅剩15份,快来领取优惠券 新人立减5元 免费配送,43863,2076,2026-08-01
P0133,短信,限时秒杀 免费麦辣鸡腿堡 仅剩41份,快来领取优惠券 新人立减5元 免费配送,26887,2708,2026-08-01
P0133,企微1v1,限时秒杀 免费麦辣鸡腿堡 仅剩24份,快来领取优惠券 新人立减5元 免费配送,13789,4910,2026-08-01
P0133,APP Push,限时秒杀 免费麦辣鸡腿堡 仅剩49份,快来领取优惠券 新人立减5元 免费配送,8140,3258,2026-08-01
P0133,短信,限时秒杀 免费麦辣鸡腿堡 仅剩72份,快来领取优惠券 新人立减5元 免费配送,42200,4985,2026-08-01
P0133,APP Push,限时秒杀 免费麦辣鸡腿堡 仅剩96份,快来领取优惠券 新人立减5元 免费配送,20636,165,2026-08-01
P0133,APP Push,限时秒杀 免费麦辣鸡腿堡 仅剩76份,快来领取优惠券 新人立减5元 免费配送,20721,3065,2026-08-01
P0133,企微1v1,限时秒杀 免费麦辣鸡腿堡 仅剩66份,快来领取优惠券 新人立减5元 免费配送,23048,4940,2026-08-01
P0133,企微1v1,限时秒杀 免费麦辣鸡腿堡 仅剩95份,快来领取优惠券 新人立减5元 免费配送,29959,1598,2026-08-01
P0133,企微1v1,限时秒杀 免费麦辣鸡腿堡 仅剩11份,快来领取优惠券 新人立减5元 免费配送,17207,3093,2026-08-01
P0133,短信,限时秒杀 免费麦辣鸡腿堡 仅剩47份,快来领取优惠券 新人立减5元 免费配送,14105,419,2026-08-01
P0133,企微1v1,限时秒杀 免费麦辣鸡腿堡 仅剩66份,快来领取优惠券 新人立减5元 免费配送,46071,871,2026-08-01
P0133,企微1v1,限时秒杀 免费麦辣鸡腿堡 仅剩33份,快来领取优惠券 新人立减5元 免费配送,38137,296,2026-08-01
P0133,APP Push,限时秒杀 免费麦辣鸡腿堡 仅剩36份,快来领取优惠券 新人立减5元 免费配送,9871,3703,2026-08-01
P0133,企微1v1,限时秒杀 免费麦辣鸡腿堡 仅剩38份,快来领取优惠券 新人立减5元 免费配送,5801,4489,2026-08-01
P0133,APP Push,限时秒杀 免费麦辣鸡腿堡 仅剩77份,快来领取优惠券 新人立减5元 免费配送,10137,4909,2026-08-01
P0133,APP Push,限时秒杀 免费麦辣鸡腿堡 仅剩9份,快来领取优惠券 新人立减5元 免费配送,35871,2103,2026-08-01
P0133,短信,限时秒杀 免费麦辣鸡腿堡 仅剩8份,快来领取优惠券 新人立减5元 免费配送,9514,4703,2026-08-01
P0133,企微1v1,限时秒杀 免费麦辣鸡腿堡 仅剩89份,快来领取优惠券 新人立减5元 免费配送,7300,723,2026-08-01
P0133,APP Push,限时秒杀 免费麦辣鸡腿堡 仅剩97份,快来领取优惠券 新人立减5元 免费配送,38792,1533,2026-08-01
P0133,企微1v1,限时秒杀 免费麦辣鸡腿堡 仅剩18份,快来领取优惠券 新人立减5元 免费配送,18074,4425,2026-08-01
P0134,企微1v1,限时秒杀 免费麦辣鸡腿堡 仅剩84份,快来领取优惠券 新人立减5元 免费配送,47748,2374,2026-08-01
P0134,APP Push,限时秒杀 免费麦辣鸡腿堡 仅剩90份,快来领取优惠券 新人立减5元 免费配送,36260,127,2026-08-01
P0134,企微1v1,限时秒杀 免费麦辣鸡腿堡 仅剩28份,快来领取优惠券 新人立减5元 免费配送,23883,1700,2026-08-01
P0134,企微1v1,限时秒杀 免费麦辣鸡腿堡 仅剩64份,快来领取优惠券 新人立减5元 免费配送,22461,2192,2026-08-01
P0134,APP Push,限时秒杀 免费麦辣鸡腿堡 仅剩77份,快来领取优惠券 新人立减5元 免费配送,10506,2272,2026-08-01
P0134,APP Push,限时秒杀 免费麦辣鸡腿堡 仅剩39份,快来领取优惠券 新人立减5元 免费配送,20653,1250,2026-08-01
P0134,APP Push,限时秒杀 免费麦辣鸡腿堡 仅剩42份,快来领取优惠券 新人立减5元 免费配送,10944,4695,2026-08-01
P0134,APP Push,限时秒杀 免费麦辣鸡腿堡 仅剩14份,快来领取优惠券 新人立减5元 免费配送,33741,2864,2026-08-01
P0134,短信,限时秒杀 免费麦辣鸡腿堡 仅剩11份,快来领取优惠券 新人立减5元 免费配送,16284,2509,2026-08-01
P0134,APP Push,限时秒杀 免费麦辣鸡腿堡 仅剩6份,快来领取优惠券 新人立减5元 免费配送,19070,225,2026-08-01
P0134,APP Push,限时秒杀 免费麦辣鸡腿堡 仅剩11份,快来领取优惠券 新人立减5元 免费配送,21138,2223,2026-08-01
P0134,短信,限时秒杀 免费麦辣鸡腿堡 仅剩41份,快来领取优惠券 新人立减5元 免费配送,28929,3533,2026-08-01
P0134,APP Push,限时秒杀 免费麦辣鸡腿堡 仅剩84份,快来领取优惠券 新人立减5元 免费配送,44590,4426,2026-08-01
P0134,短信,限时秒杀 免费麦辣鸡腿堡 仅剩15份,快来领取优惠券 新人立减5元 免费配送,39928,3506,2026-08-01
P0134,企微1v1,限时秒杀 免费麦辣鸡腿堡 仅剩46份,快来领取优惠券 新人立减5元 免费配送,20750,4773,2026-08-01
P0134,企微1v1,限时秒杀 免费麦辣鸡腿堡 仅剩14份,快来领取优惠券 新人立减5元 免费配送,30099,3592,2026-08-01
P0134,APP Push,限时秒杀 免费麦辣鸡腿堡 仅剩56份,快来领取优惠券 新人立减5元 免费配送,7879,2601,2026-08-01
P0134,企微1v1,限时秒杀 免费麦辣鸡腿堡 仅剩34份,快来领取优惠券 新人立减5元 免费配送,11910,3300,2026-08-01
P0134,短信,限时秒杀 免费麦辣鸡腿堡 仅剩17份,快来领取优惠券 新人立减5元 免费配送,38235,3442,2026-08-01
P0134,APP Push,限时秒杀 免费麦辣鸡腿堡 仅剩18份,快来领取优惠券 新人立减5元 免费配送,11582,4337,2026-08-01
P0135,APP Push,限时秒杀 免费麦辣鸡腿堡 仅剩30份,快来领取优惠券 新人立减5元 免费配送,13786,3102,2026-08-01
P0135,企微1v1,限时秒杀 免费麦辣鸡腿堡 仅剩38份,快来领取优惠券 新人立减5元 免费配送,31136,4127,2026-08-01
P0135,短信,限时秒杀 免费麦辣鸡腿堡 仅剩77份,快来领取优惠券 新人立减5元 免费配送,3713,2901,2026-08-01
P0135,企微1v1,限时秒杀 免费麦辣鸡腿堡 仅剩38份,快来领取优惠券 新人立减5元 免费配送,29182,4646,2026-08-01
P0135,企微1v1,限时秒杀 免费麦辣鸡腿堡 仅剩76份,快来领取优惠券 新人立减5元 免费配送,2300,2410,2026-08-01
P0135,企微1v1,限时秒杀 免费麦辣鸡腿堡 仅剩3份,快来领取优惠券 新人立减5元 免费配送,13675,744,2026-08-01
P0135,APP Push,限时秒杀 免费麦辣鸡腿堡 仅剩37份,快来领取优惠券 新人立减5元 免费配送,43364,4256,2026-08-01
P0135,短信,限时秒杀 免费麦辣鸡腿堡 仅剩29份,快来领取优惠券 新人立减5元 免费配送,2532,3505,2026-08-01
P0135,APP Push,限时秒杀 免费麦辣鸡腿堡 仅剩76份,快来领取优惠券 新人立减5元 免费配送,35794,1933,2026-08-01
P0135,APP Push,限时秒杀 免费麦辣鸡腿堡 仅剩34份,快来领取优惠券 新人立减5元 免费配送,44568,900,2026-08-01
P0135,短信,限时秒杀 免费麦辣鸡腿堡 仅剩49份,快来领取优惠券 新人立减5元 免费配送,44568,3188,2026-08-01
P0135,APP Push,限时秒杀 免费麦辣鸡腿堡 仅剩58份,快来领取优惠券 新人立减5元 免费配送,6689,218,2026-08-01
P0135,企微1v1,限时秒杀 免费麦辣鸡腿堡 仅剩21份,快来领取优惠券 新人立减5元 免费配送,24471,4172,2026-08-01
P0135,APP Push,限时秒杀 免费麦辣鸡腿堡 仅剩28份,快来领取优惠券 新人立减5元 免费配送,20187,2984,2026-08-01
P0135,APP Push,限时秒杀 免费麦辣鸡腿堡 仅剩20份,快来领取优惠券 新人立减5元 免费配送,10709,4173,2026-08-01
P0135,APP Push,限时秒杀 免费麦辣鸡腿堡 仅剩64份,快来领取优惠券 新人立减5元 免费配送,13084,1354,2026-08-01
P0135,企微1v1,限时秒杀 免费麦辣鸡腿堡 仅剩36份,快来领取优惠券 新人立减5元 免费配送,45989,227,2026-08-01
P0135,APP Push,限时秒杀 免费麦辣鸡腿堡 仅剩34份,快来领取优惠券 新人立减5元 免费配送,42456,724,2026-08-01
P0135,短信,限时秒杀 免费麦辣鸡腿堡 仅剩57份,快来领取优惠券 新人立减5元 免费配送,34407,4480,2026-08-01
P0135,APP Push,限时秒杀 免费麦辣鸡腿堡 仅剩55份,快来领取优惠券 新人立减5元 免费配送,49861,2061,2026-08-01
P0136,企微1v1,限时秒杀 免费麦辣鸡腿堡 仅剩83份,快来领取优惠券 新人立减5元 免费配送,36279,569,2026-08-01
P0136,短信,限时秒杀 免费麦辣鸡腿堡 仅剩48份,快来领取优惠券 新人立减5元 免费配送,7944,3595,2026-08-01
P0136,企微1v1,限时秒杀 免费麦辣鸡腿堡 仅剩73份,快来领取优惠券 新人立减5元 免费配送,38914,643,2026-08-01
P0136,短信,限时秒杀 免费麦辣鸡腿堡 仅剩64份,快来领取优惠券 新人立减5元 免费配送,23934,1650,2026-08-01
P0136,APP Push,限时秒杀 免费麦辣鸡腿堡 仅剩24份,快来领取优惠券 新人立减5元 免费配送,5493,355,2026-08-01
P0136,企微1v1,限时秒杀 免费麦辣鸡腿堡 仅剩16份,快来领取优惠券 新人立减5元 免费配送,23376,4955,2026-08-01
P0136,企微1v1,限时秒杀 免费麦辣鸡腿堡 仅剩15份,快来领取优惠券 新人立减5元 免费配送,45845,1393,2026-08-01
P0136,企微1v1,限时秒杀 免费麦辣鸡腿堡 仅剩39份,快来领取优惠券 新人立减5元 免费配送,35806,1023,2026-08-01
P0136,短信,限时秒杀 免费麦辣鸡腿堡 仅剩18份,快来领取优惠券 新人立减5元 免费配送,23510,3485,2026-08-01
P0136,短信,限时秒杀 免费麦辣鸡腿堡 仅剩24份,快来领取优惠券 新人立减5元 免费配送,46544,1290,2026-08-01
P0136,APP Push,限时秒杀 免费麦辣鸡腿堡 仅剩44份,快来领取优惠券 新人立减5元 免费配送,21022,1739,2026-08-01
P0136,APP Push,限时秒杀 免费麦辣鸡腿堡 仅剩37份,快来领取优惠券 新人立减5元 免费配送,29705,142,2026-08-01
P0136,短信,限时秒杀 免费麦辣鸡腿堡 仅剩33份,快来领取优惠券 新人立减5元 免费配送,35873,1094,2026-08-01
P0136,短信,限时秒杀 免费麦辣鸡腿堡 仅剩82份,快来领取优惠券 新人立减5元 免费配送,1861,1796,2026-08-01
P0136,APP Push,限时秒杀 免费麦辣鸡腿堡 仅剩91份,快来领取优惠券 新人立减5元 免费配送,38436,3440,2026-08-01
P0136,APP Push,限时秒杀 免费麦辣鸡腿堡 仅剩17份,快来领取优惠券 新人立减5元 免费配送,30593,3425,2026-08-01
P0136,企微1v1,限时秒杀 免费麦辣鸡腿堡 仅剩66份,快来领取优惠券 新人立减5元 免费配送,31170,2714,2026-08-01
P0136,短信,限时秒杀 免费麦辣鸡腿堡 仅剩98份,快来领取优惠券 新人立减5元 免费配送,35244,3691,2026-08-01
P0136,企微1v1,限时秒杀 免费麦辣鸡腿堡 仅剩12份,快来领取优惠券 新人立减5元 免费配送,18762,631,2026-08-01
P0136,企微1v1,限时秒杀 免费麦辣鸡腿堡 仅剩82份,快来领取优惠券 新人立减5元 免费配送,13841,750,2026-08-01
P0137,APP Push,限时秒杀 免费麦辣鸡腿堡 仅剩45份,快来领取优惠券 新人立减5元 免费配送,6532,3250,2026-08-01
P0137,短信,限时秒杀 免费麦辣鸡腿堡 仅剩51份,快来领取优惠券 新人立减5元 免费配送,47759,3512,2026-08-01
P0137,APP Push,限时秒杀 免费麦辣鸡腿堡 仅剩44份,快来领取优惠券 新人立减5元 免费配送,33317,447,2026-08-01
P0137,企微1v1,限时秒杀 免费麦辣鸡腿堡 仅剩65份,快来领取优惠券 新人立减5元 免费配送,9741,2605,2026-08-01
P0137,企微1v1,限时秒杀 免费麦辣鸡腿堡 仅剩74份,快来领取优惠券 新人立减5元 免费配送,48436,177,2026-08-01
P0137,APP Push,限时秒杀 免费麦辣鸡腿堡 仅剩8份,快来领取优惠券 新人立减5元 免费配送,11988,4616,2026-08-01
P0137,企微1v1,限时秒杀 免费麦辣鸡腿堡 仅剩42份,快来领取优惠券 新人立减5元 免费配送,27421,2161,2026-08-01
P0137,企微1v1,限时秒杀 免费麦辣鸡腿堡 仅剩92份,快来领取优惠券 新人立减5元 免费配送,15985,1704,2026-08-01
P0137,企微1v1,限时秒杀 免费麦辣鸡腿堡 仅剩62份,快来领取优惠券 新人立减5元 免费配送,42661,2748,2026-08-01
P0137,APP Push,限时秒杀 免费麦辣鸡腿堡 仅剩4份,快来领取优惠券 新人立减5元 免费配送,18732,1311,2026-08-01
P0137,企微1v1,限时秒杀 免费麦辣鸡腿堡 仅剩29份,快来领取优惠券 新人立减5元 免费配送,48742,4304,2026-08-01
P0137,短信,限时秒杀 免费麦辣鸡腿堡 仅剩85份,快来领取优惠券 新人立减5元 免费配送,27550,1107,2026-08-01
P0137,企微1v1,限时秒杀 免费麦辣鸡腿堡 仅剩59份,快来领取优惠券 新人立减5元 免费配送,29878,3433,2026-08-01
P0137,短信,限时秒杀 免费麦辣鸡腿堡 仅剩53份,快来领取优惠券 新人立减5元 免费配送,6797,165,2026-08-01
P0137,APP Push,限时秒杀 免费麦辣鸡腿堡 仅剩40份,快来领取优惠券 新人立减5元 免费配送,1368,1984,2026-08-01
P0137,短信,限时秒杀 免费麦辣鸡腿堡 仅剩88份,快来领取优惠券 新人立减5元 免费配送,42483,1181,2026-08-01
P0137,APP Push,限时秒杀 免费麦辣鸡腿堡 仅剩49份,快来领取优惠券 新人立减5元 免费配送,12250,1746,2026-08-01
P0137,企微1v1,限时秒杀 免费麦辣鸡腿堡 仅剩93份,快来领取优惠券 新人立减5元 免费配送,41824,4437,2026-08-01
P0137,APP Push,限时秒杀 免费麦辣鸡腿堡 仅剩23份,快来领取优惠券 新人立减5元 免费配送,2130,365,2026-08-01
P0137,短信,限时秒杀 免费麦辣鸡腿堡 仅剩90份,快来领取优惠券 新人立减5元 免费配送,9726,2368,2026-08-01
P0138,企微1v1,限时秒杀 免费麦辣鸡腿堡 仅剩35份,快来领取优惠券 新人立减5元 免费配送,40155,3444,2026-08-01
P0138,APP Push,限时秒杀 免费麦辣鸡腿堡 仅剩10份,快来领取优惠券 新人立减5元 免费配送,6469,283,2026-08-01
P0138,企微1v1,限时秒杀 免费麦辣鸡腿堡 仅剩28份,快来领取优惠券 新人立减5元 免费配送,36244,4413,2026-08-01
P0138,短信,限时秒杀 免费麦辣鸡腿堡 仅剩3份,快来领取优惠券 新人立减5元 免费配送,44762,2768,2026-08-01
P0138,短信,限时秒杀 免费麦辣鸡腿堡 仅剩68份,快来领取优惠券 新人立减5元 免费配送,5126,4458,2026-08-01
P0138,企微1v1,限时秒杀 免费麦辣鸡腿堡 仅剩30份,快来领取优惠券 新人立减5元 免费配送,41001,4518,2026-08-01
P0138,APP Push,限时秒杀 免费麦辣鸡腿堡 仅剩58份,快来领取优惠券 新人立减5元 免费配送,32738,4027,2026-08-01
P0138,短信,限时秒杀 免费麦辣鸡腿堡 仅剩74份,快来领取优惠券 新人立减5元 免费配送,47731,4739,2026-08-01
P0138,企微1v1,限时秒杀 免费麦辣鸡腿堡 仅剩73份,快来领取优惠券 新人立减5元 免费配送,38834,3893,2026-08-01
P0138,APP Push,限时秒杀 免费麦辣鸡腿堡 仅剩75份,快来领取优惠券 新人立减5元 免费配送,8065,4558,2026-08-01
P0138,短信,限时秒杀 免费麦辣鸡腿堡 仅剩7份,快来领取优惠券 新人立减5元 免费配送,39925,415,2026-08-01
P0138,APP Push,限时秒杀 免费麦辣鸡腿堡 仅剩55份,快来领取优惠券 新人立减5元 免费配送,40554,3452,2026-08-01
P0138,企微1v1,限时秒杀 免费麦辣鸡腿堡 仅剩27份,快来领取优惠券 新人立减5元 免费配送,2583,2741,2026-08-01
P0138,APP Push,限时秒杀 免费麦辣鸡腿堡 仅剩56份,快来领取优惠券 新人立减5元 免费配送,45747,4934,2026-08-01
P0138,APP Push,限时秒杀 免费麦辣鸡腿堡 仅剩64份,快来领取优惠券 新人立减5元 免费配送,39344,841,2026-08-01
P0138,短信,限时秒杀 免费麦辣鸡腿堡 仅剩14份,快来领取优惠券 新人立减5元 免费配送,19189,3438,2026-08-01
P0138,APP Push,限时秒杀 免费麦辣鸡腿堡 仅剩91份,快来领取优惠券 新人立减5元 免费配送,19644,1661,2026-08-01
P0138,短信,限时秒杀 免费麦辣鸡腿堡 仅剩4份,快来领取优惠券 新人立减5元 免费配送,49435,1585,2026-08-01
P0138,企微1v1,限时秒杀 免费麦辣鸡腿堡 仅剩71份,快来领取优惠券 新人立减5元 免费配送,15355,3169,2026-08-01
P0138,短信,限时秒杀 免费麦辣鸡腿堡 仅剩8份,快来领取优惠券 新人立减5元 免费配送,44834,1274,2026-08-01
P0139,企微1v1,限时秒杀 免费麦辣鸡腿堡 仅剩59份,快来领取优惠券 新人立减5元 免费配送,26851,928,2026-08-01
P0139,企微1v1,限时秒杀 免费麦辣鸡腿堡 仅剩39份,快来领取优惠券 新人立减5元 免费配送,4936,2330,2026-08-01
P0139,APP Push,限时秒杀 免费麦辣鸡腿堡 仅剩19份,快来领取优惠券 新人立减5元 免费配送,25940,4834,2026-08-01
P0139,短信,限时秒杀 免费麦辣鸡腿堡 仅剩23份,快来领取优惠券 新人立减5元 免费配送,22098,1898,2026-08-01
P0139,短信,限时秒杀 免费麦辣鸡腿堡 仅剩8份,快来领取优惠券 新人立减5元 免费配送,24944,3386,2026-08-01
P0139,企微1v1,限时秒杀 免费麦辣鸡腿堡 仅剩4份,快来领取优惠券 新人立减5元 免费配送,16553,702,2026-08-01
P0139,企微1v1,限时秒杀 免费麦辣鸡腿堡 仅剩85份,快来领取优惠券 新人立减5元 免费配送,11629,4107,2026-08-01
P0139,短信,限时秒杀 免费麦辣鸡腿堡 仅剩70份,快来领取优惠券 新人立减5元 免费配送,7526,4552,2026-08-01
P0139,APP Push,限时秒杀 免费麦辣鸡腿堡 仅剩62份,快来领取优惠券 新人立减5元 免费配送,35191,3073,2026-08-01
P0139,企微1v1,限时秒杀 免费麦辣鸡腿堡 仅剩84份,快来领取优惠券 新人立减5元 免费配送,2332,1415,2026-08-01
P0139,短信,限时秒杀 免费麦辣鸡腿堡 仅剩23份,快来领取优惠券 新人立减5元 免费配送,29683,1794,2026-08-01
P0139,短信,限时秒杀 免费麦辣鸡腿堡 仅剩64份,快来领取优惠券 新人立减5元 免费配送,9694,3597,2026-08-01
P0139,企微1v1,限时秒杀 免费麦辣鸡腿堡 仅剩65份,快来领取优惠券 新人立减5元 免费配送,5034,3922,2026-08-01
P0139,APP Push,限时秒杀 免费麦辣鸡腿堡 仅剩25份,快来领取优惠券 新人立减5元 免费配送,32810,687,2026-08-01
P0139,APP Push,限时秒杀 免费麦辣鸡腿堡 仅剩50份,快来领取优惠券 新人立减5元 免费配送,38615,987,2026-08-01
P0139,APP Push,限时秒杀 免费麦辣鸡腿堡 仅剩53份,快来领取优惠券 新人立减5元 免费配送,33329,2554,2026-08-01
P0139,短信,限时秒杀 免费麦辣鸡腿堡 仅剩39份,快来领取优惠券 新人立减5元 免费配送,35584,1094,2026-08-01
P0139,APP Push,限时秒杀 免费麦辣鸡腿堡 仅剩93份,快来领取优惠券 新人立减5元 免费配送,29699,3576,2026-08-01
P0139,短信,限时秒杀 免费麦辣鸡腿堡 仅剩96份,快来领取优惠券 新人立减5元 免费配送,25888,1657,2026-08-01
P0139,APP Push,限时秒杀 免费麦辣鸡腿堡 仅剩45份,快来领取优惠券 新人立减5元 免费配送,5903,254,2026-08-01
P0140,企微1v1,限时秒杀 免费麦辣鸡腿堡 仅剩89份,快来领取优惠券 新人立减5元 免费配送,46421,1960,2026-08-01
P0140,企微1v1,限时秒杀 免费麦辣鸡腿堡 仅剩11份,快来领取优惠券 新人立减5元 免费配送,10521,1897,2026-08-01
P0140,短信,限时秒杀 免费麦辣鸡腿堡 仅剩53份,快来领取优惠券 新人立减5元 免费配送,4516,2411,2026-08-01
P0140,APP Push,限时秒杀 免费麦辣鸡腿堡 仅剩99份,快来领取优惠券 新人立减5元 免费配送,5816,4986,2026-08-01
P0140,企微1v1,限时秒杀 免费麦辣鸡腿堡 仅剩77份,快来领取优惠券 新人立减5元 免费配送,5433,3214,2026-08-01
P0140,短信,限时秒杀 免费麦辣鸡腿堡 仅剩72份,快来领取优惠券 新人立减5元 免费配送,36869,467,2026-08-01
P0140,短信,限时秒杀 免费麦辣鸡腿堡 仅剩79份,快来领取优惠券 新人立减5元 免费配送,5394,1040,2026-08-01
P0140,APP Push,限时秒杀 免费麦辣鸡腿堡 仅剩9份,快来领取优惠券 新人立减5元 免费配送,46376,3495,2026-08-01
P0140,短信,限时秒杀 免费麦辣鸡腿堡 仅剩79份,快来领取优惠券 新人立减5元 免费配送,39025,4832,2026-08-01
P0140,APP Push,限时秒杀 免费麦辣鸡腿堡 仅剩52份,快来领取优惠券 新人立减5元 免费配送,21846,4908,2026-08-01
P0140,短信,限时秒杀 免费麦辣鸡腿堡 仅剩50份,快来领取优惠券 新人立减5元 免费配送,44102,132,2026-08-01
P0140,企微1v1,限时秒杀 免费麦辣鸡腿堡 仅剩69份,快来领取优惠券 新人立减5元 免费配送,20834,3156,2026-08-01
P0140,企微1v1,限时秒杀 免费麦辣鸡腿堡 仅剩92份,快来领取优惠券 新人立减5元 免费配送,4637,2155,2026-08-01
P0140,APP Push,限时秒杀 免费麦辣鸡腿堡 仅剩38份,快来领取优惠券 新人立减5元 免费配送,19541,2133,2026-08-01
P0140,APP Push,限时秒杀 免费麦辣鸡腿堡 仅剩85份,快来领取优惠券 新人立减5元 免费配送,20563,1892,2026-08-01
P0140,短信,限时秒杀 免费麦辣鸡腿堡 仅剩13份,快来领取优惠券 新人立减5元 免费配送,45983,1658,2026-08-01
P0140,短信,限时秒杀 免费麦辣鸡腿堡 仅剩30份,快来领取优惠券 新人立减5元 免费配送,30320,3506,2026-08-01
P0140,APP Push,限时秒杀 免费麦辣鸡腿堡 仅剩1份,快来领取优惠券 新人立减5元 免费配送,34413,1168,2026-08-01
P0140,APP Push,限时秒杀 免费麦辣鸡腿堡 仅剩13份,快来领取优惠券 新人立减5元 免费配送,13073,3278,2026-08-01
P0140,短信,限时秒杀 免费麦辣鸡腿堡 仅剩71份,快来领取优惠券 新人立减5元 免费配送,44484,1712,2026-08-01
P0141,企微1v1,限时秒杀 免费麦辣鸡腿堡 仅剩62份,快来领取优惠券 新人立减5元 免费配送,13886,2007,2026-08-01
P0141,APP Push,限时秒杀 免费麦辣鸡腿堡 仅剩39份,快来领取优惠券 新人立减5元 免费配送,9787,559,2026-08-01
P0141,企微1v1,限时秒杀 免费麦辣鸡腿堡 仅剩36份,快来领取优惠券 新人立减5元 免费配送,20114,4416,2026-08-01
P0141,短信,限时秒杀 免费麦辣鸡腿堡 仅剩35份,快来领取优惠券 新人立减5元 免费配送,37017,3962,2026-08-01
P0141,企微1v1,限时秒杀 免费麦辣鸡腿堡 仅剩91份,快来领取优惠券 新人立减5元 免费配送,17667,4610,2026-08-01
P0141,企微1v1,限时秒杀 免费麦辣鸡腿堡 仅剩49份,快来领取优惠券 新人立减5元 免费配送,44613,723,2026-08-01
P0141,短信,限时秒杀 免费麦辣鸡腿堡 仅剩76份,快来领取优惠券 新人立减5元 免费配送,7344,3973,2026-08-01
P0141,APP Push,限时秒杀 免费麦辣鸡腿堡 仅剩17份,快来领取优惠券 新人立减5元 免费配送,23015,3106,2026-08-01
P0141,APP Push,限时秒杀 免费麦辣鸡腿堡 仅剩53份,快来领取优惠券 新人立减5元 免费配送,46841,2368,2026-08-01
P0141,短信,限时秒杀 免费麦辣鸡腿堡 仅剩52份,快来领取优惠券 新人立减5元 免费配送,12786,2627,2026-08-01
P0141,短信,限时秒杀 免费麦辣鸡腿堡 仅剩39份,快来领取优惠券 新人立减5元 免费配送,39352,569,2026-08-01
P0141,短信,限时秒杀 免费麦辣鸡腿堡 仅剩40份,快来领取优惠券 新人立减5元 免费配送,35098,1338,2026-08-01
P0141,企微1v1,限时秒杀 免费麦辣鸡腿堡 仅剩25份,快来领取优惠券 新人立减5元 免费配送,29468,438,2026-08-01
P0141,短信,限时秒杀 免费麦辣鸡腿堡 仅剩89份,快来领取优惠券 新人立减5元 免费配送,14689,2471,2026-08-01
P0141,短信,限时秒杀 免费麦辣鸡腿堡 仅剩36份,快来领取优惠券 新人立减5元 免费配送,5720,4824,2026-08-01
P0141,企微1v1,限时秒杀 免费麦辣鸡腿堡 仅剩96份,快来领取优惠券 新人立减5元 免费配送,11611,2357,2026-08-01
P0141,APP Push,限时秒杀 免费麦辣鸡腿堡 仅剩42份,快来领取优惠券 新人立减5元 免费配送,4779,1457,2026-08-01
P0141,APP Push,限时秒杀 免费麦辣鸡腿堡 仅剩55份,快来领取优惠券 新人立减5元 免费配送,23466,2838,2026-08-01
P0141,APP Push,限时秒杀 免费麦辣鸡腿堡 仅剩10份,快来领取优惠券 新人立减5元 免费配送,10667,3106,2026-08-01
P0141,短信,限时秒杀 免费麦辣鸡腿堡 仅剩46份,快来领取优惠券 新人立减5元 免费配送,29003,307,2026-08-01
P0142,企微1v1,限时秒杀 免费麦辣鸡腿堡 仅剩90份,快来领取优惠券 新人立减5元 免费配送,5124,4775,2026-08-01
P0142,短信,限时秒杀 免费麦辣鸡腿堡 仅剩45份,快来领取优惠券 新人立减5元 免费配送,43712,4970,2026-08-01
P0142,企微1v1,限时秒杀 免费麦辣鸡腿堡 仅剩19份,快来领取优惠券 新人立减5元 免费配送,31204,982,2026-08-01
P0142,短信,限时秒杀 免费麦辣鸡腿堡 仅剩90份,快来领取优惠券 新人立减5元 免费配送,49885,4636,2026-08-01
P0142,企微1v1,限时秒杀 免费麦辣鸡腿堡 仅剩17份,快来领取优惠券 新人立减5元 免费配送,48940,3756,2026-08-01
P0142,企微1v1,限时秒杀 免费麦辣鸡腿堡 仅剩62份,快来领取优惠券 新人立减5元 免费配送,37569,2628,2026-08-01
P0142,短信,限时秒杀 免费麦辣鸡腿堡 仅剩96份,快来领取优惠券 新人立减5元 免费配送,45090,4080,2026-08-01
P0142,APP Push,限时秒杀 免费麦辣鸡腿堡 仅剩55份,快来领取优惠券 新人立减5元 免费配送,21698,298,2026-08-01
P0142,企微1v1,限时秒杀 免费麦辣鸡腿堡 仅剩53份,快来领取优惠券 新人立减5元 免费配送,10702,2508,2026-08-01
P0142,企微1v1,限时秒杀 免费麦辣鸡腿堡 仅剩28份,快来领取优惠券 新人立减5元 免费配送,8244,1709,2026-08-01
P0142,APP Push,限时秒杀 免费麦辣鸡腿堡 仅剩94份,快来领取优惠券 新人立减5元 免费配送,39547,3484,2026-08-01
P0142,APP Push,限时秒杀 免费麦辣鸡腿堡 仅剩81份,快来领取优惠券 新人立减5元 免费配送,49080,4129,2026-08-01
P0142,短信,限时秒杀 免费麦辣鸡腿堡 仅剩44份,快来领取优惠券 新人立减5元 免费配送,49185,2305,2026-08-01
P0142,企微1v1,限时秒杀 免费麦辣鸡腿堡 仅剩81份,快来领取优惠券 新人立减5元 免费配送,32711,968,2026-08-01
P0142,APP Push,限时秒杀 免费麦辣鸡腿堡 仅剩99份,快来领取优惠券 新人立减5元 免费配送,2974,3145,2026-08-01
P0142,短信,限时秒杀 免费麦辣鸡腿堡 仅剩36份,快来领取优惠券 新人立减5元 免费配送,28596,4837,2026-08-01
P0142,APP Push,限时秒杀 免费麦辣鸡腿堡 仅剩50份,快来领取优惠券 新人立减5元 免费配送,15449,4834,2026-08-01
P0142,短信,限时秒杀 免费麦辣鸡腿堡 仅剩9份,快来领取优惠券 新人立减5元 免费配送,39517,903,2026-08-01
P0142,短信,限时秒杀 免费麦辣鸡腿堡 仅剩35份,快来领取优惠券 新人立减5元 免费配送,39495,238,2026-08-01
P0142,企微1v1,限时秒杀 免费麦辣鸡腿堡 仅剩38份,快来领取优惠券 新人立减5元 免费配送,47535,3169,2026-08-01
P0143,企微1v1,限时秒杀 免费麦辣鸡腿堡 仅剩24份,快来领取优惠券 新人立减5元 免费配送,24663,3186,2026-08-01
P0143,短信,限时秒杀 免费麦辣鸡腿堡 仅剩75份,快来领取优惠券 新人立减5元 免费配送,47758,1113,2026-08-01
P0143,短信,限时秒杀 免费麦辣鸡腿堡 仅剩72份,快来领取优惠券 新人立减5元 免费配送,28875,2825,2026-08-01
P0143,企微1v1,限时秒杀 免费麦辣鸡腿堡 仅剩43份,快来领取优惠券 新人立减5元 免费配送,7170,1560,2026-08-01
P0143,企微1v1,限时秒杀 免费麦辣鸡腿堡 仅剩31份,快来领取优惠券 新人立减5元 免费配送,13460,906,2026-08-01
P0143,企微1v1,限时秒杀 免费麦辣鸡腿堡 仅剩90份,快来领取优惠券 新人立减5元 免费配送,11776,131,2026-08-01
P0143,短信,限时秒杀 免费麦辣鸡腿堡 仅剩80份,快来领取优惠券 新人立减5元 免费配送,13154,3018,2026-08-01
P0143,短信,限时秒杀 免费麦辣鸡腿堡 仅剩8份,快来领取优惠券 新人立减5元 免费配送,49491,2600,2026-08-01
P0143,APP Push,限时秒杀 免费麦辣鸡腿堡 仅剩21份,快来领取优惠券 新人立减5元 免费配送,6449,4500,2026-08-01
P0143,短信,限时秒杀 免费麦辣鸡腿堡 仅剩42份,快来领取优惠券 新人立减5元 免费配送,32481,767,2026-08-01
P0143,短信,限时秒杀 免费麦辣鸡腿堡 仅剩75份,快来领取优惠券 新人立减5元 免费配送,22373,342,2026-08-01
P0143,APP Push,限时秒杀 免费麦辣鸡腿堡 仅剩42份,快来领取优惠券 新人立减5元 免费配送,8497,932,2026-08-01
P0143,企微1v1,限时秒杀 免费麦辣鸡腿堡 仅剩62份,快来领取优惠券 新人立减5元 免费配送,25840,4829,2026-08-01
P0143,企微1v1,限时秒杀 免费麦辣鸡腿堡 仅剩36份,快来领取优惠券 新人立减5元 免费配送,40452,4802,2026-08-01
P0143,短信,限时秒杀 免费麦辣鸡腿堡 仅剩5份,快来领取优惠券 新人立减5元 免费配送,16860,2320,2026-08-01
P0143,APP Push,限时秒杀 免费麦辣鸡腿堡 仅剩86份,快来领取优惠券 新人立减5元 免费配送,44328,4591,2026-08-01
P0143,APP Push,限时秒杀 免费麦辣鸡腿堡 仅剩96份,快来领取优惠券 新人立减5元 免费配送,42246,4354,2026-08-01
P0143,企微1v1,限时秒杀 免费麦辣鸡腿堡 仅剩85份,快来领取优惠券 新人立减5元 免费配送,1338,4235,2026-08-01
P0143,APP Push,限时秒杀 免费麦辣鸡腿堡 仅剩1份,快来领取优惠券 新人立减5元 免费配送,5896,1541,2026-08-01
P0143,短信,限时秒杀 免费麦辣鸡腿堡 仅剩47份,快来领取优惠券 新人立减5元 免费配送,31198,4153,2026-08-01
P0144,短信,限时秒杀 免费麦辣鸡腿堡 仅剩13份,快来领取优惠券 新人立减5元 免费配送,27471,1409,2026-08-01
P0144,短信,限时秒杀 免费麦辣鸡腿堡 仅剩94份,快来领取优惠券 新人立减5元 免费配送,49296,3887,2026-08-01
P0144,APP Push,限时秒杀 免费麦辣鸡腿堡 仅剩48份,快来领取优惠券 新人立减5元 免费配送,31524,1435,2026-08-01
P0144,APP Push,限时秒杀 免费麦辣鸡腿堡 仅剩60份,快来领取优惠券 新人立减5元 免费配送,2804,3923,2026-08-01
P0144,企微1v1,限时秒杀 免费麦辣鸡腿堡 仅剩80份,快来领取优惠券 新人立减5元 免费配送,6126,521,2026-08-01
P0144,企微1v1,限时秒杀 免费麦辣鸡腿堡 仅剩75份,快来领取优惠券 新人立减5元 免费配送,6408,1023,2026-08-01
P0144,短信,限时秒杀 免费麦辣鸡腿堡 仅剩20份,快来领取优惠券 新人立减5元 免费配送,44501,3700,2026-08-01
P0144,APP Push,限时秒杀 免费麦辣鸡腿堡 仅剩94份,快来领取优惠券 新人立减5元 免费配送,38212,383,2026-08-01
P0144,APP Push,限时秒杀 免费麦辣鸡腿堡 仅剩6份,快来领取优惠券 新人立减5元 免费配送,29319,3158,2026-08-01
P0144,企微1v1,限时秒杀 免费麦辣鸡腿堡 仅剩16份,快来领取优惠券 新人立减5元 免费配送,25348,3500,2026-08-01
P0144,企微1v1,限时秒杀 免费麦辣鸡腿堡 仅剩79份,快来领取优惠券 新人立减5元 免费配送,7708,591,2026-08-01
P0144,APP Push,限时秒杀 免费麦辣鸡腿堡 仅剩16份,快来领取优惠券 新人立减5元 免费配送,12610,3851,2026-08-01
P0144,APP Push,限时秒杀 免费麦辣鸡腿堡 仅剩64份,快来领取优惠券 新人立减5元 免费配送,28343,4528,2026-08-01
P0144,APP Push,限时秒杀 免费麦辣鸡腿堡 仅剩77份,快来领取优惠券 新人立减5元 免费配送,42195,233,2026-08-01
P0144,短信,限时秒杀 免费麦辣鸡腿堡 仅剩18份,快来领取优惠券 新人立减5元 免费配送,46670,3401,2026-08-01
P0144,APP Push,限时秒杀 免费麦辣鸡腿堡 仅剩16份,快来领取优惠券 新人立减5元 免费配送,34200,4481,2026-08-01
P0144,APP Push,限时秒杀 免费麦辣鸡腿堡 仅剩91份,快来领取优惠券 新人立减5元 免费配送,17248,4990,2026-08-01
P0144,APP Push,限时秒杀 免费麦辣鸡腿堡 仅剩15份,快来领取优惠券 新人立减5元 免费配送,44575,776,2026-08-01
P0144,APP Push,限时秒杀 免费麦辣鸡腿堡 仅剩99份,快来领取优惠券 新人立减5元 免费配送,43914,2779,2026-08-01
P0144,APP Push,限时秒杀 免费麦辣鸡腿堡 仅剩47份,快来领取优惠券 新人立减5元 免费配送,8484,2684,2026-08-01
P0145,APP Push,限时秒杀 免费麦辣鸡腿堡 仅剩41份,快来领取优惠券 新人立减5元 免费配送,15685,4917,2026-08-01
P0145,APP Push,限时秒杀 免费麦辣鸡腿堡 仅剩88份,快来领取优惠券 新人立减5元 免费配送,35371,4551,2026-08-01
P0145,企微1v1,限时秒杀 免费麦辣鸡腿堡 仅剩13份,快来领取优惠券 新人立减5元 免费配送,38977,1172,2026-08-01
P0145,短信,限时秒杀 免费麦辣鸡腿堡 仅剩88份,快来领取优惠券 新人立减5元 免费配送,39541,2786,2026-08-01
P0145,企微1v1,限时秒杀 免费麦辣鸡腿堡 仅剩20份,快来领取优惠券 新人立减5元 免费配送,34262,1565,2026-08-01
P0145,企微1v1,限时秒杀 免费麦辣鸡腿堡 仅剩83份,快来领取优惠券 新人立减5元 免费配送,23771,1207,2026-08-01
P0145,APP Push,限时秒杀 免费麦辣鸡腿堡 仅剩89份,快来领取优惠券 新人立减5元 免费配送,12227,2382,2026-08-01
P0145,企微1v1,限时秒杀 免费麦辣鸡腿堡 仅剩44份,快来领取优惠券 新人立减5元 免费配送,17034,2285,2026-08-01
P0145,短信,限时秒杀 免费麦辣鸡腿堡 仅剩53份,快来领取优惠券 新人立减5元 免费配送,19851,2706,2026-08-01
P0145,短信,限时秒杀 免费麦辣鸡腿堡 仅剩3份,快来领取优惠券 新人立减5元 免费配送,48756,4003,2026-08-01
P0145,企微1v1,限时秒杀 免费麦辣鸡腿堡 仅剩20份,快来领取优惠券 新人立减5元 免费配送,45607,2224,2026-08-01
P0145,APP Push,限时秒杀 免费麦辣鸡腿堡 仅剩3份,快来领取优惠券 新人立减5元 免费配送,33090,2622,2026-08-01
P0145,短信,限时秒杀 免费麦辣鸡腿堡 仅剩97份,快来领取优惠券 新人立减5元 免费配送,32136,166,2026-08-01
P0145,APP Push,限时秒杀 免费麦辣鸡腿堡 仅剩48份,快来领取优惠券 新人立减5元 免费配送,48657,2122,2026-08-01
P0145,短信,限时秒杀 免费麦辣鸡腿堡 仅剩83份,快来领取优惠券 新人立减5元 免费配送,37688,2065,2026-08-01
P0145,企微1v1,限时秒杀 免费麦辣鸡腿堡 仅剩25份,快来领取优惠券 新人立减5元 免费配送,43958,3257,2026-08-01
P0145,APP Push,限时秒杀 免费麦辣鸡腿堡 仅剩23份,快来领取优惠券 新人立减5元 免费配送,17721,916,2026-08-01
P0145,企微1v1,限时秒杀 免费麦辣鸡腿堡 仅剩22份,快来领取优惠券 新人立减5元 免费配送,37700,1201,2026-08-01
P0145,短信,限时秒杀 免费麦辣鸡腿堡 仅剩95份,快来领取优惠券 新人立减5元 免费配送,30839,3481,2026-08-01
P0145,企微1v1,限时秒杀 免费麦辣鸡腿堡 仅剩54份,快来领取优惠券 新人立减5元 免费配送,16175,4705,2026-08-01
P0146,APP Push,限时秒杀 免费麦辣鸡腿堡 仅剩94份,快来领取优惠券 新人立减5元 免费配送,7107,3608,2026-08-01
P0146,企微1v1,限时秒杀 免费麦辣鸡腿堡 仅剩40份,快来领取优惠券 新人立减5元 免费配送,33654,3503,2026-08-01
P0146,企微1v1,限时秒杀 免费麦辣鸡腿堡 仅剩45份,快来领取优惠券 新人立减5元 免费配送,27400,3959,2026-08-01
P0146,企微1v1,限时秒杀 免费麦辣鸡腿堡 仅剩32份,快来领取优惠券 新人立减5元 免费配送,3121,1059,2026-08-01
P0146,企微1v1,限时秒杀 免费麦辣鸡腿堡 仅剩42份,快来领取优惠券 新人立减5元 免费配送,35312,539,2026-08-01
P0146,企微1v1,限时秒杀 免费麦辣鸡腿堡 仅剩39份,快来领取优惠券 新人立减5元 免费配送,22429,4115,2026-08-01
P0146,APP Push,限时秒杀 免费麦辣鸡腿堡 仅剩79份,快来领取优惠券 新人立减5元 免费配送,38673,1139,2026-08-01
P0146,APP Push,限时秒杀 免费麦辣鸡腿堡 仅剩79份,快来领取优惠券 新人立减5元 免费配送,47279,956,2026-08-01
P0146,企微1v1,限时秒杀 免费麦辣鸡腿堡 仅剩32份,快来领取优惠券 新人立减5元 免费配送,1153,2527,2026-08-01
P0146,APP Push,限时秒杀 免费麦辣鸡腿堡 仅剩40份,快来领取优惠券 新人立减5元 免费配送,7588,3265,2026-08-01
P0146,企微1v1,限时秒杀 免费麦辣鸡腿堡 仅剩36份,快来领取优惠券 新人立减5元 免费配送,5176,223,2026-08-01
P0146,APP Push,限时秒杀 免费麦辣鸡腿堡 仅剩37份,快来领取优惠券 新人立减5元 免费配送,37354,290,2026-08-01
P0146,APP Push,限时秒杀 免费麦辣鸡腿堡 仅剩92份,快来领取优惠券 新人立减5元 免费配送,34459,4933,2026-08-01
P0146,企微1v1,限时秒杀 免费麦辣鸡腿堡 仅剩20份,快来领取优惠券 新人立减5元 免费配送,15767,1768,2026-08-01
P0146,APP Push,限时秒杀 免费麦辣鸡腿堡 仅剩37份,快来领取优惠券 新人立减5元 免费配送,5182,787,2026-08-01
P0146,APP Push,限时秒杀 免费麦辣鸡腿堡 仅剩60份,快来领取优惠券 新人立减5元 免费配送,5378,289,2026-08-01
P0146,企微1v1,限时秒杀 免费麦辣鸡腿堡 仅剩97份,快来领取优惠券 新人立减5元 免费配送,9524,3001,2026-08-01
P0146,企微1v1,限时秒杀 免费麦辣鸡腿堡 仅剩49份,快来领取优惠券 新人立减5元 免费配送,43500,2828,2026-08-01
P0146,企微1v1,限时秒杀 免费麦辣鸡腿堡 仅剩18份,快来领取优惠券 新人立减5元 免费配送,41423,161,2026-08-01
P0146,APP Push,限时秒杀 免费麦辣鸡腿堡 仅剩56份,快来领取优惠券 新人立减5元 免费配送,15248,705,2026-08-01
P0147,企微1v1,限时秒杀 免费麦辣鸡腿堡 仅剩67份,快来领取优惠券 新人立减5元 免费配送,8609,2567,2026-08-01
P0147,企微1v1,限时秒杀 免费麦辣鸡腿堡 仅剩87份,快来领取优惠券 新人立减5元 免费配送,26220,1693,2026-08-01
P0147,企微1v1,限时秒杀 免费麦辣鸡腿堡 仅剩32份,快来领取优惠券 新人立减5元 免费配送,7698,3442,2026-08-01
P0147,APP Push,限时秒杀 免费麦辣鸡腿堡 仅剩9份,快来领取优惠券 新人立减5元 免费配送,21928,2851,2026-08-01
P0147,企微1v1,限时秒杀 免费麦辣鸡腿堡 仅剩88份,快来领取优惠券 新人立减5元 免费配送,11831,1150,2026-08-01
P0147,短信,限时秒杀 免费麦辣鸡腿堡 仅剩4份,快来领取优惠券 新人立减5元 免费配送,16846,841,2026-08-01
P0147,企微1v1,限时秒杀 免费麦辣鸡腿堡 仅剩5份,快来领取优惠券 新人立减5元 免费配送,15980,1523,2026-08-01
P0147,企微1v1,限时秒杀 免费麦辣鸡腿堡 仅剩82份,快来领取优惠券 新人立减5元 免费配送,38608,3518,2026-08-01
P0147,短信,限时秒杀 免费麦辣鸡腿堡 仅剩43份,快来领取优惠券 新人立减5元 免费配送,43142,1063,2026-08-01
P0147,企微1v1,限时秒杀 免费麦辣鸡腿堡 仅剩77份,快来领取优惠券 新人立减5元 免费配送,5968,3195,2026-08-01
P0147,短信,限时秒杀 免费麦辣鸡腿堡 仅剩61份,快来领取优惠券 新人立减5元 免费配送,49540,497,2026-08-01
P0147,APP Push,限时秒杀 免费麦辣鸡腿堡 仅剩22份,快来领取优惠券 新人立减5元 免费配送,32010,3460,2026-08-01
P0147,企微1v1,限时秒杀 免费麦辣鸡腿堡 仅剩28份,快来领取优惠券 新人立减5元 免费配送,47002,3492,2026-08-01
P0147,企微1v1,限时秒杀 免费麦辣鸡腿堡 仅剩22份,快来领取优惠券 新人立减5元 免费配送,6606,913,2026-08-01
P0147,企微1v1,限时秒杀 免费麦辣鸡腿堡 仅剩82份,快来领取优惠券 新人立减5元 免费配送,2141,2470,2026-08-01
P0147,短信,限时秒杀 免费麦辣鸡腿堡 仅剩21份,快来领取优惠券 新人立减5元 免费配送,42845,1136,2026-08-01
P0147,企微1v1,限时秒杀 免费麦辣鸡腿堡 仅剩20份,快来领取优惠券 新人立减5元 免费配送,16348,1022,2026-08-01
P0147,企微1v1,限时秒杀 免费麦辣鸡腿堡 仅剩20份,快来领取优惠券 新人立减5元 免费配送,13702,1441,2026-08-01
P0147,企微1v1,限时秒杀 免费麦辣鸡腿堡 仅剩48份,快来领取优惠券 新人立减5元 免费配送,38292,957,2026-08-01
P0147,APP Push,限时秒杀 免费麦辣鸡腿堡 仅剩98份,快来领取优惠券 新人立减5元 免费配送,47058,3259,2026-08-01
P0148,APP Push,限时秒杀 免费麦辣鸡腿堡 仅剩53份,快来领取优惠券 新人立减5元 免费配送,18578,2180,2026-08-01
P0148,企微1v1,限时秒杀 免费麦辣鸡腿堡 仅剩99份,快来领取优惠券 新人立减5元 免费配送,47781,4289,2026-08-01
P0148,短信,限时秒杀 免费麦辣鸡腿堡 仅剩72份,快来领取优惠券 新人立减5元 免费配送,6816,1796,2026-08-01
P0148,企微1v1,限时秒杀 免费麦辣鸡腿堡 仅剩95份,快来领取优惠券 新人立减5元 免费配送,44532,647,2026-08-01
P0148,企微1v1,限时秒杀 免费麦辣鸡腿堡 仅剩5份,快来领取优惠券 新人立减5元 免费配送,17310,4211,2026-08-01
P0148,短信,限时秒杀 免费麦辣鸡腿堡 仅剩88份,快来领取优惠券 新人立减5元 免费配送,27595,841,2026-08-01
P0148,短信,限时秒杀 免费麦辣鸡腿堡 仅剩84份,快来领取优惠券 新人立减5元 免费配送,5326,4289,2026-08-01
P0148,APP Push,限时秒杀 免费麦辣鸡腿堡 仅剩80份,快来领取优惠券 新人立减5元 免费配送,20992,399,2026-08-01
P0148,企微1v1,限时秒杀 免费麦辣鸡腿堡 仅剩4份,快来领取优惠券 新人立减5元 免费配送,38861,4284,2026-08-01
P0148,企微1v1,限时秒杀 免费麦辣鸡腿堡 仅剩53份,快来领取优惠券 新人立减5元 免费配送,7408,2935,2026-08-01
P0148,APP Push,限时秒杀 免费麦辣鸡腿堡 仅剩85份,快来领取优惠券 新人立减5元 免费配送,33413,1528,2026-08-01
P0148,APP Push,限时秒杀 免费麦辣鸡腿堡 仅剩9份,快来领取优惠券 新人立减5元 免费配送,13344,4586,2026-08-01
P0148,APP Push,限时秒杀 免费麦辣鸡腿堡 仅剩72份,快来领取优惠券 新人立减5元 免费配送,18621,4842,2026-08-01
P0148,企微1v1,限时秒杀 免费麦辣鸡腿堡 仅剩30份,快来领取优惠券 新人立减5元 免费配送,13155,3326,2026-08-01
P0148,企微1v1,限时秒杀 免费麦辣鸡腿堡 仅剩16份,快来领取优惠券 新人立减5元 免费配送,18757,2296,2026-08-01
P0148,短信,限时秒杀 免费麦辣鸡腿堡 仅剩84份,快来领取优惠券 新人立减5元 免费配送,28136,674,2026-08-01
P0148,短信,限时秒杀 免费麦辣鸡腿堡 仅剩84份,快来领取优惠券 新人立减5元 免费配送,37730,4277,2026-08-01
P0148,企微1v1,限时秒杀 免费麦辣鸡腿堡 仅剩48份,快来领取优惠券 新人立减5元 免费配送,41134,868,2026-08-01
P0148,APP Push,限时秒杀 免费麦辣鸡腿堡 仅剩19份,快来领取优惠券 新人立减5元 免费配送,42968,2489,2026-08-01
P0148,APP Push,限时秒杀 免费麦辣鸡腿堡 仅剩57份,快来领取优惠券 新人立减5元 免费配送,39709,1676,2026-08-01
P0149,APP Push,限时秒杀 免费麦辣鸡腿堡 仅剩64份,快来领取优惠券 新人立减5元 免费配送,13388,1750,2026-08-01
P0149,APP Push,限时秒杀 免费麦辣鸡腿堡 仅剩35份,快来领取优惠券 新人立减5元 免费配送,29362,2166,2026-08-01
P0149,短信,限时秒杀 免费麦辣鸡腿堡 仅剩70份,快来领取优惠券 新人立减5元 免费配送,16580,2192,2026-08-01
P0149,短信,限时秒杀 免费麦辣鸡腿堡 仅剩62份,快来领取优惠券 新人立减5元 免费配送,41724,1235,2026-08-01
P0149,短信,限时秒杀 免费麦辣鸡腿堡 仅剩98份,快来领取优惠券 新人立减5元 免费配送,45766,4086,2026-08-01
P0149,APP Push,限时秒杀 免费麦辣鸡腿堡 仅剩4份,快来领取优惠券 新人立减5元 免费配送,43232,2813,2026-08-01
P0149,APP Push,限时秒杀 免费麦辣鸡腿堡 仅剩81份,快来领取优惠券 新人立减5元 免费配送,32505,3420,2026-08-01
P0149,APP Push,限时秒杀 免费麦辣鸡腿堡 仅剩60份,快来领取优惠券 新人立减5元 免费配送,3068,379,2026-08-01
P0149,企微1v1,限时秒杀 免费麦辣鸡腿堡 仅剩92份,快来领取优惠券 新人立减5元 免费配送,15536,1928,2026-08-01
P0149,短信,限时秒杀 免费麦辣鸡腿堡 仅剩70份,快来领取优惠券 新人立减5元 免费配送,47896,2012,2026-08-01
P0149,短信,限时秒杀 免费麦辣鸡腿堡 仅剩52份,快来领取优惠券 新人立减5元 免费配送,1357,2082,2026-08-01
P0149,企微1v1,限时秒杀 免费麦辣鸡腿堡 仅剩28份,快来领取优惠券 新人立减5元 免费配送,34429,4534,2026-08-01
P0149,短信,限时秒杀 免费麦辣鸡腿堡 仅剩66份,快来领取优惠券 新人立减5元 免费配送,47021,3247,2026-08-01
P0149,短信,限时秒杀 免费麦辣鸡腿堡 仅剩95份,快来领取优惠券 新人立减5元 免费配送,24110,4404,2026-08-01
P0149,企微1v1,限时秒杀 免费麦辣鸡腿堡 仅剩11份,快来领取优惠券 新人立减5元 免费配送,3315,4178,2026-08-01
P0149,APP Push,限时秒杀 免费麦辣鸡腿堡 仅剩16份,快来领取优惠券 新人立减5元 免费配送,14179,4322,2026-08-01
P0149,企微1v1,限时秒杀 免费麦辣鸡腿堡 仅剩17份,快来领取优惠券 新人立减5元 免费配送,20551,1038,2026-08-01
P0149,短信,限时秒杀 免费麦辣鸡腿堡 仅剩94份,快来领取优惠券 新人立减5元 免费配送,47130,4550,2026-08-01
P0149,短信,限时秒杀 免费麦辣鸡腿堡 仅剩96份,快来领取优惠券 新人立减5元 免费配送,4988,2813,2026-08-01
P0149,APP Push,限时秒杀 免费麦辣鸡腿堡 仅剩36份,快来领取优惠券 新人立减5元 免费配送,10002,4915,2026-08-01
P0150,APP Push,限时秒杀 免费麦辣鸡腿堡 仅剩66份,快来领取优惠券 新人立减5元 免费配送,21485,3208,2026-08-01
P0150,短信,限时秒杀 免费麦辣鸡腿堡 仅剩60份,快来领取优惠券 新人立减5元 免费配送,38625,4841,2026-08-01
P0150,企微1v1,限时秒杀 免费麦辣鸡腿堡 仅剩10份,快来领取优惠券 新人立减5元 免费配送,7678,3972,2026-08-01
P0150,企微1v1,限时秒杀 免费麦辣鸡腿堡 仅剩96份,快来领取优惠券 新人立减5元 免费配送,14983,262,2026-08-01
P0150,APP Push,限时秒杀 免费麦辣鸡腿堡 仅剩66份,快来领取优惠券 新人立减5元 免费配送,25789,4327,2026-08-01
P0150,短信,限时秒杀 免费麦辣鸡腿堡 仅剩25份,快来领取优惠券 新人立减5元 免费配送,38489,2825,2026-08-01
P0150,企微1v1,限时秒杀 免费麦辣鸡腿堡 仅剩59份,快来领取优惠券 新人立减5元 免费配送,23387,2283,2026-08-01
P0150,企微1v1,限时秒杀 免费麦辣鸡腿堡 仅剩96份,快来领取优惠券 新人立减5元 免费配送,32709,749,2026-08-01
P0150,企微1v1,限时秒杀 免费麦辣鸡腿堡 仅剩71份,快来领取优惠券 新人立减5元 免费配送,48675,2192,2026-08-01
P0150,短信,限时秒杀 免费麦辣鸡腿堡 仅剩25份,快来领取优惠券 新人立减5元 免费配送,13494,1148,2026-08-01
P0150,APP Push,限时秒杀 免费麦辣鸡腿堡 仅剩84份,快来领取优惠券 新人立减5元 免费配送,24943,4084,2026-08-01
P0150,短信,限时秒杀 免费麦辣鸡腿堡 仅剩46份,快来领取优惠券 新人立减5元 免费配送,30803,2170,2026-08-01
P0150,企微1v1,限时秒杀 免费麦辣鸡腿堡 仅剩97份,快来领取优惠券 新人立减5元 免费配送,4147,3728,2026-08-01
P0150,企微1v1,限时秒杀 免费麦辣鸡腿堡 仅剩46份,快来领取优惠券 新人立减5元 免费配送,40165,2099,2026-08-01
P0150,企微1v1,限时秒杀 免费麦辣鸡腿堡 仅剩3份,快来领取优惠券 新人立减5元 免费配送,42643,1188,2026-08-01
P0150,APP Push,限时秒杀 免费麦辣鸡腿堡 仅剩10份,快来领取优惠券 新人立减5元 免费配送,24008,3595,2026-08-01
P0150,APP Push,限时秒杀 免费麦辣鸡腿堡 仅剩94份,快来领取优惠券 新人立减5元 免费配送,13605,756,2026-08-01
P0150,企微1v1,限时秒杀 免费麦辣鸡腿堡 仅剩74份,快来领取优惠券 新人立减5元 免费配送,22316,2227,2026-08-01
P0150,短信,限时秒杀 免费麦辣鸡腿堡 仅剩45份,快来领取优惠券 新人立减5元 免费配送,12956,3255,2026-08-01
P0150,短信,限时秒杀 免费麦辣鸡腿堡 仅剩96份,快来领取优惠券 新人立减5元 免费配送,1123,4749,2026-08-01
P0151,短信,限时秒杀 免费麦辣鸡腿堡 仅剩96份,快来领取优惠券 新人立减5元 免费配送,10812,874,2026-08-01
P0151,APP Push,限时秒杀 免费麦辣鸡腿堡 仅剩61份,快来领取优惠券 新人立减5元 免费配送,2407,1959,2026-08-01
P0151,短信,限时秒杀 免费麦辣鸡腿堡 仅剩29份,快来领取优惠券 新人立减5元 免费配送,47477,3885,2026-08-01
P0151,短信,限时秒杀 免费麦辣鸡腿堡 仅剩44份,快来领取优惠券 新人立减5元 免费配送,24220,3660,2026-08-01
P0151,短信,限时秒杀 免费麦辣鸡腿堡 仅剩45份,快来领取优惠券 新人立减5元 免费配送,22400,4963,2026-08-01
P0151,APP Push,限时秒杀 免费麦辣鸡腿堡 仅剩9份,快来领取优惠券 新人立减5元 免费配送,19401,2636,2026-08-01
P0151,短信,限时秒杀 免费麦辣鸡腿堡 仅剩17份,快来领取优惠券 新人立减5元 免费配送,1234,1767,2026-08-01
P0151,企微1v1,限时秒杀 免费麦辣鸡腿堡 仅剩37份,快来领取优惠券 新人立减5元 免费配送,45157,3863,2026-08-01
P0151,APP Push,限时秒杀 免费麦辣鸡腿堡 仅剩21份,快来领取优惠券 新人立减5元 免费配送,9067,4266,2026-08-01
P0151,短信,限时秒杀 免费麦辣鸡腿堡 仅剩87份,快来领取优惠券 新人立减5元 免费配送,38668,4238,2026-08-01
P0151,APP Push,限时秒杀 免费麦辣鸡腿堡 仅剩20份,快来领取优惠券 新人立减5元 免费配送,26264,3430,2026-08-01
P0151,企微1v1,限时秒杀 免费麦辣鸡腿堡 仅剩6份,快来领取优惠券 新人立减5元 免费配送,31007,4874,2026-08-01
P0151,企微1v1,限时秒杀 免费麦辣鸡腿堡 仅剩49份,快来领取优惠券 新人立减5元 免费配送,8089,1557,2026-08-01
P0151,APP Push,限时秒杀 免费麦辣鸡腿堡 仅剩72份,快来领取优惠券 新人立减5元 免费配送,24217,3397,2026-08-01
P0151,短信,限时秒杀 免费麦辣鸡腿堡 仅剩83份,快来领取优惠券 新人立减5元 免费配送,9388,4327,2026-08-01
P0151,企微1v1,限时秒杀 免费麦辣鸡腿堡 仅剩48份,快来领取优惠券 新人立减5元 免费配送,41212,3539,2026-08-01
P0151,短信,限时秒杀 免费麦辣鸡腿堡 仅剩98份,快来领取优惠券 新人立减5元 免费配送,29056,2233,2026-08-01
P0151,企微1v1,限时秒杀 免费麦辣鸡腿堡 仅剩84份,快来领取优惠券 新人立减5元 免费配送,38026,237,2026-08-01
P0151,企微1v1,限时秒杀 免费麦辣鸡腿堡 仅剩5份,快来领取优惠券 新人立减5元 免费配送,19818,4944,2026-08-01
P0151,企微1v1,限时秒杀 免费麦辣鸡腿堡 仅剩89份,快来领取优惠券 新人立减5元 免费配送,28237,2022,2026-08-01
P0152,APP Push,限时秒杀 免费麦辣鸡腿堡 仅剩15份,快来领取优惠券 新人立减5元 免费配送,17113,3363,2026-08-01
P0152,APP Push,限时秒杀 免费麦辣鸡腿堡 仅剩34份,快来领取优惠券 新人立减5元 免费配送,38051,4437,2026-08-01
P0152,短信,限时秒杀 免费麦辣鸡腿堡 仅剩61份,快来领取优惠券 新人立减5元 免费配送,49438,1654,2026-08-01
P0152,企微1v1,限时秒杀 免费麦辣鸡腿堡 仅剩40份,快来领取优惠券 新人立减5元 免费配送,14643,1954,2026-08-01
P0152,短信,限时秒杀 免费麦辣鸡腿堡 仅剩47份,快来领取优惠券 新人立减5元 免费配送,43584,2027,2026-08-01
P0152,APP Push,限时秒杀 免费麦辣鸡腿堡 仅剩94份,快来领取优惠券 新人立减5元 免费配送,41247,2569,2026-08-01
P0152,企微1v1,限时秒杀 免费麦辣鸡腿堡 仅剩77份,快来领取优惠券 新人立减5元 免费配送,33224,4506,2026-08-01
P0152,企微1v1,限时秒杀 免费麦辣鸡腿堡 仅剩71份,快来领取优惠券 新人立减5元 免费配送,27016,3528,2026-08-01
P0152,企微1v1,限时秒杀 免费麦辣鸡腿堡 仅剩16份,快来领取优惠券 新人立减5元 免费配送,1041,1149,2026-08-01
P0152,企微1v1,限时秒杀 免费麦辣鸡腿堡 仅剩13份,快来领取优惠券 新人立减5元 免费配送,44600,866,2026-08-01
P0152,APP Push,限时秒杀 免费麦辣鸡腿堡 仅剩35份,快来领取优惠券 新人立减5元 免费配送,48556,3644,2026-08-01
P0152,短信,限时秒杀 免费麦辣鸡腿堡 仅剩63份,快来领取优惠券 新人立减5元 免费配送,3485,3455,2026-08-01
P0152,APP Push,限时秒杀 免费麦辣鸡腿堡 仅剩94份,快来领取优惠券 新人立减5元 免费配送,25410,862,2026-08-01
P0152,企微1v1,限时秒杀 免费麦辣鸡腿堡 仅剩90份,快来领取优惠券 新人立减5元 免费配送,19657,1673,2026-08-01
P0152,企微1v1,限时秒杀 免费麦辣鸡腿堡 仅剩60份,快来领取优惠券 新人立减5元 免费配送,27109,4158,2026-08-01
P0152,APP Push,限时秒杀 免费麦辣鸡腿堡 仅剩33份,快来领取优惠券 新人立减5元 免费配送,24943,1121,2026-08-01
P0152,企微1v1,限时秒杀 免费麦辣鸡腿堡 仅剩42份,快来领取优惠券 新人立减5元 免费配送,40670,2474,2026-08-01
P0152,短信,限时秒杀 免费麦辣鸡腿堡 仅剩26份,快来领取优惠券 新人立减5元 免费配送,38410,1923,2026-08-01
P0152,短信,限时秒杀 免费麦辣鸡腿堡 仅剩9份,快来领取优惠券 新人立减5元 免费配送,13524,2855,2026-08-01
P0152,企微1v1,限时秒杀 免费麦辣鸡腿堡 仅剩2份,快来领取优惠券 新人立减5元 免费配送,15434,3985,2026-08-01
P0153,企微1v1,限时秒杀 免费麦辣鸡腿堡 仅剩56份,快来领取优惠券 新人立减5元 免费配送,23053,4382,2026-08-01
P0153,短信,限时秒杀 免费麦辣鸡腿堡 仅剩18份,快来领取优惠券 新人立减5元 免费配送,33410,1251,2026-08-01
P0153,APP Push,限时秒杀 免费麦辣鸡腿堡 仅剩82份,快来领取优惠券 新人立减5元 免费配送,35029,4859,2026-08-01
P0153,企微1v1,限时秒杀 免费麦辣鸡腿堡 仅剩89份,快来领取优惠券 新人立减5元 免费配送,13905,2965,2026-08-01
P0153,企微1v1,限时秒杀 免费麦辣鸡腿堡 仅剩37份,快来领取优惠券 新人立减5元 免费配送,6530,3472,2026-08-01
P0153,短信,限时秒杀 免费麦辣鸡腿堡 仅剩12份,快来领取优惠券 新人立减5元 免费配送,33844,3428,2026-08-01
P0153,APP Push,限时秒杀 免费麦辣鸡腿堡 仅剩33份,快来领取优惠券 新人立减5元 免费配送,11662,1205,2026-08-01
P0153,APP Push,限时秒杀 免费麦辣鸡腿堡 仅剩24份,快来领取优惠券 新人立减5元 免费配送,7223,2004,2026-08-01
P0153,企微1v1,限时秒杀 免费麦辣鸡腿堡 仅剩33份,快来领取优惠券 新人立减5元 免费配送,3513,4694,2026-08-01
P0153,APP Push,限时秒杀 免费麦辣鸡腿堡 仅剩53份,快来领取优惠券 新人立减5元 免费配送,19583,2758,2026-08-01
P0153,APP Push,限时秒杀 免费麦辣鸡腿堡 仅剩9份,快来领取优惠券 新人立减5元 免费配送,27095,720,2026-08-01
P0153,短信,限时秒杀 免费麦辣鸡腿堡 仅剩22份,快来领取优惠券 新人立减5元 免费配送,44420,275,2026-08-01
P0153,短信,限时秒杀 免费麦辣鸡腿堡 仅剩62份,快来领取优惠券 新人立减5元 免费配送,41337,1907,2026-08-01
P0153,APP Push,限时秒杀 免费麦辣鸡腿堡 仅剩55份,快来领取优惠券 新人立减5元 免费配送,28679,2449,2026-08-01
P0153,短信,限时秒杀 免费麦辣鸡腿堡 仅剩50份,快来领取优惠券 新人立减5元 免费配送,29598,4088,2026-08-01
P0153,APP Push,限时秒杀 免费麦辣鸡腿堡 仅剩18份,快来领取优惠券 新人立减5元 免费配送,19573,651,2026-08-01
P0153,APP Push,限时秒杀 免费麦辣鸡腿堡 仅剩58份,快来领取优惠券 新人立减5元 免费配送,29805,2431,2026-08-01
P0153,企微1v1,限时秒杀 免费麦辣鸡腿堡 仅剩81份,快来领取优惠券 新人立减5元 免费配送,39657,2761,2026-08-01
P0153,短信,限时秒杀 免费麦辣鸡腿堡 仅剩31份,快来领取优惠券 新人立减5元 免费配送,17571,1495,2026-08-01
P0153,企微1v1,限时秒杀 免费麦辣鸡腿堡 仅剩2份,快来领取优惠券 新人立减5元 免费配送,29620,935,2026-08-01
P0154,短信,限时秒杀 免费麦辣鸡腿堡 仅剩84份,快来领取优惠券 新人立减5元 免费配送,11921,1970,2026-08-01
P0154,短信,限时秒杀 免费麦辣鸡腿堡 仅剩3份,快来领取优惠券 新人立减5元 免费配送,33519,3980,2026-08-01
P0154,短信,限时秒杀 免费麦辣鸡腿堡 仅剩85份,快来领取优惠券 新人立减5元 免费配送,42845,3135,2026-08-01
P0154,企微1v1,限时秒杀 免费麦辣鸡腿堡 仅剩65份,快来领取优惠券 新人立减5元 免费配送,42278,4889,2026-08-01
P0154,短信,限时秒杀 免费麦辣鸡腿堡 仅剩75份,快来领取优惠券 新人立减5元 免费配送,45582,3865,2026-08-01
P0154,企微1v1,限时秒杀 免费麦辣鸡腿堡 仅剩83份,快来领取优惠券 新人立减5元 免费配送,19189,1919,2026-08-01
P0154,短信,限时秒杀 免费麦辣鸡腿堡 仅剩6份,快来领取优惠券 新人立减5元 免费配送,35895,2815,2026-08-01
P0154,APP Push,限时秒杀 免费麦辣鸡腿堡 仅剩21份,快来领取优惠券 新人立减5元 免费配送,30042,2681,2026-08-01
P0154,APP Push,限时秒杀 免费麦辣鸡腿堡 仅剩80份,快来领取优惠券 新人立减5元 免费配送,36071,3678,2026-08-01
P0154,企微1v1,限时秒杀 免费麦辣鸡腿堡 仅剩93份,快来领取优惠券 新人立减5元 免费配送,44709,760,2026-08-01
P0154,短信,限时秒杀 免费麦辣鸡腿堡 仅剩17份,快来领取优惠券 新人立减5元 免费配送,31932,1300,2026-08-01
P0154,APP Push,限时秒杀 免费麦辣鸡腿堡 仅剩55份,快来领取优惠券 新人立减5元 免费配送,19298,3918,2026-08-01
P0154,APP Push,限时秒杀 免费麦辣鸡腿堡 仅剩70份,快来领取优惠券 新人立减5元 免费配送,22505,4239,2026-08-01
P0154,企微1v1,限时秒杀 免费麦辣鸡腿堡 仅剩6份,快来领取优惠券 新人立减5元 免费配送,34494,2407,2026-08-01
P0154,短信,限时秒杀 免费麦辣鸡腿堡 仅剩73份,快来领取优惠券 新人立减5元 免费配送,44503,2349,2026-08-01
P0154,短信,限时秒杀 免费麦辣鸡腿堡 仅剩93份,快来领取优惠券 新人立减5元 免费配送,49194,165,2026-08-01
P0154,短信,限时秒杀 免费麦辣鸡腿堡 仅剩18份,快来领取优惠券 新人立减5元 免费配送,17571,1274,2026-08-01
P0154,短信,限时秒杀 免费麦辣鸡腿堡 仅剩37份,快来领取优惠券 新人立减5元 免费配送,30390,3709,2026-08-01
P0154,短信,限时秒杀 免费麦辣鸡腿堡 仅剩64份,快来领取优惠券 新人立减5元 免费配送,20631,208,2026-08-01
P0154,企微1v1,限时秒杀 免费麦辣鸡腿堡 仅剩16份,快来领取优惠券 新人立减5元 免费配送,9644,1519,2026-08-01
P0155,APP Push,限时秒杀 免费麦辣鸡腿堡 仅剩7份,快来领取优惠券 新人立减5元 免费配送,17299,3464,2026-08-01
P0155,APP Push,限时秒杀 免费麦辣鸡腿堡 仅剩26份,快来领取优惠券 新人立减5元 免费配送,25834,1704,2026-08-01
P0155,APP Push,限时秒杀 免费麦辣鸡腿堡 仅剩65份,快来领取优惠券 新人立减5元 免费配送,15019,2461,2026-08-01
P0155,短信,限时秒杀 免费麦辣鸡腿堡 仅剩66份,快来领取优惠券 新人立减5元 免费配送,40795,4557,2026-08-01
P0155,APP Push,限时秒杀 免费麦辣鸡腿堡 仅剩79份,快来领取优惠券 新人立减5元 免费配送,49128,3422,2026-08-01
P0155,短信,限时秒杀 免费麦辣鸡腿堡 仅剩19份,快来领取优惠券 新人立减5元 免费配送,49229,774,2026-08-01
P0155,短信,限时秒杀 免费麦辣鸡腿堡 仅剩16份,快来领取优惠券 新人立减5元 免费配送,41007,3636,2026-08-01
P0155,短信,限时秒杀 免费麦辣鸡腿堡 仅剩31份,快来领取优惠券 新人立减5元 免费配送,21450,4734,2026-08-01
P0155,APP Push,限时秒杀 免费麦辣鸡腿堡 仅剩13份,快来领取优惠券 新人立减5元 免费配送,31118,4837,2026-08-01
P0155,企微1v1,限时秒杀 免费麦辣鸡腿堡 仅剩46份,快来领取优惠券 新人立减5元 免费配送,41246,3465,2026-08-01
P0155,APP Push,限时秒杀 免费麦辣鸡腿堡 仅剩6份,快来领取优惠券 新人立减5元 免费配送,13423,4257,2026-08-01
P0155,APP Push,限时秒杀 免费麦辣鸡腿堡 仅剩69份,快来领取优惠券 新人立减5元 免费配送,4002,1323,2026-08-01
P0155,企微1v1,限时秒杀 免费麦辣鸡腿堡 仅剩44份,快来领取优惠券 新人立减5元 免费配送,13702,333,2026-08-01
P0155,短信,限时秒杀 免费麦辣鸡腿堡 仅剩27份,快来领取优惠券 新人立减5元 免费配送,18745,1297,2026-08-01
P0155,APP Push,限时秒杀 免费麦辣鸡腿堡 仅剩20份,快来领取优惠券 新人立减5元 免费配送,24256,1064,2026-08-01
P0155,APP Push,限时秒杀 免费麦辣鸡腿堡 仅剩2份,快来领取优惠券 新人立减5元 免费配送,43137,746,2026-08-01
P0155,企微1v1,限时秒杀 免费麦辣鸡腿堡 仅剩95份,快来领取优惠券 新人立减5元 免费配送,18911,3672,2026-08-01
P0155,短信,限时秒杀 免费麦辣鸡腿堡 仅剩62份,快来领取优惠券 新人立减5元 免费配送,21566,1271,2026-08-01
P0155,企微1v1,限时秒杀 免费麦辣鸡腿堡 仅剩14份,快来领取优惠券 新人立减5元 免费配送,41308,4322,2026-08-01
P0155,APP Push,限时秒杀 免费麦辣鸡腿堡 仅剩27份,快来领取优惠券 新人立减5元 免费配送,37250,1622,2026-08-01
P0156,APP Push,限时秒杀 免费麦辣鸡腿堡 仅剩74份,快来领取优惠券 新人立减5元 免费配送,45354,2498,2026-08-01
P0156,APP Push,限时秒杀 免费麦辣鸡腿堡 仅剩19份,快来领取优惠券 新人立减5元 免费配送,19895,587,2026-08-01
P0156,APP Push,限时秒杀 免费麦辣鸡腿堡 仅剩28份,快来领取优惠券 新人立减5元 免费配送,47538,1520,2026-08-01
P0156,企微1v1,限时秒杀 免费麦辣鸡腿堡 仅剩90份,快来领取优惠券 新人立减5元 免费配送,43173,2249,2026-08-01
P0156,企微1v1,限时秒杀 免费麦辣鸡腿堡 仅剩72份,快来领取优惠券 新人立减5元 免费配送,15359,383,2026-08-01
P0156,APP Push,限时秒杀 免费麦辣鸡腿堡 仅剩18份,快来领取优惠券 新人立减5元 免费配送,13939,3195,2026-08-01
P0156,APP Push,限时秒杀 免费麦辣鸡腿堡 仅剩75份,快来领取优惠券 新人立减5元 免费配送,30993,856,2026-08-01
P0156,企微1v1,限时秒杀 免费麦辣鸡腿堡 仅剩15份,快来领取优惠券 新人立减5元 免费配送,47295,4679,2026-08-01
P0156,短信,限时秒杀 免费麦辣鸡腿堡 仅剩6份,快来领取优惠券 新人立减5元 免费配送,25274,3505,2026-08-01
P0156,APP Push,限时秒杀 免费麦辣鸡腿堡 仅剩16份,快来领取优惠券 新人立减5元 免费配送,7274,4670,2026-08-01
P0156,企微1v1,限时秒杀 免费麦辣鸡腿堡 仅剩17份,快来领取优惠券 新人立减5元 免费配送,10799,4582,2026-08-01
P0156,企微1v1,限时秒杀 免费麦辣鸡腿堡 仅剩59份,快来领取优惠券 新人立减5元 免费配送,49011,2324,2026-08-01
P0156,短信,限时秒杀 免费麦辣鸡腿堡 仅剩91份,快来领取优惠券 新人立减5元 免费配送,4989,4981,2026-08-01
P0156,企微1v1,限时秒杀 免费麦辣鸡腿堡 仅剩52份,快来领取优惠券 新人立减5元 免费配送,40002,2837,2026-08-01
P0156,APP Push,限时秒杀 免费麦辣鸡腿堡 仅剩46份,快来领取优惠券 新人立减5元 免费配送,23773,4554,2026-08-01
P0156,企微1v1,限时秒杀 免费麦辣鸡腿堡 仅剩61份,快来领取优惠券 新人立减5元 免费配送,14671,3837,2026-08-01
P0156,短信,限时秒杀 免费麦辣鸡腿堡 仅剩48份,快来领取优惠券 新人立减5元 免费配送,40334,3373,2026-08-01
P0156,企微1v1,限时秒杀 免费麦辣鸡腿堡 仅剩25份,快来领取优惠券 新人立减5元 免费配送,10559,3345,2026-08-01
P0156,APP Push,限时秒杀 免费麦辣鸡腿堡 仅剩31份,快来领取优惠券 新人立减5元 免费配送,13848,2626,2026-08-01
P0156,APP Push,限时秒杀 免费麦辣鸡腿堡 仅剩8份,快来领取优惠券 新人立减5元 免费配送,29130,4619,2026-08-01
P0157,企微1v1,限时秒杀 免费麦辣鸡腿堡 仅剩14份,快来领取优惠券 新人立减5元 免费配送,48933,2903,2026-08-01
P0157,APP Push,限时秒杀 免费麦辣鸡腿堡 仅剩82份,快来领取优惠券 新人立减5元 免费配送,19931,1820,2026-08-01
P0157,APP Push,限时秒杀 免费麦辣鸡腿堡 仅剩29份,快来领取优惠券 新人立减5元 免费配送,6866,2345,2026-08-01
P0157,短信,限时秒杀 免费麦辣鸡腿堡 仅剩69份,快来领取优惠券 新人立减5元 免费配送,2150,733,2026-08-01
P0157,APP Push,限时秒杀 免费麦辣鸡腿堡 仅剩18份,快来领取优惠券 新人立减5元 免费配送,21378,3358,2026-08-01
P0157,短信,限时秒杀 免费麦辣鸡腿堡 仅剩13份,快来领取优惠券 新人立减5元 免费配送,29353,2001,2026-08-01
P0157,企微1v1,限时秒杀 免费麦辣鸡腿堡 仅剩6份,快来领取优惠券 新人立减5元 免费配送,12324,4360,2026-08-01
P0157,短信,限时秒杀 免费麦辣鸡腿堡 仅剩87份,快来领取优惠券 新人立减5元 免费配送,20805,4874,2026-08-01
P0157,短信,限时秒杀 免费麦辣鸡腿堡 仅剩24份,快来领取优惠券 新人立减5元 免费配送,17751,2022,2026-08-01
P0157,APP Push,限时秒杀 免费麦辣鸡腿堡 仅剩71份,快来领取优惠券 新人立减5元 免费配送,25505,3811,2026-08-01
P0157,APP Push,限时秒杀 免费麦辣鸡腿堡 仅剩15份,快来领取优惠券 新人立减5元 免费配送,4941,4911,2026-08-01
P0157,短信,限时秒杀 免费麦辣鸡腿堡 仅剩43份,快来领取优惠券 新人立减5元 免费配送,7208,4206,2026-08-01
P0157,企微1v1,限时秒杀 免费麦辣鸡腿堡 仅剩64份,快来领取优惠券 新人立减5元 免费配送,26591,3290,2026-08-01
P0157,企微1v1,限时秒杀 免费麦辣鸡腿堡 仅剩35份,快来领取优惠券 新人立减5元 免费配送,25967,1731,2026-08-01
P0157,短信,限时秒杀 免费麦辣鸡腿堡 仅剩2份,快来领取优惠券 新人立减5元 免费配送,33466,1213,2026-08-01
P0157,短信,限时秒杀 免费麦辣鸡腿堡 仅剩51份,快来领取优惠券 新人立减5元 免费配送,18510,2553,2026-08-01
P0157,短信,限时秒杀 免费麦辣鸡腿堡 仅剩36份,快来领取优惠券 新人立减5元 免费配送,47596,1199,2026-08-01
P0157,企微1v1,限时秒杀 免费麦辣鸡腿堡 仅剩66份,快来领取优惠券 新人立减5元 免费配送,49340,672,2026-08-01
P0157,短信,限时秒杀 免费麦辣鸡腿堡 仅剩8份,快来领取优惠券 新人立减5元 免费配送,45067,3166,2026-08-01
P0157,企微1v1,限时秒杀 免费麦辣鸡腿堡 仅剩38份,快来领取优惠券 新人立减5元 免费配送,15357,960,2026-08-01
P0158,企微1v1,限时秒杀 免费麦辣鸡腿堡 仅剩70份,快来领取优惠券 新人立减5元 免费配送,12051,4453,2026-08-01
P0158,APP Push,限时秒杀 免费麦辣鸡腿堡 仅剩21份,快来领取优惠券 新人立减5元 免费配送,23860,2865,2026-08-01
P0158,APP Push,限时秒杀 免费麦辣鸡腿堡 仅剩64份,快来领取优惠券 新人立减5元 免费配送,32462,1661,2026-08-01
P0158,APP Push,限时秒杀 免费麦辣鸡腿堡 仅剩82份,快来领取优惠券 新人立减5元 免费配送,12684,4873,2026-08-01
P0158,APP Push,限时秒杀 免费麦辣鸡腿堡 仅剩54份,快来领取优惠券 新人立减5元 免费配送,43494,1323,2026-08-01
P0158,企微1v1,限时秒杀 免费麦辣鸡腿堡 仅剩4份,快来领取优惠券 新人立减5元 免费配送,43338,3377,2026-08-01
P0158,APP Push,限时秒杀 免费麦辣鸡腿堡 仅剩28份,快来领取优惠券 新人立减5元 免费配送,40526,4403,2026-08-01
P0158,APP Push,限时秒杀 免费麦辣鸡腿堡 仅剩51份,快来领取优惠券 新人立减5元 免费配送,4818,4641,2026-08-01
P0158,短信,限时秒杀 免费麦辣鸡腿堡 仅剩4份,快来领取优惠券 新人立减5元 免费配送,12106,4260,2026-08-01
P0158,企微1v1,限时秒杀 免费麦辣鸡腿堡 仅剩40份,快来领取优惠券 新人立减5元 免费配送,20080,4605,2026-08-01
P0158,短信,限时秒杀 免费麦辣鸡腿堡 仅剩62份,快来领取优惠券 新人立减5元 免费配送,8710,4877,2026-08-01
P0158,APP Push,限时秒杀 免费麦辣鸡腿堡 仅剩4份,快来领取优惠券 新人立减5元 免费配送,13913,2932,2026-08-01
P0158,APP Push,限时秒杀 免费麦辣鸡腿堡 仅剩24份,快来领取优惠券 新人立减5元 免费配送,35374,4786,2026-08-01
P0158,短信,限时秒杀 免费麦辣鸡腿堡 仅剩58份,快来领取优惠券 新人立减5元 免费配送,40128,702,2026-08-01
P0158,短信,限时秒杀 免费麦辣鸡腿堡 仅剩67份,快来领取优惠券 新人立减5元 免费配送,22005,2716,2026-08-01
P0158,短信,限时秒杀 免费麦辣鸡腿堡 仅剩92份,快来领取优惠券 新人立减5元 免费配送,44099,3031,2026-08-01
P0158,企微1v1,限时秒杀 免费麦辣鸡腿堡 仅剩88份,快来领取优惠券 新人立减5元 免费配送,18800,3114,2026-08-01
P0158,企微1v1,限时秒杀 免费麦辣鸡腿堡 仅剩72份,快来领取优惠券 新人立减5元 免费配送,14377,3673,2026-08-01
P0158,APP Push,限时秒杀 免费麦辣鸡腿堡 仅剩43份,快来领取优惠券 新人立减5元 免费配送,24943,3512,2026-08-01
P0158,APP Push,限时秒杀 免费麦辣鸡腿堡 仅剩84份,快来领取优惠券 新人立减5元 免费配送,43493,1711,2026-08-01
P0159,APP Push,限时秒杀 免费麦辣鸡腿堡 仅剩83份,快来领取优惠券 新人立减5元 免费配送,32573,4580,2026-08-01
P0159,短信,限时秒杀 免费麦辣鸡腿堡 仅剩58份,快来领取优惠券 新人立减5元 免费配送,20766,4707,2026-08-01
P0159,企微1v1,限时秒杀 免费麦辣鸡腿堡 仅剩70份,快来领取优惠券 新人立减5元 免费配送,12451,399,2026-08-01
P0159,APP Push,限时秒杀 免费麦辣鸡腿堡 仅剩91份,快来领取优惠券 新人立减5元 免费配送,19773,2857,2026-08-01
P0159,APP Push,限时秒杀 免费麦辣鸡腿堡 仅剩59份,快来领取优惠券 新人立减5元 免费配送,9932,3611,2026-08-01
P0159,短信,限时秒杀 免费麦辣鸡腿堡 仅剩12份,快来领取优惠券 新人立减5元 免费配送,13623,656,2026-08-01
P0159,短信,限时秒杀 免费麦辣鸡腿堡 仅剩23份,快来领取优惠券 新人立减5元 免费配送,5662,2295,2026-08-01
P0159,企微1v1,限时秒杀 免费麦辣鸡腿堡 仅剩99份,快来领取优惠券 新人立减5元 免费配送,48848,1808,2026-08-01
P0159,短信,限时秒杀 免费麦辣鸡腿堡 仅剩68份,快来领取优惠券 新人立减5元 免费配送,6426,2779,2026-08-01
P0159,APP Push,限时秒杀 免费麦辣鸡腿堡 仅剩86份,快来领取优惠券 新人立减5元 免费配送,1534,4868,2026-08-01
P0159,APP Push,限时秒杀 免费麦辣鸡腿堡 仅剩20份,快来领取优惠券 新人立减5元 免费配送,2022,1146,2026-08-01
P0159,APP Push,限时秒杀 免费麦辣鸡腿堡 仅剩24份,快来领取优惠券 新人立减5元 免费配送,20160,1632,2026-08-01
P0159,APP Push,限时秒杀 免费麦辣鸡腿堡 仅剩74份,快来领取优惠券 新人立减5元 免费配送,40855,433,2026-08-01
P0159,短信,限时秒杀 免费麦辣鸡腿堡 仅剩23份,快来领取优惠券 新人立减5元 免费配送,22388,2775,2026-08-01
P0159,企微1v1,限时秒杀 免费麦辣鸡腿堡 仅剩66份,快来领取优惠券 新人立减5元 免费配送,39727,4334,2026-08-01
P0159,APP Push,限时秒杀 免费麦辣鸡腿堡 仅剩97份,快来领取优惠券 新人立减5元 免费配送,43104,4749,2026-08-01
P0159,企微1v1,限时秒杀 免费麦辣鸡腿堡 仅剩67份,快来领取优惠券 新人立减5元 免费配送,20179,1286,2026-08-01
P0159,企微1v1,限时秒杀 免费麦辣鸡腿堡 仅剩86份,快来领取优惠券 新人立减5元 免费配送,30929,1061,2026-08-01
P0159,APP Push,限时秒杀 免费麦辣鸡腿堡 仅剩34份,快来领取优惠券 新人立减5元 免费配送,11308,3113,2026-08-01
P0159,企微1v1,限时秒杀 免费麦辣鸡腿堡 仅剩40份,快来领取优惠券 新人立减5元 免费配送,16707,459,2026-08-01
P0160,企微1v1,限时秒杀 免费麦辣鸡腿堡 仅剩50份,快来领取优惠券 新人立减5元 免费配送,49084,171,2026-08-01
P0160,企微1v1,限时秒杀 免费麦辣鸡腿堡 仅剩25份,快来领取优惠券 新人立减5元 免费配送,34175,838,2026-08-01
P0160,短信,限时秒杀 免费麦辣鸡腿堡 仅剩32份,快来领取优惠券 新人立减5元 免费配送,24019,2014,2026-08-01
P0160,APP Push,限时秒杀 免费麦辣鸡腿堡 仅剩34份,快来领取优惠券 新人立减5元 免费配送,6909,2858,2026-08-01
P0160,APP Push,限时秒杀 免费麦辣鸡腿堡 仅剩75份,快来领取优惠券 新人立减5元 免费配送,43213,4956,2026-08-01
P0160,APP Push,限时秒杀 免费麦辣鸡腿堡 仅剩13份,快来领取优惠券 新人立减5元 免费配送,5886,4685,2026-08-01
P0160,APP Push,限时秒杀 免费麦辣鸡腿堡 仅剩74份,快来领取优惠券 新人立减5元 免费配送,15091,3368,2026-08-01
P0160,APP Push,限时秒杀 免费麦辣鸡腿堡 仅剩71份,快来领取优惠券 新人立减5元 免费配送,24634,965,2026-08-01
P0160,APP Push,限时秒杀 免费麦辣鸡腿堡 仅剩79份,快来领取优惠券 新人立减5元 免费配送,34781,2816,2026-08-01
P0160,短信,限时秒杀 免费麦辣鸡腿堡 仅剩43份,快来领取优惠券 新人立减5元 免费配送,40082,3578,2026-08-01
P0160,短信,限时秒杀 免费麦辣鸡腿堡 仅剩50份,快来领取优惠券 新人立减5元 免费配送,16030,3923,2026-08-01
P0160,APP Push,限时秒杀 免费麦辣鸡腿堡 仅剩9份,快来领取优惠券 新人立减5元 免费配送,49458,734,2026-08-01
P0160,APP Push,限时秒杀 免费麦辣鸡腿堡 仅剩57份,快来领取优惠券 新人立减5元 免费配送,40285,2925,2026-08-01
P0160,短信,限时秒杀 免费麦辣鸡腿堡 仅剩16份,快来领取优惠券 新人立减5元 免费配送,44673,2429,2026-08-01
P0160,APP Push,限时秒杀 免费麦辣鸡腿堡 仅剩87份,快来领取优惠券 新人立减5元 免费配送,5937,1285,2026-08-01
P0160,短信,限时秒杀 免费麦辣鸡腿堡 仅剩25份,快来领取优惠券 新人立减5元 免费配送,15623,4460,2026-08-01
P0160,APP Push,限时秒杀 免费麦辣鸡腿堡 仅剩83份,快来领取优惠券 新人立减5元 免费配送,32992,1062,2026-08-01
P0160,APP Push,限时秒杀 免费麦辣鸡腿堡 仅剩26份,快来领取优惠券 新人立减5元 免费配送,30756,2107,2026-08-01
P0160,短信,限时秒杀 免费麦辣鸡腿堡 仅剩19份,快来领取优惠券 新人立减5元 免费配送,49747,1882,2026-08-01
P0160,短信,限时秒杀 免费麦辣鸡腿堡 仅剩32份,快来领取优惠券 新人立减5元 免费配送,13779,1510,2026-08-01
P0161,APP Push,限时秒杀 免费麦辣鸡腿堡 仅剩11份,快来领取优惠券 新人立减5元 免费配送,16374,1393,2026-08-01
P0161,企微1v1,限时秒杀 免费麦辣鸡腿堡 仅剩15份,快来领取优惠券 新人立减5元 免费配送,44877,4485,2026-08-01
P0161,企微1v1,限时秒杀 免费麦辣鸡腿堡 仅剩59份,快来领取优惠券 新人立减5元 免费配送,24372,1305,2026-08-01
P0161,APP Push,限时秒杀 免费麦辣鸡腿堡 仅剩22份,快来领取优惠券 新人立减5元 免费配送,17424,2226,2026-08-01
P0161,短信,限时秒杀 免费麦辣鸡腿堡 仅剩80份,快来领取优惠券 新人立减5元 免费配送,20419,4560,2026-08-01
P0161,企微1v1,限时秒杀 免费麦辣鸡腿堡 仅剩30份,快来领取优惠券 新人立减5元 免费配送,10682,1573,2026-08-01
P0161,APP Push,限时秒杀 免费麦辣鸡腿堡 仅剩8份,快来领取优惠券 新人立减5元 免费配送,30620,1501,2026-08-01
P0161,企微1v1,限时秒杀 免费麦辣鸡腿堡 仅剩85份,快来领取优惠券 新人立减5元 免费配送,43810,1137,2026-08-01
P0161,APP Push,限时秒杀 免费麦辣鸡腿堡 仅剩43份,快来领取优惠券 新人立减5元 免费配送,25292,3679,2026-08-01
P0161,APP Push,限时秒杀 免费麦辣鸡腿堡 仅剩11份,快来领取优惠券 新人立减5元 免费配送,18544,1673,2026-08-01
P0161,APP Push,限时秒杀 免费麦辣鸡腿堡 仅剩71份,快来领取优惠券 新人立减5元 免费配送,33295,687,2026-08-01
P0161,企微1v1,限时秒杀 免费麦辣鸡腿堡 仅剩74份,快来领取优惠券 新人立减5元 免费配送,31556,2524,2026-08-01
P0161,APP Push,限时秒杀 免费麦辣鸡腿堡 仅剩51份,快来领取优惠券 新人立减5元 免费配送,24375,324,2026-08-01
P0161,企微1v1,限时秒杀 免费麦辣鸡腿堡 仅剩29份,快来领取优惠券 新人立减5元 免费配送,14190,783,2026-08-01
P0161,APP Push,限时秒杀 免费麦辣鸡腿堡 仅剩20份,快来领取优惠券 新人立减5元 免费配送,26208,3787,2026-08-01
P0161,APP Push,限时秒杀 免费麦辣鸡腿堡 仅剩10份,快来领取优惠券 新人立减5元 免费配送,40163,3215,2026-08-01
P0161,企微1v1,限时秒杀 免费麦辣鸡腿堡 仅剩76份,快来领取优惠券 新人立减5元 免费配送,37058,2241,2026-08-01
P0161,短信,限时秒杀 免费麦辣鸡腿堡 仅剩76份,快来领取优惠券 新人立减5元 免费配送,48804,4547,2026-08-01
P0161,企微1v1,限时秒杀 免费麦辣鸡腿堡 仅剩56份,快来领取优惠券 新人立减5元 免费配送,48919,4131,2026-08-01
P0161,短信,限时秒杀 免费麦辣鸡腿堡 仅剩74份,快来领取优惠券 新人立减5元 免费配送,43727,1520,2026-08-01
P0162,短信,限时秒杀 免费麦辣鸡腿堡 仅剩30份,快来领取优惠券 新人立减5元 免费配送,32158,556,2026-08-01
P0162,APP Push,限时秒杀 免费麦辣鸡腿堡 仅剩89份,快来领取优惠券 新人立减5元 免费配送,40420,2695,2026-08-01
P0162,短信,限时秒杀 免费麦辣鸡腿堡 仅剩22份,快来领取优惠券 新人立减5元 免费配送,9021,3628,2026-08-01
P0162,APP Push,限时秒杀 免费麦辣鸡腿堡 仅剩62份,快来领取优惠券 新人立减5元 免费配送,11170,3355,2026-08-01
P0162,APP Push,限时秒杀 免费麦辣鸡腿堡 仅剩82份,快来领取优惠券 新人立减5元 免费配送,4428,4404,2026-08-01
P0162,APP Push,限时秒杀 免费麦辣鸡腿堡 仅剩65份,快来领取优惠券 新人立减5元 免费配送,12863,741,2026-08-01
P0162,短信,限时秒杀 免费麦辣鸡腿堡 仅剩53份,快来领取优惠券 新人立减5元 免费配送,46108,1551,2026-08-01
P0162,APP Push,限时秒杀 免费麦辣鸡腿堡 仅剩43份,快来领取优惠券 新人立减5元 免费配送,18925,3006,2026-08-01
P0162,企微1v1,限时秒杀 免费麦辣鸡腿堡 仅剩30份,快来领取优惠券 新人立减5元 免费配送,19887,1513,2026-08-01
P0162,短信,限时秒杀 免费麦辣鸡腿堡 仅剩73份,快来领取优惠券 新人立减5元 免费配送,40802,3557,2026-08-01
P0162,APP Push,限时秒杀 免费麦辣鸡腿堡 仅剩90份,快来领取优惠券 新人立减5元 免费配送,17056,1546,2026-08-01
P0162,APP Push,限时秒杀 免费麦辣鸡腿堡 仅剩68份,快来领取优惠券 新人立减5元 免费配送,21705,2496,2026-08-01
P0162,APP Push,限时秒杀 免费麦辣鸡腿堡 仅剩87份,快来领取优惠券 新人立减5元 免费配送,40937,3474,2026-08-01
P0162,APP Push,限时秒杀 免费麦辣鸡腿堡 仅剩37份,快来领取优惠券 新人立减5元 免费配送,22339,4991,2026-08-01
P0162,企微1v1,限时秒杀 免费麦辣鸡腿堡 仅剩24份,快来领取优惠券 新人立减5元 免费配送,41493,2137,2026-08-01
P0162,短信,限时秒杀 免费麦辣鸡腿堡 仅剩3份,快来领取优惠券 新人立减5元 免费配送,6279,4663,2026-08-01
P0162,短信,限时秒杀 免费麦辣鸡腿堡 仅剩69份,快来领取优惠券 新人立减5元 免费配送,47608,3617,2026-08-01
P0162,APP Push,限时秒杀 免费麦辣鸡腿堡 仅剩36份,快来领取优惠券 新人立减5元 免费配送,46200,2787,2026-08-01
P0162,APP Push,限时秒杀 免费麦辣鸡腿堡 仅剩3份,快来领取优惠券 新人立减5元 免费配送,32273,3318,2026-08-01
P0162,短信,限时秒杀 免费麦辣鸡腿堡 仅剩93份,快来领取优惠券 新人立减5元 免费配送,27266,1907,2026-08-01
P0163,企微1v1,限时秒杀 免费麦辣鸡腿堡 仅剩92份,快来领取优惠券 新人立减5元 免费配送,41001,3139,2026-08-01
P0163,APP Push,限时秒杀 免费麦辣鸡腿堡 仅剩54份,快来领取优惠券 新人立减5元 免费配送,20808,3105,2026-08-01
P0163,企微1v1,限时秒杀 免费麦辣鸡腿堡 仅剩10份,快来领取优惠券 新人立减5元 免费配送,25520,1414,2026-08-01
P0163,短信,限时秒杀 免费麦辣鸡腿堡 仅剩10份,快来领取优惠券 新人立减5元 免费配送,43468,3075,2026-08-01
P0163,短信,限时秒杀 免费麦辣鸡腿堡 仅剩67份,快来领取优惠券 新人立减5元 免费配送,16080,3205,2026-08-01
P0163,APP Push,限时秒杀 免费麦辣鸡腿堡 仅剩14份,快来领取优惠券 新人立减5元 免费配送,47655,1886,2026-08-01
P0163,APP Push,限时秒杀 免费麦辣鸡腿堡 仅剩49份,快来领取优惠券 新人立减5元 免费配送,11751,1849,2026-08-01
P0163,APP Push,限时秒杀 免费麦辣鸡腿堡 仅剩63份,快来领取优惠券 新人立减5元 免费配送,46976,2054,2026-08-01
P0163,APP Push,限时秒杀 免费麦辣鸡腿堡 仅剩51份,快来领取优惠券 新人立减5元 免费配送,12966,160,2026-08-01
P0163,企微1v1,限时秒杀 免费麦辣鸡腿堡 仅剩65份,快来领取优惠券 新人立减5元 免费配送,4612,305,2026-08-01
P0163,APP Push,限时秒杀 免费麦辣鸡腿堡 仅剩61份,快来领取优惠券 新人立减5元 免费配送,48713,1530,2026-08-01
P0163,短信,限时秒杀 免费麦辣鸡腿堡 仅剩74份,快来领取优惠券 新人立减5元 免费配送,46520,3905,2026-08-01
P0163,APP Push,限时秒杀 免费麦辣鸡腿堡 仅剩24份,快来领取优惠券 新人立减5元 免费配送,17912,3972,2026-08-01
P0163,短信,限时秒杀 免费麦辣鸡腿堡 仅剩35份,快来领取优惠券 新人立减5元 免费配送,35401,1830,2026-08-01
P0163,企微1v1,限时秒杀 免费麦辣鸡腿堡 仅剩79份,快来领取优惠券 新人立减5元 免费配送,28302,4298,2026-08-01
P0163,APP Push,限时秒杀 免费麦辣鸡腿堡 仅剩12份,快来领取优惠券 新人立减5元 免费配送,48607,4737,2026-08-01
P0163,短信,限时秒杀 免费麦辣鸡腿堡 仅剩11份,快来领取优惠券 新人立减5元 免费配送,28919,3140,2026-08-01
P0163,短信,限时秒杀 免费麦辣鸡腿堡 仅剩67份,快来领取优惠券 新人立减5元 免费配送,15908,574,2026-08-01
P0163,APP Push,限时秒杀 免费麦辣鸡腿堡 仅剩57份,快来领取优惠券 新人立减5元 免费配送,26377,3949,2026-08-01
P0163,短信,限时秒杀 免费麦辣鸡腿堡 仅剩39份,快来领取优惠券 新人立减5元 免费配送,41094,2540,2026-08-01
P0164,短信,限时秒杀 免费麦辣鸡腿堡 仅剩23份,快来领取优惠券 新人立减5元 免费配送,9365,375,2026-08-01
P0164,短信,限时秒杀 免费麦辣鸡腿堡 仅剩20份,快来领取优惠券 新人立减5元 免费配送,46666,1408,2026-08-01
P0164,企微1v1,限时秒杀 免费麦辣鸡腿堡 仅剩6份,快来领取优惠券 新人立减5元 免费配送,22402,4753,2026-08-01
P0164,企微1v1,限时秒杀 免费麦辣鸡腿堡 仅剩55份,快来领取优惠券 新人立减5元 免费配送,11637,399,2026-08-01
P0164,APP Push,限时秒杀 免费麦辣鸡腿堡 仅剩56份,快来领取优惠券 新人立减5元 免费配送,5375,2809,2026-08-01
P0164,短信,限时秒杀 免费麦辣鸡腿堡 仅剩61份,快来领取优惠券 新人立减5元 免费配送,37950,2888,2026-08-01
P0164,短信,限时秒杀 免费麦辣鸡腿堡 仅剩89份,快来领取优惠券 新人立减5元 免费配送,11599,1271,2026-08-01
P0164,APP Push,限时秒杀 免费麦辣鸡腿堡 仅剩63份,快来领取优惠券 新人立减5元 免费配送,12849,2020,2026-08-01
P0164,APP Push,限时秒杀 免费麦辣鸡腿堡 仅剩89份,快来领取优惠券 新人立减5元 免费配送,21758,1715,2026-08-01
P0164,企微1v1,限时秒杀 免费麦辣鸡腿堡 仅剩70份,快来领取优惠券 新人立减5元 免费配送,38612,4206,2026-08-01
P0164,企微1v1,限时秒杀 免费麦辣鸡腿堡 仅剩90份,快来领取优惠券 新人立减5元 免费配送,40716,1681,2026-08-01
P0164,APP Push,限时秒杀 免费麦辣鸡腿堡 仅剩27份,快来领取优惠券 新人立减5元 免费配送,18405,1809,2026-08-01
P0164,APP Push,限时秒杀 免费麦辣鸡腿堡 仅剩70份,快来领取优惠券 新人立减5元 免费配送,1146,2231,2026-08-01
P0164,APP Push,限时秒杀 免费麦辣鸡腿堡 仅剩62份,快来领取优惠券 新人立减5元 免费配送,29291,4973,2026-08-01
P0164,短信,限时秒杀 免费麦辣鸡腿堡 仅剩42份,快来领取优惠券 新人立减5元 免费配送,34712,1714,2026-08-01
P0164,APP Push,限时秒杀 免费麦辣鸡腿堡 仅剩65份,快来领取优惠券 新人立减5元 免费配送,47192,2241,2026-08-01
P0164,企微1v1,限时秒杀 免费麦辣鸡腿堡 仅剩14份,快来领取优惠券 新人立减5元 免费配送,20684,3360,2026-08-01
P0164,APP Push,限时秒杀 免费麦辣鸡腿堡 仅剩67份,快来领取优惠券 新人立减5元 免费配送,26611,758,2026-08-01
P0164,APP Push,限时秒杀 免费麦辣鸡腿堡 仅剩32份,快来领取优惠券 新人立减5元 免费配送,16089,1368,2026-08-01
P0164,企微1v1,限时秒杀 免费麦辣鸡腿堡 仅剩67份,快来领取优惠券 新人立减5元 免费配送,25981,1999,2026-08-01
P0165,企微1v1,限时秒杀 免费麦辣鸡腿堡 仅剩55份,快来领取优惠券 新人立减5元 免费配送,21935,2981,2026-08-01
P0165,APP Push,限时秒杀 免费麦辣鸡腿堡 仅剩84份,快来领取优惠券 新人立减5元 免费配送,19639,2498,2026-08-01
P0165,企微1v1,限时秒杀 免费麦辣鸡腿堡 仅剩21份,快来领取优惠券 新人立减5元 免费配送,2842,626,2026-08-01
P0165,企微1v1,限时秒杀 免费麦辣鸡腿堡 仅剩58份,快来领取优惠券 新人立减5元 免费配送,15523,2020,2026-08-01
P0165,企微1v1,限时秒杀 免费麦辣鸡腿堡 仅剩73份,快来领取优惠券 新人立减5元 免费配送,8920,1319,2026-08-01
P0165,企微1v1,限时秒杀 免费麦辣鸡腿堡 仅剩23份,快来领取优惠券 新人立减5元 免费配送,24712,4899,2026-08-01
P0165,APP Push,限时秒杀 免费麦辣鸡腿堡 仅剩52份,快来领取优惠券 新人立减5元 免费配送,44558,2107,2026-08-01
P0165,APP Push,限时秒杀 免费麦辣鸡腿堡 仅剩64份,快来领取优惠券 新人立减5元 免费配送,3798,3608,2026-08-01
P0165,短信,限时秒杀 免费麦辣鸡腿堡 仅剩8份,快来领取优惠券 新人立减5元 免费配送,23371,4216,2026-08-01
P0165,APP Push,限时秒杀 免费麦辣鸡腿堡 仅剩97份,快来领取优惠券 新人立减5元 免费配送,25377,919,2026-08-01
P0165,企微1v1,限时秒杀 免费麦辣鸡腿堡 仅剩93份,快来领取优惠券 新人立减5元 免费配送,42738,121,2026-08-01
P0165,短信,限时秒杀 免费麦辣鸡腿堡 仅剩91份,快来领取优惠券 新人立减5元 免费配送,1556,2486,2026-08-01
P0165,企微1v1,限时秒杀 免费麦辣鸡腿堡 仅剩97份,快来领取优惠券 新人立减5元 免费配送,30854,1811,2026-08-01
P0165,APP Push,限时秒杀 免费麦辣鸡腿堡 仅剩48份,快来领取优惠券 新人立减5元 免费配送,26661,4592,2026-08-01
P0165,企微1v1,限时秒杀 免费麦辣鸡腿堡 仅剩13份,快来领取优惠券 新人立减5元 免费配送,8571,3569,2026-08-01
P0165,短信,限时秒杀 免费麦辣鸡腿堡 仅剩12份,快来领取优惠券 新人立减5元 免费配送,16041,1295,2026-08-01
P0165,短信,限时秒杀 免费麦辣鸡腿堡 仅剩49份,快来领取优惠券 新人立减5元 免费配送,42614,1878,2026-08-01
P0165,APP Push,限时秒杀 免费麦辣鸡腿堡 仅剩93份,快来领取优惠券 新人立减5元 免费配送,41902,2281,2026-08-01
P0165,APP Push,限时秒杀 免费麦辣鸡腿堡 仅剩73份,快来领取优惠券 新人立减5元 免费配送,10015,2415,2026-08-01
P0165,企微1v1,限时秒杀 免费麦辣鸡腿堡 仅剩94份,快来领取优惠券 新人立减5元 免费配送,11647,403,2026-08-01
P0166,APP Push,限时秒杀 免费麦辣鸡腿堡 仅剩49份,快来领取优惠券 新人立减5元 免费配送,17015,662,2026-08-01
P0166,APP Push,限时秒杀 免费麦辣鸡腿堡 仅剩50份,快来领取优惠券 新人立减5元 免费配送,30143,275,2026-08-01
P0166,APP Push,限时秒杀 免费麦辣鸡腿堡 仅剩96份,快来领取优惠券 新人立减5元 免费配送,25945,2257,2026-08-01
P0166,APP Push,限时秒杀 免费麦辣鸡腿堡 仅剩9份,快来领取优惠券 新人立减5元 免费配送,38462,950,2026-08-01
P0166,短信,限时秒杀 免费麦辣鸡腿堡 仅剩69份,快来领取优惠券 新人立减5元 免费配送,17766,920,2026-08-01
P0166,企微1v1,限时秒杀 免费麦辣鸡腿堡 仅剩56份,快来领取优惠券 新人立减5元 免费配送,22376,1803,2026-08-01
P0166,短信,限时秒杀 免费麦辣鸡腿堡 仅剩49份,快来领取优惠券 新人立减5元 免费配送,22586,380,2026-08-01
P0166,企微1v1,限时秒杀 免费麦辣鸡腿堡 仅剩1份,快来领取优惠券 新人立减5元 免费配送,28776,4265,2026-08-01
P0166,短信,限时秒杀 免费麦辣鸡腿堡 仅剩78份,快来领取优惠券 新人立减5元 免费配送,41777,180,2026-08-01
P0166,APP Push,限时秒杀 免费麦辣鸡腿堡 仅剩2份,快来领取优惠券 新人立减5元 免费配送,16085,2447,2026-08-01
P0166,短信,限时秒杀 免费麦辣鸡腿堡 仅剩28份,快来领取优惠券 新人立减5元 免费配送,2114,2628,2026-08-01
P0166,APP Push,限时秒杀 免费麦辣鸡腿堡 仅剩88份,快来领取优惠券 新人立减5元 免费配送,15609,3586,2026-08-01
P0166,短信,限时秒杀 免费麦辣鸡腿堡 仅剩99份,快来领取优惠券 新人立减5元 免费配送,17082,2587,2026-08-01
P0166,短信,限时秒杀 免费麦辣鸡腿堡 仅剩48份,快来领取优惠券 新人立减5元 免费配送,33497,3333,2026-08-01
P0166,短信,限时秒杀 免费麦辣鸡腿堡 仅剩86份,快来领取优惠券 新人立减5元 免费配送,42850,3044,2026-08-01
P0166,短信,限时秒杀 免费麦辣鸡腿堡 仅剩2份,快来领取优惠券 新人立减5元 免费配送,49758,329,2026-08-01
P0166,APP Push,限时秒杀 免费麦辣鸡腿堡 仅剩78份,快来领取优惠券 新人立减5元 免费配送,18593,4854,2026-08-01
P0166,企微1v1,限时秒杀 免费麦辣鸡腿堡 仅剩56份,快来领取优惠券 新人立减5元 免费配送,35267,1418,2026-08-01
P0166,企微1v1,限时秒杀 免费麦辣鸡腿堡 仅剩53份,快来领取优惠券 新人立减5元 免费配送,27156,2562,2026-08-01
P0166,短信,限时秒杀 免费麦辣鸡腿堡 仅剩34份,快来领取优惠券 新人立减5元 免费配送,2450,2260,2026-08-01
P0167,短信,限时秒杀 免费麦辣鸡腿堡 仅剩47份,快来领取优惠券 新人立减5元 免费配送,12843,2807,2026-08-01
P0167,企微1v1,限时秒杀 免费麦辣鸡腿堡 仅剩60份,快来领取优惠券 新人立减5元 免费配送,24293,3757,2026-08-01
P0167,短信,限时秒杀 免费麦辣鸡腿堡 仅剩88份,快来领取优惠券 新人立减5元 免费配送,29397,1591,2026-08-01
P0167,短信,限时秒杀 免费麦辣鸡腿堡 仅剩63份,快来领取优惠券 新人立减5元 免费配送,23776,2519,2026-08-01
P0167,APP Push,限时秒杀 免费麦辣鸡腿堡 仅剩25份,快来领取优惠券 新人立减5元 免费配送,38678,4709,2026-08-01
P0167,企微1v1,限时秒杀 免费麦辣鸡腿堡 仅剩23份,快来领取优惠券 新人立减5元 免费配送,28409,239,2026-08-01
P0167,短信,限时秒杀 免费麦辣鸡腿堡 仅剩1份,快来领取优惠券 新人立减5元 免费配送,31986,1399,2026-08-01
P0167,APP Push,限时秒杀 免费麦辣鸡腿堡 仅剩69份,快来领取优惠券 新人立减5元 免费配送,16647,3785,2026-08-01
P0167,企微1v1,限时秒杀 免费麦辣鸡腿堡 仅剩95份,快来领取优惠券 新人立减5元 免费配送,40593,3352,2026-08-01
P0167,APP Push,限时秒杀 免费麦辣鸡腿堡 仅剩89份,快来领取优惠券 新人立减5元 免费配送,27648,633,2026-08-01
P0167,短信,限时秒杀 免费麦辣鸡腿堡 仅剩3份,快来领取优惠券 新人立减5元 免费配送,36211,3052,2026-08-01
P0167,企微1v1,限时秒杀 免费麦辣鸡腿堡 仅剩67份,快来领取优惠券 新人立减5元 免费配送,34151,2805,2026-08-01
P0167,APP Push,限时秒杀 免费麦辣鸡腿堡 仅剩55份,快来领取优惠券 新人立减5元 免费配送,22520,2137,2026-08-01
P0167,短信,限时秒杀 免费麦辣鸡腿堡 仅剩11份,快来领取优惠券 新人立减5元 免费配送,29851,347,2026-08-01
P0167,短信,限时秒杀 免费麦辣鸡腿堡 仅剩13份,快来领取优惠券 新人立减5元 免费配送,42194,3121,2026-08-01
P0167,APP Push,限时秒杀 免费麦辣鸡腿堡 仅剩41份,快来领取优惠券 新人立减5元 免费配送,27476,959,2026-08-01
P0167,短信,限时秒杀 免费麦辣鸡腿堡 仅剩22份,快来领取优惠券 新人立减5元 免费配送,42599,845,2026-08-01
P0167,企微1v1,限时秒杀 免费麦辣鸡腿堡 仅剩71份,快来领取优惠券 新人立减5元 免费配送,28985,1011,2026-08-01
P0167,企微1v1,限时秒杀 免费麦辣鸡腿堡 仅剩49份,快来领取优惠券 新人立减5元 免费配送,13118,3345,2026-08-01
P0167,APP Push,限时秒杀 免费麦辣鸡腿堡 仅剩55份,快来领取优惠券 新人立减5元 免费配送,22294,4849,2026-08-01
P0168,企微1v1,限时秒杀 免费麦辣鸡腿堡 仅剩19份,快来领取优惠券 新人立减5元 免费配送,21763,1955,2026-08-01
P0168,企微1v1,限时秒杀 免费麦辣鸡腿堡 仅剩65份,快来领取优惠券 新人立减5元 免费配送,27391,1744,2026-08-01
P0168,APP Push,限时秒杀 免费麦辣鸡腿堡 仅剩25份,快来领取优惠券 新人立减5元 免费配送,21832,127,2026-08-01
P0168,企微1v1,限时秒杀 免费麦辣鸡腿堡 仅剩91份,快来领取优惠券 新人立减5元 免费配送,25726,3532,2026-08-01
P0168,短信,限时秒杀 免费麦辣鸡腿堡 仅剩51份,快来领取优惠券 新人立减5元 免费配送,34419,4093,2026-08-01
P0168,企微1v1,限时秒杀 免费麦辣鸡腿堡 仅剩17份,快来领取优惠券 新人立减5元 免费配送,30578,2770,2026-08-01
P0168,企微1v1,限时秒杀 免费麦辣鸡腿堡 仅剩21份,快来领取优惠券 新人立减5元 免费配送,45514,4790,2026-08-01
P0168,短信,限时秒杀 免费麦辣鸡腿堡 仅剩95份,快来领取优惠券 新人立减5元 免费配送,16162,1545,2026-08-01
P0168,APP Push,限时秒杀 免费麦辣鸡腿堡 仅剩49份,快来领取优惠券 新人立减5元 免费配送,12863,3975,2026-08-01
P0168,APP Push,限时秒杀 免费麦辣鸡腿堡 仅剩27份,快来领取优惠券 新人立减5元 免费配送,21048,3284,2026-08-01
P0168,APP Push,限时秒杀 免费麦辣鸡腿堡 仅剩21份,快来领取优惠券 新人立减5元 免费配送,42675,498,2026-08-01
P0168,APP Push,限时秒杀 免费麦辣鸡腿堡 仅剩26份,快来领取优惠券 新人立减5元 免费配送,8324,675,2026-08-01
P0168,企微1v1,限时秒杀 免费麦辣鸡腿堡 仅剩45份,快来领取优惠券 新人立减5元 免费配送,31652,1518,2026-08-01
P0168,短信,限时秒杀 免费麦辣鸡腿堡 仅剩11份,快来领取优惠券 新人立减5元 免费配送,29850,4796,2026-08-01
P0168,APP Push,限时秒杀 免费麦辣鸡腿堡 仅剩55份,快来领取优惠券 新人立减5元 免费配送,27428,3175,2026-08-01
P0168,APP Push,限时秒杀 免费麦辣鸡腿堡 仅剩77份,快来领取优惠券 新人立减5元 免费配送,34880,3208,2026-08-01
P0168,APP Push,限时秒杀 免费麦辣鸡腿堡 仅剩24份,快来领取优惠券 新人立减5元 免费配送,15904,4101,2026-08-01
P0168,企微1v1,限时秒杀 免费麦辣鸡腿堡 仅剩50份,快来领取优惠券 新人立减5元 免费配送,2943,2150,2026-08-01
P0168,APP Push,限时秒杀 免费麦辣鸡腿堡 仅剩53份,快来领取优惠券 新人立减5元 免费配送,48095,4516,2026-08-01
P0168,企微1v1,限时秒杀 免费麦辣鸡腿堡 仅剩23份,快来领取优惠券 新人立减5元 免费配送,8527,4472,2026-08-01
P0169,短信,限时秒杀 免费麦辣鸡腿堡 仅剩87份,快来领取优惠券 新人立减5元 免费配送,17634,3685,2026-08-01
P0169,短信,限时秒杀 免费麦辣鸡腿堡 仅剩55份,快来领取优惠券 新人立减5元 免费配送,41603,2580,2026-08-01
P0169,短信,限时秒杀 免费麦辣鸡腿堡 仅剩18份,快来领取优惠券 新人立减5元 免费配送,20298,4487,2026-08-01
P0169,企微1v1,限时秒杀 免费麦辣鸡腿堡 仅剩50份,快来领取优惠券 新人立减5元 免费配送,3024,2420,2026-08-01
P0169,短信,限时秒杀 免费麦辣鸡腿堡 仅剩5份,快来领取优惠券 新人立减5元 免费配送,39677,4287,2026-08-01
P0169,企微1v1,限时秒杀 免费麦辣鸡腿堡 仅剩30份,快来领取优惠券 新人立减5元 免费配送,4909,3930,2026-08-01
P0169,短信,限时秒杀 免费麦辣鸡腿堡 仅剩12份,快来领取优惠券 新人立减5元 免费配送,39833,4946,2026-08-01
P0169,短信,限时秒杀 免费麦辣鸡腿堡 仅剩47份,快来领取优惠券 新人立减5元 免费配送,3862,4386,2026-08-01
P0169,短信,限时秒杀 免费麦辣鸡腿堡 仅剩74份,快来领取优惠券 新人立减5元 免费配送,11377,1901,2026-08-01
P0169,APP Push,限时秒杀 免费麦辣鸡腿堡 仅剩87份,快来领取优惠券 新人立减5元 免费配送,29185,2723,2026-08-01
P0169,企微1v1,限时秒杀 免费麦辣鸡腿堡 仅剩5份,快来领取优惠券 新人立减5元 免费配送,16917,4350,2026-08-01
P0169,企微1v1,限时秒杀 免费麦辣鸡腿堡 仅剩9份,快来领取优惠券 新人立减5元 免费配送,17055,4971,2026-08-01
P0169,企微1v1,限时秒杀 免费麦辣鸡腿堡 仅剩24份,快来领取优惠券 新人立减5元 免费配送,27401,2680,2026-08-01
P0169,APP Push,限时秒杀 免费麦辣鸡腿堡 仅剩34份,快来领取优惠券 新人立减5元 免费配送,43376,2558,2026-08-01
P0169,短信,限时秒杀 免费麦辣鸡腿堡 仅剩42份,快来领取优惠券 新人立减5元 免费配送,49779,834,2026-08-01
P0169,短信,限时秒杀 免费麦辣鸡腿堡 仅剩42份,快来领取优惠券 新人立减5元 免费配送,2981,4936,2026-08-01
P0169,短信,限时秒杀 免费麦辣鸡腿堡 仅剩38份,快来领取优惠券 新人立减5元 免费配送,43775,3929,2026-08-01
P0169,企微1v1,限时秒杀 免费麦辣鸡腿堡 仅剩13份,快来领取优惠券 新人立减5元 免费配送,30496,3987,2026-08-01
P0169,APP Push,限时秒杀 免费麦辣鸡腿堡 仅剩3份,快来领取优惠券 新人立减5元 免费配送,10116,3463,2026-08-01
P0169,APP Push,限时秒杀 免费麦辣鸡腿堡 仅剩15份,快来领取优惠券 新人立减5元 免费配送,1197,2059,2026-08-01
P0170,企微1v1,限时秒杀 免费麦辣鸡腿堡 仅剩97份,快来领取优惠券 新人立减5元 免费配送,28030,4456,2026-08-01
P0170,APP Push,限时秒杀 免费麦辣鸡腿堡 仅剩45份,快来领取优惠券 新人立减5元 免费配送,49095,4438,2026-08-01
P0170,短信,限时秒杀 免费麦辣鸡腿堡 仅剩69份,快来领取优惠券 新人立减5元 免费配送,38039,4211,2026-08-01
P0170,企微1v1,限时秒杀 免费麦辣鸡腿堡 仅剩19份,快来领取优惠券 新人立减5元 免费配送,32257,596,2026-08-01
P0170,短信,限时秒杀 免费麦辣鸡腿堡 仅剩28份,快来领取优惠券 新人立减5元 免费配送,42156,3211,2026-08-01
P0170,短信,限时秒杀 免费麦辣鸡腿堡 仅剩36份,快来领取优惠券 新人立减5元 免费配送,12888,3588,2026-08-01
P0170,短信,限时秒杀 免费麦辣鸡腿堡 仅剩62份,快来领取优惠券 新人立减5元 免费配送,3079,3893,2026-08-01
P0170,企微1v1,限时秒杀 免费麦辣鸡腿堡 仅剩12份,快来领取优惠券 新人立减5元 免费配送,42222,305,2026-08-01
P0170,短信,限时秒杀 免费麦辣鸡腿堡 仅剩75份,快来领取优惠券 新人立减5元 免费配送,23988,1415,2026-08-01
P0170,企微1v1,限时秒杀 免费麦辣鸡腿堡 仅剩43份,快来领取优惠券 新人立减5元 免费配送,31410,3109,2026-08-01
P0170,APP Push,限时秒杀 免费麦辣鸡腿堡 仅剩52份,快来领取优惠券 新人立减5元 免费配送,28169,1306,2026-08-01
P0170,APP Push,限时秒杀 免费麦辣鸡腿堡 仅剩53份,快来领取优惠券 新人立减5元 免费配送,21913,564,2026-08-01
P0170,短信,限时秒杀 免费麦辣鸡腿堡 仅剩92份,快来领取优惠券 新人立减5元 免费配送,44320,4922,2026-08-01
P0170,短信,限时秒杀 免费麦辣鸡腿堡 仅剩83份,快来领取优惠券 新人立减5元 免费配送,45633,4005,2026-08-01
P0170,短信,限时秒杀 免费麦辣鸡腿堡 仅剩71份,快来领取优惠券 新人立减5元 免费配送,30585,1259,2026-08-01
P0170,APP Push,限时秒杀 免费麦辣鸡腿堡 仅剩20份,快来领取优惠券 新人立减5元 免费配送,27560,1044,2026-08-01
P0170,企微1v1,限时秒杀 免费麦辣鸡腿堡 仅剩76份,快来领取优惠券 新人立减5元 免费配送,15564,199,2026-08-01
P0170,企微1v1,限时秒杀 免费麦辣鸡腿堡 仅剩4份,快来领取优惠券 新人立减5元 免费配送,7791,4198,2026-08-01
P0170,短信,限时秒杀 免费麦辣鸡腿堡 仅剩69份,快来领取优惠券 新人立减5元 免费配送,25036,4254,2026-08-01
P0170,企微1v1,限时秒杀 免费麦辣鸡腿堡 仅剩6份,快来领取优惠券 新人立减5元 免费配送,36517,3566,2026-08-01
P0171,企微1v1,限时秒杀 免费麦辣鸡腿堡 仅剩47份,快来领取优惠券 新人立减5元 免费配送,40010,3644,2026-08-01
P0171,APP Push,限时秒杀 免费麦辣鸡腿堡 仅剩93份,快来领取优惠券 新人立减5元 免费配送,7166,1407,2026-08-01
P0171,企微1v1,限时秒杀 免费麦辣鸡腿堡 仅剩78份,快来领取优惠券 新人立减5元 免费配送,23740,3526,2026-08-01
P0171,APP Push,限时秒杀 免费麦辣鸡腿堡 仅剩56份,快来领取优惠券 新人立减5元 免费配送,8594,4654,2026-08-01
P0171,短信,限时秒杀 免费麦辣鸡腿堡 仅剩88份,快来领取优惠券 新人立减5元 免费配送,5739,2572,2026-08-01
P0171,短信,限时秒杀 免费麦辣鸡腿堡 仅剩81份,快来领取优惠券 新人立减5元 免费配送,12175,4442,2026-08-01
P0171,企微1v1,限时秒杀 免费麦辣鸡腿堡 仅剩20份,快来领取优惠券 新人立减5元 免费配送,28028,1977,2026-08-01
P0171,企微1v1,限时秒杀 免费麦辣鸡腿堡 仅剩23份,快来领取优惠券 新人立减5元 免费配送,8949,4331,2026-08-01
P0171,短信,限时秒杀 免费麦辣鸡腿堡 仅剩39份,快来领取优惠券 新人立减5元 免费配送,40665,4261,2026-08-01
P0171,短信,限时秒杀 免费麦辣鸡腿堡 仅剩5份,快来领取优惠券 新人立减5元 免费配送,27523,3605,2026-08-01
P0171,APP Push,限时秒杀 免费麦辣鸡腿堡 仅剩30份,快来领取优惠券 新人立减5元 免费配送,11442,2956,2026-08-01
P0171,APP Push,限时秒杀 免费麦辣鸡腿堡 仅剩19份,快来领取优惠券 新人立减5元 免费配送,16423,4145,2026-08-01
P0171,企微1v1,限时秒杀 免费麦辣鸡腿堡 仅剩99份,快来领取优惠券 新人立减5元 免费配送,37495,3738,2026-08-01
P0171,企微1v1,限时秒杀 免费麦辣鸡腿堡 仅剩58份,快来领取优惠券 新人立减5元 免费配送,19930,3811,2026-08-01
P0171,APP Push,限时秒杀 免费麦辣鸡腿堡 仅剩2份,快来领取优惠券 新人立减5元 免费配送,6649,4083,2026-08-01
P0171,企微1v1,限时秒杀 免费麦辣鸡腿堡 仅剩86份,快来领取优惠券 新人立减5元 免费配送,38387,2456,2026-08-01
P0171,企微1v1,限时秒杀 免费麦辣鸡腿堡 仅剩77份,快来领取优惠券 新人立减5元 免费配送,7025,3086,2026-08-01
P0171,APP Push,限时秒杀 免费麦辣鸡腿堡 仅剩81份,快来领取优惠券 新人立减5元 免费配送,15707,3390,2026-08-01
P0171,企微1v1,限时秒杀 免费麦辣鸡腿堡 仅剩56份,快来领取优惠券 新人立减5元 免费配送,23708,4968,2026-08-01
P0171,企微1v1,限时秒杀 免费麦辣鸡腿堡 仅剩8份,快来领取优惠券 新人立减5元 免费配送,30288,3738,2026-08-01
P0172,短信,限时秒杀 免费麦辣鸡腿堡 仅剩24份,快来领取优惠券 新人立减5元 免费配送,22044,2144,2026-08-01
P0172,短信,限时秒杀 免费麦辣鸡腿堡 仅剩34份,快来领取优惠券 新人立减5元 免费配送,22486,3352,2026-08-01
P0172,短信,限时秒杀 免费麦辣鸡腿堡 仅剩46份,快来领取优惠券 新人立减5元 免费配送,17570,2245,2026-08-01
P0172,企微1v1,限时秒杀 免费麦辣鸡腿堡 仅剩68份,快来领取优惠券 新人立减5元 免费配送,44524,4023,2026-08-01
P0172,短信,限时秒杀 免费麦辣鸡腿堡 仅剩89份,快来领取优惠券 新人立减5元 免费配送,23169,3537,2026-08-01
P0172,APP Push,限时秒杀 免费麦辣鸡腿堡 仅剩94份,快来领取优惠券 新人立减5元 免费配送,47094,233,2026-08-01
P0172,APP Push,限时秒杀 免费麦辣鸡腿堡 仅剩40份,快来领取优惠券 新人立减5元 免费配送,16040,1880,2026-08-01
P0172,短信,限时秒杀 免费麦辣鸡腿堡 仅剩72份,快来领取优惠券 新人立减5元 免费配送,10578,1559,2026-08-01
P0172,APP Push,限时秒杀 免费麦辣鸡腿堡 仅剩63份,快来领取优惠券 新人立减5元 免费配送,34804,2903,2026-08-01
P0172,企微1v1,限时秒杀 免费麦辣鸡腿堡 仅剩78份,快来领取优惠券 新人立减5元 免费配送,25067,3011,2026-08-01
P0172,企微1v1,限时秒杀 免费麦辣鸡腿堡 仅剩61份,快来领取优惠券 新人立减5元 免费配送,31086,2587,2026-08-01
P0172,短信,限时秒杀 免费麦辣鸡腿堡 仅剩48份,快来领取优惠券 新人立减5元 免费配送,3253,3493,2026-08-01
P0172,APP Push,限时秒杀 免费麦辣鸡腿堡 仅剩6份,快来领取优惠券 新人立减5元 免费配送,33789,2767,2026-08-01
P0172,APP Push,限时秒杀 免费麦辣鸡腿堡 仅剩71份,快来领取优惠券 新人立减5元 免费配送,44028,4289,2026-08-01
P0172,短信,限时秒杀 免费麦辣鸡腿堡 仅剩17份,快来领取优惠券 新人立减5元 免费配送,28028,3320,2026-08-01
P0172,APP Push,限时秒杀 免费麦辣鸡腿堡 仅剩51份,快来领取优惠券 新人立减5元 免费配送,45232,2593,2026-08-01
P0172,APP Push,限时秒杀 免费麦辣鸡腿堡 仅剩18份,快来领取优惠券 新人立减5元 免费配送,13405,1325,2026-08-01
P0172,短信,限时秒杀 免费麦辣鸡腿堡 仅剩25份,快来领取优惠券 新人立减5元 免费配送,27154,4491,2026-08-01
P0172,短信,限时秒杀 免费麦辣鸡腿堡 仅剩2份,快来领取优惠券 新人立减5元 免费配送,8017,2345,2026-08-01
P0172,企微1v1,限时秒杀 免费麦辣鸡腿堡 仅剩53份,快来领取优惠券 新人立减5元 免费配送,43164,2458,2026-08-01
P0173,APP Push,限时秒杀 免费麦辣鸡腿堡 仅剩21份,快来领取优惠券 新人立减5元 免费配送,10407,449,2026-08-01
P0173,企微1v1,限时秒杀 免费麦辣鸡腿堡 仅剩48份,快来领取优惠券 新人立减5元 免费配送,21277,2184,2026-08-01
P0173,APP Push,限时秒杀 免费麦辣鸡腿堡 仅剩2份,快来领取优惠券 新人立减5元 免费配送,21562,1014,2026-08-01
P0173,APP Push,限时秒杀 免费麦辣鸡腿堡 仅剩88份,快来领取优惠券 新人立减5元 免费配送,4803,1828,2026-08-01
P0173,APP Push,限时秒杀 免费麦辣鸡腿堡 仅剩29份,快来领取优惠券 新人立减5元 免费配送,27366,785,2026-08-01
P0173,企微1v1,限时秒杀 免费麦辣鸡腿堡 仅剩80份,快来领取优惠券 新人立减5元 免费配送,37660,1297,2026-08-01
P0173,企微1v1,限时秒杀 免费麦辣鸡腿堡 仅剩99份,快来领取优惠券 新人立减5元 免费配送,3477,4243,2026-08-01
P0173,APP Push,限时秒杀 免费麦辣鸡腿堡 仅剩22份,快来领取优惠券 新人立减5元 免费配送,32248,112,2026-08-01
P0173,APP Push,限时秒杀 免费麦辣鸡腿堡 仅剩44份,快来领取优惠券 新人立减5元 免费配送,22964,3676,2026-08-01
P0173,企微1v1,限时秒杀 免费麦辣鸡腿堡 仅剩88份,快来领取优惠券 新人立减5元 免费配送,46217,3834,2026-08-01
P0173,短信,限时秒杀 免费麦辣鸡腿堡 仅剩42份,快来领取优惠券 新人立减5元 免费配送,43653,2828,2026-08-01
P0173,短信,限时秒杀 免费麦辣鸡腿堡 仅剩66份,快来领取优惠券 新人立减5元 免费配送,1852,4605,2026-08-01
P0173,短信,限时秒杀 免费麦辣鸡腿堡 仅剩67份,快来领取优惠券 新人立减5元 免费配送,13423,2036,2026-08-01
P0173,企微1v1,限时秒杀 免费麦辣鸡腿堡 仅剩22份,快来领取优惠券 新人立减5元 免费配送,9473,3340,2026-08-01
P0173,APP Push,限时秒杀 免费麦辣鸡腿堡 仅剩7份,快来领取优惠券 新人立减5元 免费配送,38100,3424,2026-08-01
P0173,企微1v1,限时秒杀 免费麦辣鸡腿堡 仅剩60份,快来领取优惠券 新人立减5元 免费配送,16578,510,2026-08-01
P0173,企微1v1,限时秒杀 免费麦辣鸡腿堡 仅剩53份,快来领取优惠券 新人立减5元 免费配送,30071,566,2026-08-01
P0173,企微1v1,限时秒杀 免费麦辣鸡腿堡 仅剩28份,快来领取优惠券 新人立减5元 免费配送,27686,3533,2026-08-01
P0173,短信,限时秒杀 免费麦辣鸡腿堡 仅剩3份,快来领取优惠券 新人立减5元 免费配送,33140,1906,2026-08-01
P0173,APP Push,限时秒杀 免费麦辣鸡腿堡 仅剩83份,快来领取优惠券 新人立减5元 免费配送,43577,747,2026-08-01
P0174,APP Push,限时秒杀 免费麦辣鸡腿堡 仅剩95份,快来领取优惠券 新人立减5元 免费配送,5546,3016,2026-08-01
P0174,APP Push,限时秒杀 免费麦辣鸡腿堡 仅剩94份,快来领取优惠券 新人立减5元 免费配送,3779,745,2026-08-01
P0174,短信,限时秒杀 免费麦辣鸡腿堡 仅剩24份,快来领取优惠券 新人立减5元 免费配送,21431,1283,2026-08-01
P0174,企微1v1,限时秒杀 免费麦辣鸡腿堡 仅剩31份,快来领取优惠券 新人立减5元 免费配送,14534,1960,2026-08-01
P0174,企微1v1,限时秒杀 免费麦辣鸡腿堡 仅剩78份,快来领取优惠券 新人立减5元 免费配送,45842,3067,2026-08-01
P0174,短信,限时秒杀 免费麦辣鸡腿堡 仅剩10份,快来领取优惠券 新人立减5元 免费配送,17618,4763,2026-08-01
P0174,短信,限时秒杀 免费麦辣鸡腿堡 仅剩64份,快来领取优惠券 新人立减5元 免费配送,8344,1094,2026-08-01
P0174,APP Push,限时秒杀 免费麦辣鸡腿堡 仅剩51份,快来领取优惠券 新人立减5元 免费配送,17213,2638,2026-08-01
P0174,短信,限时秒杀 免费麦辣鸡腿堡 仅剩24份,快来领取优惠券 新人立减5元 免费配送,19300,3975,2026-08-01
P0174,企微1v1,限时秒杀 免费麦辣鸡腿堡 仅剩27份,快来领取优惠券 新人立减5元 免费配送,47623,4161,2026-08-01
P0174,短信,限时秒杀 免费麦辣鸡腿堡 仅剩86份,快来领取优惠券 新人立减5元 免费配送,29811,3224,2026-08-01
P0174,APP Push,限时秒杀 免费麦辣鸡腿堡 仅剩19份,快来领取优惠券 新人立减5元 免费配送,24935,4657,2026-08-01
P0174,短信,限时秒杀 免费麦辣鸡腿堡 仅剩36份,快来领取优惠券 新人立减5元 免费配送,7624,1922,2026-08-01
P0174,APP Push,限时秒杀 免费麦辣鸡腿堡 仅剩33份,快来领取优惠券 新人立减5元 免费配送,12932,4789,2026-08-01
P0174,企微1v1,限时秒杀 免费麦辣鸡腿堡 仅剩23份,快来领取优惠券 新人立减5元 免费配送,13839,3031,2026-08-01
P0174,企微1v1,限时秒杀 免费麦辣鸡腿堡 仅剩5份,快来领取优惠券 新人立减5元 免费配送,6438,3828,2026-08-01
P0174,短信,限时秒杀 免费麦辣鸡腿堡 仅剩96份,快来领取优惠券 新人立减5元 免费配送,4724,213,2026-08-01
P0174,APP Push,限时秒杀 免费麦辣鸡腿堡 仅剩98份,快来领取优惠券 新人立减5元 免费配送,36468,196,2026-08-01
P0174,APP Push,限时秒杀 免费麦辣鸡腿堡 仅剩17份,快来领取优惠券 新人立减5元 免费配送,39509,312,2026-08-01
P0174,企微1v1,限时秒杀 免费麦辣鸡腿堡 仅剩85份,快来领取优惠券 新人立减5元 免费配送,12207,143,2026-08-01
P0175,APP Push,限时秒杀 免费麦辣鸡腿堡 仅剩74份,快来领取优惠券 新人立减5元 免费配送,25421,1066,2026-08-01
P0175,短信,限时秒杀 免费麦辣鸡腿堡 仅剩17份,快来领取优惠券 新人立减5元 免费配送,42513,4408,2026-08-01
P0175,短信,限时秒杀 免费麦辣鸡腿堡 仅剩91份,快来领取优惠券 新人立减5元 免费配送,22996,2010,2026-08-01
P0175,APP Push,限时秒杀 免费麦辣鸡腿堡 仅剩83份,快来领取优惠券 新人立减5元 免费配送,49581,338,2026-08-01
P0175,企微1v1,限时秒杀 免费麦辣鸡腿堡 仅剩63份,快来领取优惠券 新人立减5元 免费配送,31980,571,2026-08-01
P0175,APP Push,限时秒杀 免费麦辣鸡腿堡 仅剩55份,快来领取优惠券 新人立减5元 免费配送,36660,3048,2026-08-01
P0175,短信,限时秒杀 免费麦辣鸡腿堡 仅剩53份,快来领取优惠券 新人立减5元 免费配送,42651,1537,2026-08-01
P0175,APP Push,限时秒杀 免费麦辣鸡腿堡 仅剩26份,快来领取优惠券 新人立减5元 免费配送,34944,1882,2026-08-01
P0175,企微1v1,限时秒杀 免费麦辣鸡腿堡 仅剩23份,快来领取优惠券 新人立减5元 免费配送,36358,1025,2026-08-01
P0175,APP Push,限时秒杀 免费麦辣鸡腿堡 仅剩57份,快来领取优惠券 新人立减5元 免费配送,10402,286,2026-08-01
P0175,短信,限时秒杀 免费麦辣鸡腿堡 仅剩20份,快来领取优惠券 新人立减5元 免费配送,14037,2172,2026-08-01
P0175,短信,限时秒杀 免费麦辣鸡腿堡 仅剩40份,快来领取优惠券 新人立减5元 免费配送,15474,3982,2026-08-01
P0175,短信,限时秒杀 免费麦辣鸡腿堡 仅剩95份,快来领取优惠券 新人立减5元 免费配送,22158,2417,2026-08-01
P0175,APP Push,限时秒杀 免费麦辣鸡腿堡 仅剩10份,快来领取优惠券 新人立减5元 免费配送,26541,190,2026-08-01
P0175,短信,限时秒杀 免费麦辣鸡腿堡 仅剩98份,快来领取优惠券 新人立减5元 免费配送,33170,2009,2026-08-01
P0175,APP Push,限时秒杀 免费麦辣鸡腿堡 仅剩6份,快来领取优惠券 新人立减5元 免费配送,44104,3342,2026-08-01
P0175,APP Push,限时秒杀 免费麦辣鸡腿堡 仅剩74份,快来领取优惠券 新人立减5元 免费配送,41571,4144,2026-08-01
P0175,短信,限时秒杀 免费麦辣鸡腿堡 仅剩44份,快来领取优惠券 新人立减5元 免费配送,45194,4787,2026-08-01
P0175,企微1v1,限时秒杀 免费麦辣鸡腿堡 仅剩48份,快来领取优惠券 新人立减5元 免费配送,21759,1789,2026-08-01
P0175,APP Push,限时秒杀 免费麦辣鸡腿堡 仅剩99份,快来领取优惠券 新人立减5元 免费配送,42395,268,2026-08-01
P0176,APP Push,限时秒杀 免费麦辣鸡腿堡 仅剩43份,快来领取优惠券 新人立减5元 免费配送,21495,1963,2026-08-01
P0176,短信,限时秒杀 免费麦辣鸡腿堡 仅剩60份,快来领取优惠券 新人立减5元 免费配送,23148,2807,2026-08-01
P0176,APP Push,限时秒杀 免费麦辣鸡腿堡 仅剩20份,快来领取优惠券 新人立减5元 免费配送,39675,1343,2026-08-01
P0176,短信,限时秒杀 免费麦辣鸡腿堡 仅剩43份,快来领取优惠券 新人立减5元 免费配送,15183,3188,2026-08-01
P0176,企微1v1,限时秒杀 免费麦辣鸡腿堡 仅剩55份,快来领取优惠券 新人立减5元 免费配送,24997,3139,2026-08-01
P0176,企微1v1,限时秒杀 免费麦辣鸡腿堡 仅剩1份,快来领取优惠券 新人立减5元 免费配送,1720,421,2026-08-01
P0176,企微1v1,限时秒杀 免费麦辣鸡腿堡 仅剩75份,快来领取优惠券 新人立减5元 免费配送,34530,3239,2026-08-01
P0176,短信,限时秒杀 免费麦辣鸡腿堡 仅剩84份,快来领取优惠券 新人立减5元 免费配送,34755,4609,2026-08-01
P0176,APP Push,限时秒杀 免费麦辣鸡腿堡 仅剩31份,快来领取优惠券 新人立减5元 免费配送,16439,2521,2026-08-01
P0176,APP Push,限时秒杀 免费麦辣鸡腿堡 仅剩91份,快来领取优惠券 新人立减5元 免费配送,8769,192,2026-08-01
P0176,企微1v1,限时秒杀 免费麦辣鸡腿堡 仅剩60份,快来领取优惠券 新人立减5元 免费配送,18328,3345,2026-08-01
P0176,企微1v1,限时秒杀 免费麦辣鸡腿堡 仅剩53份,快来领取优惠券 新人立减5元 免费配送,29619,3601,2026-08-01
P0176,企微1v1,限时秒杀 免费麦辣鸡腿堡 仅剩12份,快来领取优惠券 新人立减5元 免费配送,35736,478,2026-08-01
P0176,企微1v1,限时秒杀 免费麦辣鸡腿堡 仅剩34份,快来领取优惠券 新人立减5元 免费配送,7109,3565,2026-08-01
P0176,短信,限时秒杀 免费麦辣鸡腿堡 仅剩59份,快来领取优惠券 新人立减5元 免费配送,23890,4500,2026-08-01
P0176,短信,限时秒杀 免费麦辣鸡腿堡 仅剩70份,快来领取优惠券 新人立减5元 免费配送,20230,4691,2026-08-01
P0176,企微1v1,限时秒杀 免费麦辣鸡腿堡 仅剩73份,快来领取优惠券 新人立减5元 免费配送,17307,649,2026-08-01
P0176,企微1v1,限时秒杀 免费麦辣鸡腿堡 仅剩95份,快来领取优惠券 新人立减5元 免费配送,6493,2653,2026-08-01
P0176,企微1v1,限时秒杀 免费麦辣鸡腿堡 仅剩22份,快来领取优惠券 新人立减5元 免费配送,11939,2682,2026-08-01
P0176,企微1v1,限时秒杀 免费麦辣鸡腿堡 仅剩87份,快来领取优惠券 新人立减5元 免费配送,23001,2654,2026-08-01
P0177,短信,限时秒杀 免费麦辣鸡腿堡 仅剩25份,快来领取优惠券 新人立减5元 免费配送,15903,4952,2026-08-01
P0177,企微1v1,限时秒杀 免费麦辣鸡腿堡 仅剩20份,快来领取优惠券 新人立减5元 免费配送,16358,999,2026-08-01
P0177,短信,限时秒杀 免费麦辣鸡腿堡 仅剩1份,快来领取优惠券 新人立减5元 免费配送,5577,766,2026-08-01
P0177,APP Push,限时秒杀 免费麦辣鸡腿堡 仅剩23份,快来领取优惠券 新人立减5元 免费配送,33264,2244,2026-08-01
P0177,短信,限时秒杀 免费麦辣鸡腿堡 仅剩6份,快来领取优惠券 新人立减5元 免费配送,40438,1129,2026-08-01
P0177,企微1v1,限时秒杀 免费麦辣鸡腿堡 仅剩17份,快来领取优惠券 新人立减5元 免费配送,6471,2592,2026-08-01
P0177,企微1v1,限时秒杀 免费麦辣鸡腿堡 仅剩80份,快来领取优惠券 新人立减5元 免费配送,39552,4058,2026-08-01
P0177,短信,限时秒杀 免费麦辣鸡腿堡 仅剩81份,快来领取优惠券 新人立减5元 免费配送,43817,1750,2026-08-01
P0177,APP Push,限时秒杀 免费麦辣鸡腿堡 仅剩73份,快来领取优惠券 新人立减5元 免费配送,8493,3199,2026-08-01
P0177,APP Push,限时秒杀 免费麦辣鸡腿堡 仅剩35份,快来领取优惠券 新人立减5元 免费配送,10635,4570,2026-08-01
P0177,APP Push,限时秒杀 免费麦辣鸡腿堡 仅剩53份,快来领取优惠券 新人立减5元 免费配送,17083,1815,2026-08-01
P0177,短信,限时秒杀 免费麦辣鸡腿堡 仅剩14份,快来领取优惠券 新人立减5元 免费配送,42570,3879,2026-08-01
P0177,短信,限时秒杀 免费麦辣鸡腿堡 仅剩27份,快来领取优惠券 新人立减5元 免费配送,40960,1821,2026-08-01
P0177,短信,限时秒杀 免费麦辣鸡腿堡 仅剩82份,快来领取优惠券 新人立减5元 免费配送,43407,680,2026-08-01
P0177,短信,限时秒杀 免费麦辣鸡腿堡 仅剩51份,快来领取优惠券 新人立减5元 免费配送,39117,3530,2026-08-01
P0177,APP Push,限时秒杀 免费麦辣鸡腿堡 仅剩47份,快来领取优惠券 新人立减5元 免费配送,35569,640,2026-08-01
P0177,企微1v1,限时秒杀 免费麦辣鸡腿堡 仅剩4份,快来领取优惠券 新人立减5元 免费配送,11662,1148,2026-08-01
P0177,短信,限时秒杀 免费麦辣鸡腿堡 仅剩87份,快来领取优惠券 新人立减5元 免费配送,6258,288,2026-08-01
P0177,企微1v1,限时秒杀 免费麦辣鸡腿堡 仅剩64份,快来领取优惠券 新人立减5元 免费配送,48540,3518,2026-08-01
P0177,短信,限时秒杀 免费麦辣鸡腿堡 仅剩41份,快来领取优惠券 新人立减5元 免费配送,39233,1327,2026-08-01
P0178,APP Push,限时秒杀 免费麦辣鸡腿堡 仅剩12份,快来领取优惠券 新人立减5元 免费配送,40949,3293,2026-08-01
P0178,短信,限时秒杀 免费麦辣鸡腿堡 仅剩61份,快来领取优惠券 新人立减5元 免费配送,39025,2798,2026-08-01
P0178,企微1v1,限时秒杀 免费麦辣鸡腿堡 仅剩16份,快来领取优惠券 新人立减5元 免费配送,47029,4749,2026-08-01
P0178,短信,限时秒杀 免费麦辣鸡腿堡 仅剩39份,快来领取优惠券 新人立减5元 免费配送,24753,247,2026-08-01
P0178,APP Push,限时秒杀 免费麦辣鸡腿堡 仅剩16份,快来领取优惠券 新人立减5元 免费配送,2167,2275,2026-08-01
P0178,短信,限时秒杀 免费麦辣鸡腿堡 仅剩71份,快来领取优惠券 新人立减5元 免费配送,22017,1115,2026-08-01
P0178,短信,限时秒杀 免费麦辣鸡腿堡 仅剩98份,快来领取优惠券 新人立减5元 免费配送,36314,2066,2026-08-01
P0178,APP Push,限时秒杀 免费麦辣鸡腿堡 仅剩91份,快来领取优惠券 新人立减5元 免费配送,31601,3952,2026-08-01
P0178,企微1v1,限时秒杀 免费麦辣鸡腿堡 仅剩30份,快来领取优惠券 新人立减5元 免费配送,1270,4573,2026-08-01
P0178,APP Push,限时秒杀 免费麦辣鸡腿堡 仅剩37份,快来领取优惠券 新人立减5元 免费配送,23406,1941,2026-08-01
P0178,企微1v1,限时秒杀 免费麦辣鸡腿堡 仅剩52份,快来领取优惠券 新人立减5元 免费配送,9103,1743,2026-08-01
P0178,APP Push,限时秒杀 免费麦辣鸡腿堡 仅剩67份,快来领取优惠券 新人立减5元 免费配送,37590,3441,2026-08-01
P0178,短信,限时秒杀 免费麦辣鸡腿堡 仅剩9份,快来领取优惠券 新人立减5元 免费配送,27783,3820,2026-08-01
P0178,APP Push,限时秒杀 免费麦辣鸡腿堡 仅剩18份,快来领取优惠券 新人立减5元 免费配送,1408,1606,2026-08-01
P0178,短信,限时秒杀 免费麦辣鸡腿堡 仅剩15份,快来领取优惠券 新人立减5元 免费配送,44823,4198,2026-08-01
P0178,短信,限时秒杀 免费麦辣鸡腿堡 仅剩59份,快来领取优惠券 新人立减5元 免费配送,38320,2702,2026-08-01
P0178,企微1v1,限时秒杀 免费麦辣鸡腿堡 仅剩33份,快来领取优惠券 新人立减5元 免费配送,2423,1945,2026-08-01
P0178,短信,限时秒杀 免费麦辣鸡腿堡 仅剩53份,快来领取优惠券 新人立减5元 免费配送,22777,2479,2026-08-01
P0178,短信,限时秒杀 免费麦辣鸡腿堡 仅剩33份,快来领取优惠券 新人立减5元 免费配送,37313,3932,2026-08-01
P0178,短信,限时秒杀 免费麦辣鸡腿堡 仅剩32份,快来领取优惠券 新人立减5元 免费配送,29579,3667,2026-08-01
P0179,短信,限时秒杀 免费麦辣鸡腿堡 仅剩34份,快来领取优惠券 新人立减5元 免费配送,48867,3232,2026-08-01
P0179,短信,限时秒杀 免费麦辣鸡腿堡 仅剩79份,快来领取优惠券 新人立减5元 免费配送,22751,1676,2026-08-01
P0179,短信,限时秒杀 免费麦辣鸡腿堡 仅剩14份,快来领取优惠券 新人立减5元 免费配送,48338,1998,2026-08-01
P0179,企微1v1,限时秒杀 免费麦辣鸡腿堡 仅剩20份,快来领取优惠券 新人立减5元 免费配送,3777,1948,2026-08-01
P0179,APP Push,限时秒杀 免费麦辣鸡腿堡 仅剩99份,快来领取优惠券 新人立减5元 免费配送,28591,4683,2026-08-01
P0179,APP Push,限时秒杀 免费麦辣鸡腿堡 仅剩54份,快来领取优惠券 新人立减5元 免费配送,5233,190,2026-08-01
P0179,企微1v1,限时秒杀 免费麦辣鸡腿堡 仅剩52份,快来领取优惠券 新人立减5元 免费配送,32172,1454,2026-08-01
P0179,短信,限时秒杀 免费麦辣鸡腿堡 仅剩74份,快来领取优惠券 新人立减5元 免费配送,29182,1279,2026-08-01
P0179,短信,限时秒杀 免费麦辣鸡腿堡 仅剩24份,快来领取优惠券 新人立减5元 免费配送,12567,774,2026-08-01
P0179,APP Push,限时秒杀 免费麦辣鸡腿堡 仅剩7份,快来领取优惠券 新人立减5元 免费配送,34152,2295,2026-08-01
P0179,短信,限时秒杀 免费麦辣鸡腿堡 仅剩25份,快来领取优惠券 新人立减5元 免费配送,4826,2496,2026-08-01
P0179,APP Push,限时秒杀 免费麦辣鸡腿堡 仅剩76份,快来领取优惠券 新人立减5元 免费配送,46863,2336,2026-08-01
P0179,短信,限时秒杀 免费麦辣鸡腿堡 仅剩91份,快来领取优惠券 新人立减5元 免费配送,45589,259,2026-08-01
P0179,企微1v1,限时秒杀 免费麦辣鸡腿堡 仅剩87份,快来领取优惠券 新人立减5元 免费配送,12936,2648,2026-08-01
P0179,短信,限时秒杀 免费麦辣鸡腿堡 仅剩81份,快来领取优惠券 新人立减5元 免费配送,29492,4716,2026-08-01
P0179,企微1v1,限时秒杀 免费麦辣鸡腿堡 仅剩1份,快来领取优惠券 新人立减5元 免费配送,19904,1992,2026-08-01
P0179,企微1v1,限时秒杀 免费麦辣鸡腿堡 仅剩22份,快来领取优惠券 新人立减5元 免费配送,43024,3876,2026-08-01
P0179,短信,限时秒杀 免费麦辣鸡腿堡 仅剩5份,快来领取优惠券 新人立减5元 免费配送,26042,4609,2026-08-01
P0179,短信,限时秒杀 免费麦辣鸡腿堡 仅剩63份,快来领取优惠券 新人立减5元 免费配送,8263,2389,2026-08-01
P0179,企微1v1,限时秒杀 免费麦辣鸡腿堡 仅剩5份,快来领取优惠券 新人立减5元 免费配送,31775,2565,2026-08-01
P0180,短信,限时秒杀 免费麦辣鸡腿堡 仅剩78份,快来领取优惠券 新人立减5元 免费配送,43204,332,2026-08-01
P0180,APP Push,限时秒杀 免费麦辣鸡腿堡 仅剩15份,快来领取优惠券 新人立减5元 免费配送,14466,3865,2026-08-01
P0180,APP Push,限时秒杀 免费麦辣鸡腿堡 仅剩91份,快来领取优惠券 新人立减5元 免费配送,47708,1149,2026-08-01
P0180,企微1v1,限时秒杀 免费麦辣鸡腿堡 仅剩66份,快来领取优惠券 新人立减5元 免费配送,40995,3438,2026-08-01
P0180,APP Push,限时秒杀 免费麦辣鸡腿堡 仅剩23份,快来领取优惠券 新人立减5元 免费配送,18991,4160,2026-08-01
P0180,APP Push,限时秒杀 免费麦辣鸡腿堡 仅剩63份,快来领取优惠券 新人立减5元 免费配送,28666,4443,2026-08-01
P0180,企微1v1,限时秒杀 免费麦辣鸡腿堡 仅剩4份,快来领取优惠券 新人立减5元 免费配送,39409,2202,2026-08-01
P0180,APP Push,限时秒杀 免费麦辣鸡腿堡 仅剩47份,快来领取优惠券 新人立减5元 免费配送,38921,4270,2026-08-01
P0180,短信,限时秒杀 免费麦辣鸡腿堡 仅剩72份,快来领取优惠券 新人立减5元 免费配送,45559,1557,2026-08-01
P0180,短信,限时秒杀 免费麦辣鸡腿堡 仅剩50份,快来领取优惠券 新人立减5元 免费配送,12489,3715,2026-08-01
P0180,短信,限时秒杀 免费麦辣鸡腿堡 仅剩44份,快来领取优惠券 新人立减5元 免费配送,48673,3086,2026-08-01
P0180,短信,限时秒杀 免费麦辣鸡腿堡 仅剩72份,快来领取优惠券 新人立减5元 免费配送,36805,3063,2026-08-01
P0180,短信,限时秒杀 免费麦辣鸡腿堡 仅剩93份,快来领取优惠券 新人立减5元 免费配送,24589,4874,2026-08-01
P0180,企微1v1,限时秒杀 免费麦辣鸡腿堡 仅剩81份,快来领取优惠券 新人立减5元 免费配送,22160,1340,2026-08-01
P0180,短信,限时秒杀 免费麦辣鸡腿堡 仅剩98份,快来领取优惠券 新人立减5元 免费配送,48730,4719,2026-08-01
P0180,APP Push,限时秒杀 免费麦辣鸡腿堡 仅剩78份,快来领取优惠券 新人立减5元 免费配送,1023,3320,2026-08-01
P0180,APP Push,限时秒杀 免费麦辣鸡腿堡 仅剩57份,快来领取优惠券 新人立减5元 免费配送,37954,2014,2026-08-01
P0180,短信,限时秒杀 免费麦辣鸡腿堡 仅剩65份,快来领取优惠券 新人立减5元 免费配送,29598,3237,2026-08-01
P0180,企微1v1,限时秒杀 免费麦辣鸡腿堡 仅剩51份,快来领取优惠券 新人立减5元 免费配送,16915,4858,2026-08-01
P0180,企微1v1,限时秒杀 免费麦辣鸡腿堡 仅剩85份,快来领取优惠券 新人立减5元 免费配送,31688,271,2026-08-01
P0181,短信,限时秒杀 免费麦辣鸡腿堡 仅剩60份,快来领取优惠券 新人立减5元 免费配送,20852,886,2026-08-01
P0181,APP Push,限时秒杀 免费麦辣鸡腿堡 仅剩57份,快来领取优惠券 新人立减5元 免费配送,36081,3325,2026-08-01
P0181,短信,限时秒杀 免费麦辣鸡腿堡 仅剩74份,快来领取优惠券 新人立减5元 免费配送,21940,2289,2026-08-01
P0181,APP Push,限时秒杀 免费麦辣鸡腿堡 仅剩52份,快来领取优惠券 新人立减5元 免费配送,8871,4384,2026-08-01
P0181,企微1v1,限时秒杀 免费麦辣鸡腿堡 仅剩46份,快来领取优惠券 新人立减5元 免费配送,1228,3728,2026-08-01
P0181,企微1v1,限时秒杀 免费麦辣鸡腿堡 仅剩11份,快来领取优惠券 新人立减5元 免费配送,34272,4661,2026-08-01
P0181,APP Push,限时秒杀 免费麦辣鸡腿堡 仅剩35份,快来领取优惠券 新人立减5元 免费配送,38151,743,2026-08-01
P0181,短信,限时秒杀 免费麦辣鸡腿堡 仅剩72份,快来领取优惠券 新人立减5元 免费配送,32826,323,2026-08-01
P0181,短信,限时秒杀 免费麦辣鸡腿堡 仅剩72份,快来领取优惠券 新人立减5元 免费配送,15339,2011,2026-08-01
P0181,企微1v1,限时秒杀 免费麦辣鸡腿堡 仅剩57份,快来领取优惠券 新人立减5元 免费配送,36013,535,2026-08-01
P0181,APP Push,限时秒杀 免费麦辣鸡腿堡 仅剩7份,快来领取优惠券 新人立减5元 免费配送,18208,3203,2026-08-01
P0181,企微1v1,限时秒杀 免费麦辣鸡腿堡 仅剩52份,快来领取优惠券 新人立减5元 免费配送,35280,1822,2026-08-01
P0181,企微1v1,限时秒杀 免费麦辣鸡腿堡 仅剩3份,快来领取优惠券 新人立减5元 免费配送,15441,1380,2026-08-01
P0181,企微1v1,限时秒杀 免费麦辣鸡腿堡 仅剩46份,快来领取优惠券 新人立减5元 免费配送,32591,1793,2026-08-01
P0181,企微1v1,限时秒杀 免费麦辣鸡腿堡 仅剩44份,快来领取优惠券 新人立减5元 免费配送,7148,1810,2026-08-01
P0181,短信,限时秒杀 免费麦辣鸡腿堡 仅剩91份,快来领取优惠券 新人立减5元 免费配送,5093,565,2026-08-01
P0181,短信,限时秒杀 免费麦辣鸡腿堡 仅剩58份,快来领取优惠券 新人立减5元 免费配送,16032,926,2026-08-01
P0181,企微1v1,限时秒杀 免费麦辣鸡腿堡 仅剩22份,快来领取优惠券 新人立减5元 免费配送,10216,4100,2026-08-01
P0181,企微1v1,限时秒杀 免费麦辣鸡腿堡 仅剩90份,快来领取优惠券 新人立减5元 免费配送,37166,3049,2026-08-01
P0181,APP Push,限时秒杀 免费麦辣鸡腿堡 仅剩15份,快来领取优惠券 新人立减5元 免费配送,16478,3921,2026-08-01
P0182,企微1v1,限时秒杀 免费麦辣鸡腿堡 仅剩95份,快来领取优惠券 新人立减5元 免费配送,31710,3726,2026-08-01
P0182,APP Push,限时秒杀 免费麦辣鸡腿堡 仅剩50份,快来领取优惠券 新人立减5元 免费配送,8972,3769,2026-08-01
P0182,短信,限时秒杀 免费麦辣鸡腿堡 仅剩9份,快来领取优惠券 新人立减5元 免费配送,22462,3457,2026-08-01
P0182,短信,限时秒杀 免费麦辣鸡腿堡 仅剩97份,快来领取优惠券 新人立减5元 免费配送,9939,1571,2026-08-01
P0182,APP Push,限时秒杀 免费麦辣鸡腿堡 仅剩89份,快来领取优惠券 新人立减5元 免费配送,23611,3658,2026-08-01
P0182,短信,限时秒杀 免费麦辣鸡腿堡 仅剩84份,快来领取优惠券 新人立减5元 免费配送,45334,1792,2026-08-01
P0182,APP Push,限时秒杀 免费麦辣鸡腿堡 仅剩53份,快来领取优惠券 新人立减5元 免费配送,20759,3549,2026-08-01
P0182,APP Push,限时秒杀 免费麦辣鸡腿堡 仅剩82份,快来领取优惠券 新人立减5元 免费配送,2818,2054,2026-08-01
P0182,APP Push,限时秒杀 免费麦辣鸡腿堡 仅剩4份,快来领取优惠券 新人立减5元 免费配送,38784,3004,2026-08-01
P0182,企微1v1,限时秒杀 免费麦辣鸡腿堡 仅剩77份,快来领取优惠券 新人立减5元 免费配送,13343,2782,2026-08-01
P0182,APP Push,限时秒杀 免费麦辣鸡腿堡 仅剩34份,快来领取优惠券 新人立减5元 免费配送,9477,1308,2026-08-01
P0182,短信,限时秒杀 免费麦辣鸡腿堡 仅剩75份,快来领取优惠券 新人立减5元 免费配送,19732,607,2026-08-01
P0182,APP Push,限时秒杀 免费麦辣鸡腿堡 仅剩36份,快来领取优惠券 新人立减5元 免费配送,4340,2414,2026-08-01
P0182,短信,限时秒杀 免费麦辣鸡腿堡 仅剩34份,快来领取优惠券 新人立减5元 免费配送,6006,4882,2026-08-01
P0182,APP Push,限时秒杀 免费麦辣鸡腿堡 仅剩49份,快来领取优惠券 新人立减5元 免费配送,27896,4521,2026-08-01
P0182,企微1v1,限时秒杀 免费麦辣鸡腿堡 仅剩48份,快来领取优惠券 新人立减5元 免费配送,39783,2378,2026-08-01
P0182,短信,限时秒杀 免费麦辣鸡腿堡 仅剩14份,快来领取优惠券 新人立减5元 免费配送,39533,1440,2026-08-01
P0182,短信,限时秒杀 免费麦辣鸡腿堡 仅剩40份,快来领取优惠券 新人立减5元 免费配送,38946,166,2026-08-01
P0182,APP Push,限时秒杀 免费麦辣鸡腿堡 仅剩71份,快来领取优惠券 新人立减5元 免费配送,27001,4435,2026-08-01
P0182,APP Push,限时秒杀 免费麦辣鸡腿堡 仅剩55份,快来领取优惠券 新人立减5元 免费配送,11979,3513,2026-08-01
P0183,APP Push,限时秒杀 免费麦辣鸡腿堡 仅剩80份,快来领取优惠券 新人立减5元 免费配送,47413,1073,2026-08-01
P0183,短信,限时秒杀 免费麦辣鸡腿堡 仅剩57份,快来领取优惠券 新人立减5元 免费配送,24086,4520,2026-08-01
P0183,短信,限时秒杀 免费麦辣鸡腿堡 仅剩71份,快来领取优惠券 新人立减5元 免费配送,38627,2588,2026-08-01
P0183,APP Push,限时秒杀 免费麦辣鸡腿堡 仅剩82份,快来领取优惠券 新人立减5元 免费配送,2005,606,2026-08-01
P0183,短信,限时秒杀 免费麦辣鸡腿堡 仅剩78份,快来领取优惠券 新人立减5元 免费配送,40594,3396,2026-08-01
P0183,企微1v1,限时秒杀 免费麦辣鸡腿堡 仅剩42份,快来领取优惠券 新人立减5元 免费配送,49621,2217,2026-08-01
P0183,短信,限时秒杀 免费麦辣鸡腿堡 仅剩87份,快来领取优惠券 新人立减5元 免费配送,45388,3715,2026-08-01
P0183,企微1v1,限时秒杀 免费麦辣鸡腿堡 仅剩74份,快来领取优惠券 新人立减5元 免费配送,8480,2905,2026-08-01
P0183,企微1v1,限时秒杀 免费麦辣鸡腿堡 仅剩26份,快来领取优惠券 新人立减5元 免费配送,13899,3113,2026-08-01
P0183,短信,限时秒杀 免费麦辣鸡腿堡 仅剩99份,快来领取优惠券 新人立减5元 免费配送,1366,4821,2026-08-01
P0183,企微1v1,限时秒杀 免费麦辣鸡腿堡 仅剩45份,快来领取优惠券 新人立减5元 免费配送,34249,1719,2026-08-01
P0183,短信,限时秒杀 免费麦辣鸡腿堡 仅剩32份,快来领取优惠券 新人立减5元 免费配送,23604,1322,2026-08-01
P0183,短信,限时秒杀 免费麦辣鸡腿堡 仅剩91份,快来领取优惠券 新人立减5元 免费配送,35818,3211,2026-08-01
P0183,APP Push,限时秒杀 免费麦辣鸡腿堡 仅剩52份,快来领取优惠券 新人立减5元 免费配送,32758,1638,2026-08-01
P0183,企微1v1,限时秒杀 免费麦辣鸡腿堡 仅剩64份,快来领取优惠券 新人立减5元 免费配送,27865,2356,2026-08-01
P0183,APP Push,限时秒杀 免费麦辣鸡腿堡 仅剩92份,快来领取优惠券 新人立减5元 免费配送,12606,4759,2026-08-01
P0183,企微1v1,限时秒杀 免费麦辣鸡腿堡 仅剩98份,快来领取优惠券 新人立减5元 免费配送,8246,4771,2026-08-01
P0183,短信,限时秒杀 免费麦辣鸡腿堡 仅剩54份,快来领取优惠券 新人立减5元 免费配送,38494,1914,2026-08-01
P0183,APP Push,限时秒杀 免费麦辣鸡腿堡 仅剩51份,快来领取优惠券 新人立减5元 免费配送,25050,4174,2026-08-01
P0183,短信,限时秒杀 免费麦辣鸡腿堡 仅剩77份,快来领取优惠券 新人立减5元 免费配送,2918,1450,2026-08-01
P0184,企微1v1,限时秒杀 免费麦辣鸡腿堡 仅剩70份,快来领取优惠券 新人立减5元 免费配送,24083,694,2026-08-01
P0184,企微1v1,限时秒杀 免费麦辣鸡腿堡 仅剩98份,快来领取优惠券 新人立减5元 免费配送,15519,408,2026-08-01
P0184,短信,限时秒杀 免费麦辣鸡腿堡 仅剩86份,快来领取优惠券 新人立减5元 免费配送,20194,431,2026-08-01
P0184,企微1v1,限时秒杀 免费麦辣鸡腿堡 仅剩34份,快来领取优惠券 新人立减5元 免费配送,39774,3046,2026-08-01
P0184,短信,限时秒杀 免费麦辣鸡腿堡 仅剩9份,快来领取优惠券 新人立减5元 免费配送,22488,839,2026-08-01
P0184,短信,限时秒杀 免费麦辣鸡腿堡 仅剩67份,快来领取优惠券 新人立减5元 免费配送,3540,4254,2026-08-01
P0184,企微1v1,限时秒杀 免费麦辣鸡腿堡 仅剩12份,快来领取优惠券 新人立减5元 免费配送,27422,3807,2026-08-01
P0184,短信,限时秒杀 免费麦辣鸡腿堡 仅剩94份,快来领取优惠券 新人立减5元 免费配送,14912,3054,2026-08-01
P0184,短信,限时秒杀 免费麦辣鸡腿堡 仅剩4份,快来领取优惠券 新人立减5元 免费配送,34210,3328,2026-08-01
P0184,短信,限时秒杀 免费麦辣鸡腿堡 仅剩93份,快来领取优惠券 新人立减5元 免费配送,46086,3752,2026-08-01
P0184,短信,限时秒杀 免费麦辣鸡腿堡 仅剩66份,快来领取优惠券 新人立减5元 免费配送,41865,4774,2026-08-01
P0184,企微1v1,限时秒杀 免费麦辣鸡腿堡 仅剩26份,快来领取优惠券 新人立减5元 免费配送,3374,2022,2026-08-01
P0184,APP Push,限时秒杀 免费麦辣鸡腿堡 仅剩38份,快来领取优惠券 新人立减5元 免费配送,19780,4371,2026-08-01
P0184,企微1v1,限时秒杀 免费麦辣鸡腿堡 仅剩60份,快来领取优惠券 新人立减5元 免费配送,22825,3489,2026-08-01
P0184,企微1v1,限时秒杀 免费麦辣鸡腿堡 仅剩15份,快来领取优惠券 新人立减5元 免费配送,27911,3823,2026-08-01
P0184,企微1v1,限时秒杀 免费麦辣鸡腿堡 仅剩61份,快来领取优惠券 新人立减5元 免费配送,48992,1826,2026-08-01
P0184,APP Push,限时秒杀 免费麦辣鸡腿堡 仅剩73份,快来领取优惠券 新人立减5元 免费配送,18958,3414,2026-08-01
P0184,短信,限时秒杀 免费麦辣鸡腿堡 仅剩27份,快来领取优惠券 新人立减5元 免费配送,43050,3606,2026-08-01
P0184,APP Push,限时秒杀 免费麦辣鸡腿堡 仅剩41份,快来领取优惠券 新人立减5元 免费配送,27551,4004,2026-08-01
P0184,短信,限时秒杀 免费麦辣鸡腿堡 仅剩2份,快来领取优惠券 新人立减5元 免费配送,26630,3807,2026-08-01
P0185,APP Push,限时秒杀 免费麦辣鸡腿堡 仅剩2份,快来领取优惠券 新人立减5元 免费配送,44606,1466,2026-08-01
P0185,短信,限时秒杀 免费麦辣鸡腿堡 仅剩68份,快来领取优惠券 新人立减5元 免费配送,41748,4516,2026-08-01
P0185,短信,限时秒杀 免费麦辣鸡腿堡 仅剩31份,快来领取优惠券 新人立减5元 免费配送,35390,1815,2026-08-01
P0185,企微1v1,限时秒杀 免费麦辣鸡腿堡 仅剩38份,快来领取优惠券 新人立减5元 免费配送,34328,3962,2026-08-01
P0185,APP Push,限时秒杀 免费麦辣鸡腿堡 仅剩13份,快来领取优惠券 新人立减5元 免费配送,13552,4245,2026-08-01
P0185,短信,限时秒杀 免费麦辣鸡腿堡 仅剩71份,快来领取优惠券 新人立减5元 免费配送,15979,3141,2026-08-01
P0185,APP Push,限时秒杀 免费麦辣鸡腿堡 仅剩65份,快来领取优惠券 新人立减5元 免费配送,31004,4529,2026-08-01
P0185,企微1v1,限时秒杀 免费麦辣鸡腿堡 仅剩40份,快来领取优惠券 新人立减5元 免费配送,43906,1137,2026-08-01
P0185,APP Push,限时秒杀 免费麦辣鸡腿堡 仅剩39份,快来领取优惠券 新人立减5元 免费配送,37807,2247,2026-08-01
P0185,企微1v1,限时秒杀 免费麦辣鸡腿堡 仅剩52份,快来领取优惠券 新人立减5元 免费配送,8239,4057,2026-08-01
P0185,企微1v1,限时秒杀 免费麦辣鸡腿堡 仅剩78份,快来领取优惠券 新人立减5元 免费配送,48033,3564,2026-08-01
P0185,企微1v1,限时秒杀 免费麦辣鸡腿堡 仅剩73份,快来领取优惠券 新人立减5元 免费配送,38243,4312,2026-08-01
P0185,APP Push,限时秒杀 免费麦辣鸡腿堡 仅剩83份,快来领取优惠券 新人立减5元 免费配送,27291,2242,2026-08-01
P0185,APP Push,限时秒杀 免费麦辣鸡腿堡 仅剩34份,快来领取优惠券 新人立减5元 免费配送,3865,2352,2026-08-01
P0185,短信,限时秒杀 免费麦辣鸡腿堡 仅剩85份,快来领取优惠券 新人立减5元 免费配送,35235,925,2026-08-01
P0185,APP Push,限时秒杀 免费麦辣鸡腿堡 仅剩29份,快来领取优惠券 新人立减5元 免费配送,30460,1187,2026-08-01
P0185,企微1v1,限时秒杀 免费麦辣鸡腿堡 仅剩26份,快来领取优惠券 新人立减5元 免费配送,25519,3935,2026-08-01
P0185,企微1v1,限时秒杀 免费麦辣鸡腿堡 仅剩45份,快来领取优惠券 新人立减5元 免费配送,9754,4088,2026-08-01
P0185,APP Push,限时秒杀 免费麦辣鸡腿堡 仅剩37份,快来领取优惠券 新人立减5元 免费配送,10951,290,2026-08-01
P0185,短信,限时秒杀 免费麦辣鸡腿堡 仅剩36份,快来领取优惠券 新人立减5元 免费配送,25813,4464,2026-08-01
P0186,APP Push,限时秒杀 免费麦辣鸡腿堡 仅剩5份,快来领取优惠券 新人立减5元 免费配送,34794,3278,2026-08-01
P0186,企微1v1,限时秒杀 免费麦辣鸡腿堡 仅剩72份,快来领取优惠券 新人立减5元 免费配送,2238,1690,2026-08-01
P0186,企微1v1,限时秒杀 免费麦辣鸡腿堡 仅剩45份,快来领取优惠券 新人立减5元 免费配送,26488,3247,2026-08-01
P0186,企微1v1,限时秒杀 免费麦辣鸡腿堡 仅剩35份,快来领取优惠券 新人立减5元 免费配送,15620,4126,2026-08-01
P0186,企微1v1,限时秒杀 免费麦辣鸡腿堡 仅剩39份,快来领取优惠券 新人立减5元 免费配送,38815,2689,2026-08-01
P0186,APP Push,限时秒杀 免费麦辣鸡腿堡 仅剩79份,快来领取优惠券 新人立减5元 免费配送,1938,136,2026-08-01
P0186,短信,限时秒杀 免费麦辣鸡腿堡 仅剩33份,快来领取优惠券 新人立减5元 免费配送,12066,386,2026-08-01
P0186,APP Push,限时秒杀 免费麦辣鸡腿堡 仅剩99份,快来领取优惠券 新人立减5元 免费配送,25910,4772,2026-08-01
P0186,APP Push,限时秒杀 免费麦辣鸡腿堡 仅剩22份,快来领取优惠券 新人立减5元 免费配送,39903,4095,2026-08-01
P0186,APP Push,限时秒杀 免费麦辣鸡腿堡 仅剩81份,快来领取优惠券 新人立减5元 免费配送,19888,1664,2026-08-01
P0186,企微1v1,限时秒杀 免费麦辣鸡腿堡 仅剩18份,快来领取优惠券 新人立减5元 免费配送,48599,3029,2026-08-01
P0186,APP Push,限时秒杀 免费麦辣鸡腿堡 仅剩70份,快来领取优惠券 新人立减5元 免费配送,9541,1992,2026-08-01
P0186,短信,限时秒杀 免费麦辣鸡腿堡 仅剩8份,快来领取优惠券 新人立减5元 免费配送,45907,1900,2026-08-01
P0186,企微1v1,限时秒杀 免费麦辣鸡腿堡 仅剩8份,快来领取优惠券 新人立减5元 免费配送,18265,4858,2026-08-01
P0186,企微1v1,限时秒杀 免费麦辣鸡腿堡 仅剩62份,快来领取优惠券 新人立减5元 免费配送,21712,3154,2026-08-01
P0186,短信,限时秒杀 免费麦辣鸡腿堡 仅剩62份,快来领取优惠券 新人立减5元 免费配送,32184,4603,2026-08-01
P0186,APP Push,限时秒杀 免费麦辣鸡腿堡 仅剩40份,快来领取优惠券 新人立减5元 免费配送,41486,913,2026-08-01
P0186,企微1v1,限时秒杀 免费麦辣鸡腿堡 仅剩6份,快来领取优惠券 新人立减5元 免费配送,44587,1053,2026-08-01
P0186,短信,限时秒杀 免费麦辣鸡腿堡 仅剩87份,快来领取优惠券 新人立减5元 免费配送,5060,494,2026-08-01
P0186,短信,限时秒杀 免费麦辣鸡腿堡 仅剩95份,快来领取优惠券 新人立减5元 免费配送,5233,3906,2026-08-01
P0187,企微1v1,限时秒杀 免费麦辣鸡腿堡 仅剩62份,快来领取优惠券 新人立减5元 免费配送,35412,2911,2026-08-01
P0187,企微1v1,限时秒杀 免费麦辣鸡腿堡 仅剩38份,快来领取优惠券 新人立减5元 免费配送,29936,4812,2026-08-01
P0187,企微1v1,限时秒杀 免费麦辣鸡腿堡 仅剩3份,快来领取优惠券 新人立减5元 免费配送,28332,3333,2026-08-01
P0187,APP Push,限时秒杀 免费麦辣鸡腿堡 仅剩18份,快来领取优惠券 新人立减5元 免费配送,48724,4026,2026-08-01
P0187,短信,限时秒杀 免费麦辣鸡腿堡 仅剩75份,快来领取优惠券 新人立减5元 免费配送,14361,2470,2026-08-01
P0187,短信,限时秒杀 免费麦辣鸡腿堡 仅剩75份,快来领取优惠券 新人立减5元 免费配送,17654,1653,2026-08-01
P0187,企微1v1,限时秒杀 免费麦辣鸡腿堡 仅剩46份,快来领取优惠券 新人立减5元 免费配送,23871,4104,2026-08-01
P0187,企微1v1,限时秒杀 免费麦辣鸡腿堡 仅剩24份,快来领取优惠券 新人立减5元 免费配送,37633,4586,2026-08-01
P0187,APP Push,限时秒杀 免费麦辣鸡腿堡 仅剩88份,快来领取优惠券 新人立减5元 免费配送,46796,4517,2026-08-01
P0187,企微1v1,限时秒杀 免费麦辣鸡腿堡 仅剩61份,快来领取优惠券 新人立减5元 免费配送,5099,4828,2026-08-01
P0187,APP Push,限时秒杀 免费麦辣鸡腿堡 仅剩33份,快来领取优惠券 新人立减5元 免费配送,40546,3450,2026-08-01
P0187,APP Push,限时秒杀 免费麦辣鸡腿堡 仅剩16份,快来领取优惠券 新人立减5元 免费配送,29639,4812,2026-08-01
P0187,短信,限时秒杀 免费麦辣鸡腿堡 仅剩29份,快来领取优惠券 新人立减5元 免费配送,31152,4524,2026-08-01
P0187,APP Push,限时秒杀 免费麦辣鸡腿堡 仅剩75份,快来领取优惠券 新人立减5元 免费配送,17669,250,2026-08-01
P0187,短信,限时秒杀 免费麦辣鸡腿堡 仅剩96份,快来领取优惠券 新人立减5元 免费配送,20895,3443,2026-08-01
P0187,企微1v1,限时秒杀 免费麦辣鸡腿堡 仅剩45份,快来领取优惠券 新人立减5元 免费配送,21464,125,2026-08-01
P0187,APP Push,限时秒杀 免费麦辣鸡腿堡 仅剩34份,快来领取优惠券 新人立减5元 免费配送,27201,1866,2026-08-01
P0187,短信,限时秒杀 免费麦辣鸡腿堡 仅剩97份,快来领取优惠券 新人立减5元 免费配送,5498,3029,2026-08-01
P0187,APP Push,限时秒杀 免费麦辣鸡腿堡 仅剩18份,快来领取优惠券 新人立减5元 免费配送,29744,2764,2026-08-01
P0187,APP Push,限时秒杀 免费麦辣鸡腿堡 仅剩67份,快来领取优惠券 新人立减5元 免费配送,43184,4642,2026-08-01
P0188,短信,限时秒杀 免费麦辣鸡腿堡 仅剩11份,快来领取优惠券 新人立减5元 免费配送,4724,2336,2026-08-01
P0188,企微1v1,限时秒杀 免费麦辣鸡腿堡 仅剩57份,快来领取优惠券 新人立减5元 免费配送,25947,4552,2026-08-01
P0188,企微1v1,限时秒杀 免费麦辣鸡腿堡 仅剩82份,快来领取优惠券 新人立减5元 免费配送,11189,1053,2026-08-01
P0188,APP Push,限时秒杀 免费麦辣鸡腿堡 仅剩79份,快来领取优惠券 新人立减5元 免费配送,40636,3510,2026-08-01
P0188,企微1v1,限时秒杀 免费麦辣鸡腿堡 仅剩27份,快来领取优惠券 新人立减5元 免费配送,37588,2276,2026-08-01
P0188,企微1v1,限时秒杀 免费麦辣鸡腿堡 仅剩66份,快来领取优惠券 新人立减5元 免费配送,22074,4759,2026-08-01
P0188,企微1v1,限时秒杀 免费麦辣鸡腿堡 仅剩66份,快来领取优惠券 新人立减5元 免费配送,49044,1576,2026-08-01
P0188,APP Push,限时秒杀 免费麦辣鸡腿堡 仅剩59份,快来领取优惠券 新人立减5元 免费配送,20576,1925,2026-08-01
P0188,企微1v1,限时秒杀 免费麦辣鸡腿堡 仅剩27份,快来领取优惠券 新人立减5元 免费配送,32366,2735,2026-08-01
P0188,短信,限时秒杀 免费麦辣鸡腿堡 仅剩73份,快来领取优惠券 新人立减5元 免费配送,32658,439,2026-08-01
P0188,企微1v1,限时秒杀 免费麦辣鸡腿堡 仅剩91份,快来领取优惠券 新人立减5元 免费配送,39277,4122,2026-08-01
P0188,企微1v1,限时秒杀 免费麦辣鸡腿堡 仅剩33份,快来领取优惠券 新人立减5元 免费配送,41130,2574,2026-08-01
P0188,企微1v1,限时秒杀 免费麦辣鸡腿堡 仅剩74份,快来领取优惠券 新人立减5元 免费配送,43079,2754,2026-08-01
P0188,短信,限时秒杀 免费麦辣鸡腿堡 仅剩68份,快来领取优惠券 新人立减5元 免费配送,49793,955,2026-08-01
P0188,APP Push,限时秒杀 免费麦辣鸡腿堡 仅剩72份,快来领取优惠券 新人立减5元 免费配送,9919,2171,2026-08-01
P0188,短信,限时秒杀 免费麦辣鸡腿堡 仅剩94份,快来领取优惠券 新人立减5元 免费配送,31943,2334,2026-08-01
P0188,APP Push,限时秒杀 免费麦辣鸡腿堡 仅剩10份,快来领取优惠券 新人立减5元 免费配送,12804,1725,2026-08-01
P0188,短信,限时秒杀 免费麦辣鸡腿堡 仅剩43份,快来领取优惠券 新人立减5元 免费配送,12736,1875,2026-08-01
P0188,短信,限时秒杀 免费麦辣鸡腿堡 仅剩33份,快来领取优惠券 新人立减5元 免费配送,26024,1682,2026-08-01
P0188,短信,限时秒杀 免费麦辣鸡腿堡 仅剩12份,快来领取优惠券 新人立减5元 免费配送,49283,2227,2026-08-01
P0189,企微1v1,限时秒杀 免费麦辣鸡腿堡 仅剩93份,快来领取优惠券 新人立减5元 免费配送,3201,4402,2026-08-01
P0189,短信,限时秒杀 免费麦辣鸡腿堡 仅剩42份,快来领取优惠券 新人立减5元 免费配送,12321,1257,2026-08-01
P0189,短信,限时秒杀 免费麦辣鸡腿堡 仅剩69份,快来领取优惠券 新人立减5元 免费配送,43707,3832,2026-08-01
P0189,短信,限时秒杀 免费麦辣鸡腿堡 仅剩26份,快来领取优惠券 新人立减5元 免费配送,17156,3487,2026-08-01
P0189,APP Push,限时秒杀 免费麦辣鸡腿堡 仅剩24份,快来领取优惠券 新人立减5元 免费配送,11409,2161,2026-08-01
P0189,APP Push,限时秒杀 免费麦辣鸡腿堡 仅剩3份,快来领取优惠券 新人立减5元 免费配送,37146,2386,2026-08-01
P0189,企微1v1,限时秒杀 免费麦辣鸡腿堡 仅剩4份,快来领取优惠券 新人立减5元 免费配送,1559,383,2026-08-01
P0189,APP Push,限时秒杀 免费麦辣鸡腿堡 仅剩29份,快来领取优惠券 新人立减5元 免费配送,13801,605,2026-08-01
P0189,短信,限时秒杀 免费麦辣鸡腿堡 仅剩33份,快来领取优惠券 新人立减5元 免费配送,33845,4070,2026-08-01
P0189,企微1v1,限时秒杀 免费麦辣鸡腿堡 仅剩3份,快来领取优惠券 新人立减5元 免费配送,43885,4303,2026-08-01
P0189,短信,限时秒杀 免费麦辣鸡腿堡 仅剩15份,快来领取优惠券 新人立减5元 免费配送,47815,3025,2026-08-01
P0189,短信,限时秒杀 免费麦辣鸡腿堡 仅剩32份,快来领取优惠券 新人立减5元 免费配送,11242,2021,2026-08-01
P0189,APP Push,限时秒杀 免费麦辣鸡腿堡 仅剩9份,快来领取优惠券 新人立减5元 免费配送,42608,3769,2026-08-01
P0189,企微1v1,限时秒杀 免费麦辣鸡腿堡 仅剩6份,快来领取优惠券 新人立减5元 免费配送,25560,1397,2026-08-01
P0189,企微1v1,限时秒杀 免费麦辣鸡腿堡 仅剩95份,快来领取优惠券 新人立减5元 免费配送,42394,1371,2026-08-01
P0189,APP Push,限时秒杀 免费麦辣鸡腿堡 仅剩25份,快来领取优惠券 新人立减5元 免费配送,48619,4040,2026-08-01
P0189,短信,限时秒杀 免费麦辣鸡腿堡 仅剩40份,快来领取优惠券 新人立减5元 免费配送,44109,4254,2026-08-01
P0189,企微1v1,限时秒杀 免费麦辣鸡腿堡 仅剩3份,快来领取优惠券 新人立减5元 免费配送,33553,4410,2026-08-01
P0189,企微1v1,限时秒杀 免费麦辣鸡腿堡 仅剩72份,快来领取优惠券 新人立减5元 免费配送,20272,3528,2026-08-01
P0189,APP Push,限时秒杀 免费麦辣鸡腿堡 仅剩79份,快来领取优惠券 新人立减5元 免费配送,19991,746,2026-08-01
P0190,企微1v1,限时秒杀 免费麦辣鸡腿堡 仅剩39份,快来领取优惠券 新人立减5元 免费配送,2217,518,2026-08-01
P0190,APP Push,限时秒杀 免费麦辣鸡腿堡 仅剩3份,快来领取优惠券 新人立减5元 免费配送,7312,1302,2026-08-01
P0190,短信,限时秒杀 免费麦辣鸡腿堡 仅剩3份,快来领取优惠券 新人立减5元 免费配送,20393,1540,2026-08-01
P0190,APP Push,限时秒杀 免费麦辣鸡腿堡 仅剩80份,快来领取优惠券 新人立减5元 免费配送,15597,4275,2026-08-01
P0190,短信,限时秒杀 免费麦辣鸡腿堡 仅剩19份,快来领取优惠券 新人立减5元 免费配送,30920,574,2026-08-01
P0190,企微1v1,限时秒杀 免费麦辣鸡腿堡 仅剩98份,快来领取优惠券 新人立减5元 免费配送,20971,3892,2026-08-01
P0190,APP Push,限时秒杀 免费麦辣鸡腿堡 仅剩94份,快来领取优惠券 新人立减5元 免费配送,34691,2998,2026-08-01
P0190,企微1v1,限时秒杀 免费麦辣鸡腿堡 仅剩80份,快来领取优惠券 新人立减5元 免费配送,22396,4016,2026-08-01
P0190,APP Push,限时秒杀 免费麦辣鸡腿堡 仅剩82份,快来领取优惠券 新人立减5元 免费配送,16646,4739,2026-08-01
P0190,APP Push,限时秒杀 免费麦辣鸡腿堡 仅剩59份,快来领取优惠券 新人立减5元 免费配送,3690,1665,2026-08-01
P0190,企微1v1,限时秒杀 免费麦辣鸡腿堡 仅剩92份,快来领取优惠券 新人立减5元 免费配送,7437,3319,2026-08-01
P0190,短信,限时秒杀 免费麦辣鸡腿堡 仅剩45份,快来领取优惠券 新人立减5元 免费配送,35024,3416,2026-08-01
P0190,企微1v1,限时秒杀 免费麦辣鸡腿堡 仅剩74份,快来领取优惠券 新人立减5元 免费配送,25568,959,2026-08-01
P0190,短信,限时秒杀 免费麦辣鸡腿堡 仅剩72份,快来领取优惠券 新人立减5元 免费配送,44998,4416,2026-08-01
P0190,短信,限时秒杀 免费麦辣鸡腿堡 仅剩5份,快来领取优惠券 新人立减5元 免费配送,42196,831,2026-08-01
P0190,短信,限时秒杀 免费麦辣鸡腿堡 仅剩29份,快来领取优惠券 新人立减5元 免费配送,43164,4177,2026-08-01
P0190,APP Push,限时秒杀 免费麦辣鸡腿堡 仅剩54份,快来领取优惠券 新人立减5元 免费配送,40705,1786,2026-08-01
P0190,APP Push,限时秒杀 免费麦辣鸡腿堡 仅剩81份,快来领取优惠券 新人立减5元 免费配送,19112,3031,2026-08-01
P0190,APP Push,限时秒杀 免费麦辣鸡腿堡 仅剩42份,快来领取优惠券 新人立减5元 免费配送,8891,334,2026-08-01
P0190,企微1v1,限时秒杀 免费麦辣鸡腿堡 仅剩87份,快来领取优惠券 新人立减5元 免费配送,11916,4315,2026-08-01
P0191,APP Push,限时秒杀 免费麦辣鸡腿堡 仅剩42份,快来领取优惠券 新人立减5元 免费配送,21384,361,2026-08-01
P0191,APP Push,限时秒杀 免费麦辣鸡腿堡 仅剩67份,快来领取优惠券 新人立减5元 免费配送,17137,4183,2026-08-01
P0191,APP Push,限时秒杀 免费麦辣鸡腿堡 仅剩72份,快来领取优惠券 新人立减5元 免费配送,31489,2374,2026-08-01
P0191,短信,限时秒杀 免费麦辣鸡腿堡 仅剩81份,快来领取优惠券 新人立减5元 免费配送,36300,2777,2026-08-01
P0191,企微1v1,限时秒杀 免费麦辣鸡腿堡 仅剩73份,快来领取优惠券 新人立减5元 免费配送,40071,2104,2026-08-01
P0191,APP Push,限时秒杀 免费麦辣鸡腿堡 仅剩59份,快来领取优惠券 新人立减5元 免费配送,22710,3531,2026-08-01
P0191,企微1v1,限时秒杀 免费麦辣鸡腿堡 仅剩22份,快来领取优惠券 新人立减5元 免费配送,32763,4624,2026-08-01
P0191,APP Push,限时秒杀 免费麦辣鸡腿堡 仅剩31份,快来领取优惠券 新人立减5元 免费配送,22988,4346,2026-08-01
P0191,企微1v1,限时秒杀 免费麦辣鸡腿堡 仅剩48份,快来领取优惠券 新人立减5元 免费配送,48017,4949,2026-08-01
P0191,企微1v1,限时秒杀 免费麦辣鸡腿堡 仅剩44份,快来领取优惠券 新人立减5元 免费配送,47066,4564,2026-08-01
P0191,短信,限时秒杀 免费麦辣鸡腿堡 仅剩9份,快来领取优惠券 新人立减5元 免费配送,35627,4500,2026-08-01
P0191,企微1v1,限时秒杀 免费麦辣鸡腿堡 仅剩18份,快来领取优惠券 新人立减5元 免费配送,25004,2023,2026-08-01
P0191,企微1v1,限时秒杀 免费麦辣鸡腿堡 仅剩82份,快来领取优惠券 新人立减5元 免费配送,10088,2393,2026-08-01
P0191,APP Push,限时秒杀 免费麦辣鸡腿堡 仅剩19份,快来领取优惠券 新人立减5元 免费配送,22349,860,2026-08-01
P0191,企微1v1,限时秒杀 免费麦辣鸡腿堡 仅剩69份,快来领取优惠券 新人立减5元 免费配送,3758,226,2026-08-01
P0191,企微1v1,限时秒杀 免费麦辣鸡腿堡 仅剩10份,快来领取优惠券 新人立减5元 免费配送,4725,2979,2026-08-01
P0191,短信,限时秒杀 免费麦辣鸡腿堡 仅剩70份,快来领取优惠券 新人立减5元 免费配送,3395,3480,2026-08-01
P0191,短信,限时秒杀 免费麦辣鸡腿堡 仅剩70份,快来领取优惠券 新人立减5元 免费配送,35456,2287,2026-08-01
P0191,APP Push,限时秒杀 免费麦辣鸡腿堡 仅剩61份,快来领取优惠券 新人立减5元 免费配送,16038,784,2026-08-01
P0191,短信,限时秒杀 免费麦辣鸡腿堡 仅剩69份,快来领取优惠券 新人立减5元 免费配送,44496,227,2026-08-01
P0192,APP Push,限时秒杀 免费麦辣鸡腿堡 仅剩44份,快来领取优惠券 新人立减5元 免费配送,25478,1419,2026-08-01
P0192,短信,限时秒杀 免费麦辣鸡腿堡 仅剩68份,快来领取优惠券 新人立减5元 免费配送,10502,3231,2026-08-01
P0192,APP Push,限时秒杀 免费麦辣鸡腿堡 仅剩58份,快来领取优惠券 新人立减5元 免费配送,8683,4760,2026-08-01
P0192,企微1v1,限时秒杀 免费麦辣鸡腿堡 仅剩77份,快来领取优惠券 新人立减5元 免费配送,22295,590,2026-08-01
P0192,APP Push,限时秒杀 免费麦辣鸡腿堡 仅剩93份,快来领取优惠券 新人立减5元 免费配送,19510,1490,2026-08-01
P0192,短信,限时秒杀 免费麦辣鸡腿堡 仅剩25份,快来领取优惠券 新人立减5元 免费配送,17102,3420,2026-08-01
P0192,APP Push,限时秒杀 免费麦辣鸡腿堡 仅剩26份,快来领取优惠券 新人立减5元 免费配送,23527,3912,2026-08-01
P0192,APP Push,限时秒杀 免费麦辣鸡腿堡 仅剩22份,快来领取优惠券 新人立减5元 免费配送,25425,3473,2026-08-01
P0192,APP Push,限时秒杀 免费麦辣鸡腿堡 仅剩86份,快来领取优惠券 新人立减5元 免费配送,9164,4853,2026-08-01
P0192,企微1v1,限时秒杀 免费麦辣鸡腿堡 仅剩48份,快来领取优惠券 新人立减5元 免费配送,31694,4601,2026-08-01
P0192,短信,限时秒杀 免费麦辣鸡腿堡 仅剩42份,快来领取优惠券 新人立减5元 免费配送,7505,3030,2026-08-01
P0192,短信,限时秒杀 免费麦辣鸡腿堡 仅剩5份,快来领取优惠券 新人立减5元 免费配送,30903,3124,2026-08-01
P0192,企微1v1,限时秒杀 免费麦辣鸡腿堡 仅剩83份,快来领取优惠券 新人立减5元 免费配送,33910,1214,2026-08-01
P0192,企微1v1,限时秒杀 免费麦辣鸡腿堡 仅剩87份,快来领取优惠券 新人立减5元 免费配送,8765,3481,2026-08-01
P0192,APP Push,限时秒杀 免费麦辣鸡腿堡 仅剩93份,快来领取优惠券 新人立减5元 免费配送,34553,840,2026-08-01
P0192,短信,限时秒杀 免费麦辣鸡腿堡 仅剩23份,快来领取优惠券 新人立减5元 免费配送,8097,1719,2026-08-01
P0192,APP Push,限时秒杀 免费麦辣鸡腿堡 仅剩81份,快来领取优惠券 新人立减5元 免费配送,17368,4947,2026-08-01
P0192,企微1v1,限时秒杀 免费麦辣鸡腿堡 仅剩39份,快来领取优惠券 新人立减5元 免费配送,21094,126,2026-08-01
P0192,企微1v1,限时秒杀 免费麦辣鸡腿堡 仅剩8份,快来领取优惠券 新人立减5元 免费配送,13972,3838,2026-08-01
P0192,企微1v1,限时秒杀 免费麦辣鸡腿堡 仅剩4份,快来领取优惠券 新人立减5元 免费配送,6831,1220,2026-08-01
P0193,短信,限时秒杀 免费麦辣鸡腿堡 仅剩48份,快来领取优惠券 新人立减5元 免费配送,38410,3501,2026-08-01
P0193,企微1v1,限时秒杀 免费麦辣鸡腿堡 仅剩21份,快来领取优惠券 新人立减5元 免费配送,40827,4228,2026-08-01
P0193,APP Push,限时秒杀 免费麦辣鸡腿堡 仅剩41份,快来领取优惠券 新人立减5元 免费配送,22060,2592,2026-08-01
P0193,APP Push,限时秒杀 免费麦辣鸡腿堡 仅剩98份,快来领取优惠券 新人立减5元 免费配送,20147,1451,2026-08-01
P0193,短信,限时秒杀 免费麦辣鸡腿堡 仅剩70份,快来领取优惠券 新人立减5元 免费配送,47261,2928,2026-08-01
P0193,短信,限时秒杀 免费麦辣鸡腿堡 仅剩83份,快来领取优惠券 新人立减5元 免费配送,49860,1384,2026-08-01
P0193,APP Push,限时秒杀 免费麦辣鸡腿堡 仅剩83份,快来领取优惠券 新人立减5元 免费配送,33116,347,2026-08-01
P0193,企微1v1,限时秒杀 免费麦辣鸡腿堡 仅剩22份,快来领取优惠券 新人立减5元 免费配送,48385,2168,2026-08-01
P0193,企微1v1,限时秒杀 免费麦辣鸡腿堡 仅剩4份,快来领取优惠券 新人立减5元 免费配送,38138,4313,2026-08-01
P0193,短信,限时秒杀 免费麦辣鸡腿堡 仅剩53份,快来领取优惠券 新人立减5元 免费配送,5857,1489,2026-08-01
P0193,短信,限时秒杀 免费麦辣鸡腿堡 仅剩51份,快来领取优惠券 新人立减5元 免费配送,7042,1031,2026-08-01
P0193,APP Push,限时秒杀 免费麦辣鸡腿堡 仅剩84份,快来领取优惠券 新人立减5元 免费配送,28245,2249,2026-08-01
P0193,APP Push,限时秒杀 免费麦辣鸡腿堡 仅剩88份,快来领取优惠券 新人立减5元 免费配送,19205,4195,2026-08-01
P0193,短信,限时秒杀 免费麦辣鸡腿堡 仅剩93份,快来领取优惠券 新人立减5元 免费配送,12644,3368,2026-08-01
P0193,APP Push,限时秒杀 免费麦辣鸡腿堡 仅剩38份,快来领取优惠券 新人立减5元 免费配送,27112,4225,2026-08-01
P0193,APP Push,限时秒杀 免费麦辣鸡腿堡 仅剩4份,快来领取优惠券 新人立减5元 免费配送,5222,3910,2026-08-01
P0193,企微1v1,限时秒杀 免费麦辣鸡腿堡 仅剩27份,快来领取优惠券 新人立减5元 免费配送,27037,3667,2026-08-01
P0193,APP Push,限时秒杀 免费麦辣鸡腿堡 仅剩12份,快来领取优惠券 新人立减5元 免费配送,25453,4502,2026-08-01
P0193,APP Push,限时秒杀 免费麦辣鸡腿堡 仅剩65份,快来领取优惠券 新人立减5元 免费配送,15056,3152,2026-08-01
P0193,企微1v1,限时秒杀 免费麦辣鸡腿堡 仅剩29份,快来领取优惠券 新人立减5元 免费配送,33282,699,2026-08-01
P0194,APP Push,限时秒杀 免费麦辣鸡腿堡 仅剩48份,快来领取优惠券 新人立减5元 免费配送,42414,3097,2026-08-01
P0194,企微1v1,限时秒杀 免费麦辣鸡腿堡 仅剩57份,快来领取优惠券 新人立减5元 免费配送,16827,4336,2026-08-01
P0194,APP Push,限时秒杀 免费麦辣鸡腿堡 仅剩66份,快来领取优惠券 新人立减5元 免费配送,7416,3262,2026-08-01
P0194,企微1v1,限时秒杀 免费麦辣鸡腿堡 仅剩40份,快来领取优惠券 新人立减5元 免费配送,41132,3009,2026-08-01
P0194,企微1v1,限时秒杀 免费麦辣鸡腿堡 仅剩65份,快来领取优惠券 新人立减5元 免费配送,37252,1987,2026-08-01
P0194,企微1v1,限时秒杀 免费麦辣鸡腿堡 仅剩86份,快来领取优惠券 新人立减5元 免费配送,24919,3101,2026-08-01
P0194,APP Push,限时秒杀 免费麦辣鸡腿堡 仅剩11份,快来领取优惠券 新人立减5元 免费配送,24318,1144,2026-08-01
P0194,APP Push,限时秒杀 免费麦辣鸡腿堡 仅剩33份,快来领取优惠券 新人立减5元 免费配送,14240,957,2026-08-01
P0194,APP Push,限时秒杀 免费麦辣鸡腿堡 仅剩54份,快来领取优惠券 新人立减5元 免费配送,35368,2971,2026-08-01
P0194,短信,限时秒杀 免费麦辣鸡腿堡 仅剩78份,快来领取优惠券 新人立减5元 免费配送,28594,1523,2026-08-01
P0194,短信,限时秒杀 免费麦辣鸡腿堡 仅剩22份,快来领取优惠券 新人立减5元 免费配送,18668,284,2026-08-01
P0194,APP Push,限时秒杀 免费麦辣鸡腿堡 仅剩65份,快来领取优惠券 新人立减5元 免费配送,32221,188,2026-08-01
P0194,企微1v1,限时秒杀 免费麦辣鸡腿堡 仅剩12份,快来领取优惠券 新人立减5元 免费配送,37505,2033,2026-08-01
P0194,APP Push,限时秒杀 免费麦辣鸡腿堡 仅剩94份,快来领取优惠券 新人立减5元 免费配送,26441,3892,2026-08-01
P0194,APP Push,限时秒杀 免费麦辣鸡腿堡 仅剩22份,快来领取优惠券 新人立减5元 免费配送,24371,1362,2026-08-01
P0194,APP Push,限时秒杀 免费麦辣鸡腿堡 仅剩43份,快来领取优惠券 新人立减5元 免费配送,12246,3250,2026-08-01
P0194,短信,限时秒杀 免费麦辣鸡腿堡 仅剩71份,快来领取优惠券 新人立减5元 免费配送,23570,2958,2026-08-01
P0194,企微1v1,限时秒杀 免费麦辣鸡腿堡 仅剩51份,快来领取优惠券 新人立减5元 免费配送,11335,3704,2026-08-01
P0194,企微1v1,限时秒杀 免费麦辣鸡腿堡 仅剩17份,快来领取优惠券 新人立减5元 免费配送,46234,3844,2026-08-01
P0194,企微1v1,限时秒杀 免费麦辣鸡腿堡 仅剩81份,快来领取优惠券 新人立减5元 免费配送,13178,4966,2026-08-01
P0195,APP Push,限时秒杀 免费麦辣鸡腿堡 仅剩99份,快来领取优惠券 新人立减5元 免费配送,3497,3771,2026-08-01
P0195,企微1v1,限时秒杀 免费麦辣鸡腿堡 仅剩31份,快来领取优惠券 新人立减5元 免费配送,9072,182,2026-08-01
P0195,短信,限时秒杀 免费麦辣鸡腿堡 仅剩61份,快来领取优惠券 新人立减5元 免费配送,33500,1968,2026-08-01
P0195,APP Push,限时秒杀 免费麦辣鸡腿堡 仅剩79份,快来领取优惠券 新人立减5元 免费配送,9564,4762,2026-08-01
P0195,短信,限时秒杀 免费麦辣鸡腿堡 仅剩25份,快来领取优惠券 新人立减5元 免费配送,44487,2427,2026-08-01
P0195,短信,限时秒杀 免费麦辣鸡腿堡 仅剩93份,快来领取优惠券 新人立减5元 免费配送,46823,4668,2026-08-01
P0195,APP Push,限时秒杀 免费麦辣鸡腿堡 仅剩50份,快来领取优惠券 新人立减5元 免费配送,4290,4622,2026-08-01
P0195,短信,限时秒杀 免费麦辣鸡腿堡 仅剩68份,快来领取优惠券 新人立减5元 免费配送,43013,3830,2026-08-01
P0195,短信,限时秒杀 免费麦辣鸡腿堡 仅剩53份,快来领取优惠券 新人立减5元 免费配送,16438,814,2026-08-01
P0195,短信,限时秒杀 免费麦辣鸡腿堡 仅剩45份,快来领取优惠券 新人立减5元 免费配送,41204,2722,2026-08-01
P0195,APP Push,限时秒杀 免费麦辣鸡腿堡 仅剩78份,快来领取优惠券 新人立减5元 免费配送,13583,4610,2026-08-01
P0195,企微1v1,限时秒杀 免费麦辣鸡腿堡 仅剩11份,快来领取优惠券 新人立减5元 免费配送,7909,548,2026-08-01
P0195,APP Push,限时秒杀 免费麦辣鸡腿堡 仅剩72份,快来领取优惠券 新人立减5元 免费配送,37036,2723,2026-08-01
P0195,短信,限时秒杀 免费麦辣鸡腿堡 仅剩62份,快来领取优惠券 新人立减5元 免费配送,29166,3884,2026-08-01
P0195,短信,限时秒杀 免费麦辣鸡腿堡 仅剩85份,快来领取优惠券 新人立减5元 免费配送,10316,668,2026-08-01
P0195,企微1v1,限时秒杀 免费麦辣鸡腿堡 仅剩93份,快来领取优惠券 新人立减5元 免费配送,41802,2368,2026-08-01
P0195,短信,限时秒杀 免费麦辣鸡腿堡 仅剩57份,快来领取优惠券 新人立减5元 免费配送,10887,4588,2026-08-01
P0195,APP Push,限时秒杀 免费麦辣鸡腿堡 仅剩78份,快来领取优惠券 新人立减5元 免费配送,40212,2881,2026-08-01
P0195,短信,限时秒杀 免费麦辣鸡腿堡 仅剩37份,快来领取优惠券 新人立减5元 免费配送,37211,3279,2026-08-01
P0195,短信,限时秒杀 免费麦辣鸡腿堡 仅剩62份,快来领取优惠券 新人立减5元 免费配送,21768,3769,2026-08-01
P0196,短信,限时秒杀 免费麦辣鸡腿堡 仅剩74份,快来领取优惠券 新人立减5元 免费配送,30472,1517,2026-08-01
P0196,企微1v1,限时秒杀 免费麦辣鸡腿堡 仅剩54份,快来领取优惠券 新人立减5元 免费配送,39493,987,2026-08-01
P0196,企微1v1,限时秒杀 免费麦辣鸡腿堡 仅剩80份,快来领取优惠券 新人立减5元 免费配送,10110,280,2026-08-01
P0196,APP Push,限时秒杀 免费麦辣鸡腿堡 仅剩83份,快来领取优惠券 新人立减5元 免费配送,14433,1266,2026-08-01
P0196,APP Push,限时秒杀 免费麦辣鸡腿堡 仅剩87份,快来领取优惠券 新人立减5元 免费配送,45555,4652,2026-08-01
P0196,企微1v1,限时秒杀 免费麦辣鸡腿堡 仅剩66份,快来领取优惠券 新人立减5元 免费配送,25367,1607,2026-08-01
P0196,APP Push,限时秒杀 免费麦辣鸡腿堡 仅剩76份,快来领取优惠券 新人立减5元 免费配送,27789,3246,2026-08-01
P0196,企微1v1,限时秒杀 免费麦辣鸡腿堡 仅剩25份,快来领取优惠券 新人立减5元 免费配送,34348,3439,2026-08-01
P0196,短信,限时秒杀 免费麦辣鸡腿堡 仅剩13份,快来领取优惠券 新人立减5元 免费配送,13664,3114,2026-08-01
P0196,企微1v1,限时秒杀 免费麦辣鸡腿堡 仅剩74份,快来领取优惠券 新人立减5元 免费配送,42935,4551,2026-08-01
P0196,企微1v1,限时秒杀 免费麦辣鸡腿堡 仅剩92份,快来领取优惠券 新人立减5元 免费配送,1237,1775,2026-08-01
P0196,APP Push,限时秒杀 免费麦辣鸡腿堡 仅剩61份,快来领取优惠券 新人立减5元 免费配送,23131,2624,2026-08-01
P0196,企微1v1,限时秒杀 免费麦辣鸡腿堡 仅剩81份,快来领取优惠券 新人立减5元 免费配送,10873,3641,2026-08-01
P0196,企微1v1,限时秒杀 免费麦辣鸡腿堡 仅剩53份,快来领取优惠券 新人立减5元 免费配送,37072,1446,2026-08-01
P0196,APP Push,限时秒杀 免费麦辣鸡腿堡 仅剩53份,快来领取优惠券 新人立减5元 免费配送,41252,553,2026-08-01
P0196,企微1v1,限时秒杀 免费麦辣鸡腿堡 仅剩87份,快来领取优惠券 新人立减5元 免费配送,15980,2641,2026-08-01
P0196,短信,限时秒杀 免费麦辣鸡腿堡 仅剩86份,快来领取优惠券 新人立减5元 免费配送,20588,1158,2026-08-01
P0196,APP Push,限时秒杀 免费麦辣鸡腿堡 仅剩15份,快来领取优惠券 新人立减5元 免费配送,27124,1744,2026-08-01
P0196,APP Push,限时秒杀 免费麦辣鸡腿堡 仅剩99份,快来领取优惠券 新人立减5元 免费配送,28777,2397,2026-08-01
P0196,短信,限时秒杀 免费麦辣鸡腿堡 仅剩29份,快来领取优惠券 新人立减5元 免费配送,20561,4538,2026-08-01
P0197,短信,限时秒杀 免费麦辣鸡腿堡 仅剩66份,快来领取优惠券 新人立减5元 免费配送,26036,1605,2026-08-01
P0197,APP Push,限时秒杀 免费麦辣鸡腿堡 仅剩61份,快来领取优惠券 新人立减5元 免费配送,33835,4788,2026-08-01
P0197,企微1v1,限时秒杀 免费麦辣鸡腿堡 仅剩12份,快来领取优惠券 新人立减5元 免费配送,30522,1419,2026-08-01
P0197,短信,限时秒杀 免费麦辣鸡腿堡 仅剩69份,快来领取优惠券 新人立减5元 免费配送,34685,1257,2026-08-01
P0197,企微1v1,限时秒杀 免费麦辣鸡腿堡 仅剩53份,快来领取优惠券 新人立减5元 免费配送,1438,4512,2026-08-01
P0197,短信,限时秒杀 免费麦辣鸡腿堡 仅剩87份,快来领取优惠券 新人立减5元 免费配送,1596,2450,2026-08-01
P0197,企微1v1,限时秒杀 免费麦辣鸡腿堡 仅剩41份,快来领取优惠券 新人立减5元 免费配送,43964,2684,2026-08-01
P0197,APP Push,限时秒杀 免费麦辣鸡腿堡 仅剩32份,快来领取优惠券 新人立减5元 免费配送,18005,2961,2026-08-01
P0197,企微1v1,限时秒杀 免费麦辣鸡腿堡 仅剩21份,快来领取优惠券 新人立减5元 免费配送,12069,4879,2026-08-01
P0197,APP Push,限时秒杀 免费麦辣鸡腿堡 仅剩19份,快来领取优惠券 新人立减5元 免费配送,20054,4195,2026-08-01
P0197,企微1v1,限时秒杀 免费麦辣鸡腿堡 仅剩58份,快来领取优惠券 新人立减5元 免费配送,10994,517,2026-08-01
P0197,短信,限时秒杀 免费麦辣鸡腿堡 仅剩48份,快来领取优惠券 新人立减5元 免费配送,4167,2840,2026-08-01
P0197,APP Push,限时秒杀 免费麦辣鸡腿堡 仅剩27份,快来领取优惠券 新人立减5元 免费配送,41480,337,2026-08-01
P0197,APP Push,限时秒杀 免费麦辣鸡腿堡 仅剩39份,快来领取优惠券 新人立减5元 免费配送,46593,575,2026-08-01
P0197,APP Push,限时秒杀 免费麦辣鸡腿堡 仅剩67份,快来领取优惠券 新人立减5元 免费配送,40335,144,2026-08-01
P0197,短信,限时秒杀 免费麦辣鸡腿堡 仅剩16份,快来领取优惠券 新人立减5元 免费配送,43608,605,2026-08-01
P0197,APP Push,限时秒杀 免费麦辣鸡腿堡 仅剩2份,快来领取优惠券 新人立减5元 免费配送,32859,1530,2026-08-01
P0197,APP Push,限时秒杀 免费麦辣鸡腿堡 仅剩38份,快来领取优惠券 新人立减5元 免费配送,20481,1647,2026-08-01
P0197,企微1v1,限时秒杀 免费麦辣鸡腿堡 仅剩65份,快来领取优惠券 新人立减5元 免费配送,7148,2947,2026-08-01
P0197,APP Push,限时秒杀 免费麦辣鸡腿堡 仅剩44份,快来领取优惠券 新人立减5元 免费配送,40509,819,2026-08-01
P0198,APP Push,限时秒杀 免费麦辣鸡腿堡 仅剩43份,快来领取优惠券 新人立减5元 免费配送,20383,2196,2026-08-01
P0198,企微1v1,限时秒杀 免费麦辣鸡腿堡 仅剩23份,快来领取优惠券 新人立减5元 免费配送,12885,4203,2026-08-01
P0198,短信,限时秒杀 免费麦辣鸡腿堡 仅剩34份,快来领取优惠券 新人立减5元 免费配送,30356,964,2026-08-01
P0198,APP Push,限时秒杀 免费麦辣鸡腿堡 仅剩60份,快来领取优惠券 新人立减5元 免费配送,24050,2473,2026-08-01
P0198,APP Push,限时秒杀 免费麦辣鸡腿堡 仅剩39份,快来领取优惠券 新人立减5元 免费配送,23208,797,2026-08-01
P0198,企微1v1,限时秒杀 免费麦辣鸡腿堡 仅剩46份,快来领取优惠券 新人立减5元 免费配送,23072,3247,2026-08-01
P0198,APP Push,限时秒杀 免费麦辣鸡腿堡 仅剩22份,快来领取优惠券 新人立减5元 免费配送,11738,4741,2026-08-01
P0198,企微1v1,限时秒杀 免费麦辣鸡腿堡 仅剩6份,快来领取优惠券 新人立减5元 免费配送,19637,552,2026-08-01
P0198,企微1v1,限时秒杀 免费麦辣鸡腿堡 仅剩43份,快来领取优惠券 新人立减5元 免费配送,14778,3638,2026-08-01
P0198,企微1v1,限时秒杀 免费麦辣鸡腿堡 仅剩82份,快来领取优惠券 新人立减5元 免费配送,14582,1449,2026-08-01
P0198,企微1v1,限时秒杀 免费麦辣鸡腿堡 仅剩97份,快来领取优惠券 新人立减5元 免费配送,16905,2683,2026-08-01
P0198,企微1v1,限时秒杀 免费麦辣鸡腿堡 仅剩7份,快来领取优惠券 新人立减5元 免费配送,1066,1962,2026-08-01
P0198,企微1v1,限时秒杀 免费麦辣鸡腿堡 仅剩61份,快来领取优惠券 新人立减5元 免费配送,17220,2875,2026-08-01
P0198,短信,限时秒杀 免费麦辣鸡腿堡 仅剩32份,快来领取优惠券 新人立减5元 免费配送,22534,2231,2026-08-01
P0198,短信,限时秒杀 免费麦辣鸡腿堡 仅剩39份,快来领取优惠券 新人立减5元 免费配送,25649,2655,2026-08-01
P0198,APP Push,限时秒杀 免费麦辣鸡腿堡 仅剩15份,快来领取优惠券 新人立减5元 免费配送,37425,3583,2026-08-01
P0198,APP Push,限时秒杀 免费麦辣鸡腿堡 仅剩51份,快来领取优惠券 新人立减5元 免费配送,21132,4226,2026-08-01
P0198,APP Push,限时秒杀 免费麦辣鸡腿堡 仅剩85份,快来领取优惠券 新人立减5元 免费配送,5467,4552,2026-08-01
P0198,短信,限时秒杀 免费麦辣鸡腿堡 仅剩31份,快来领取优惠券 新人立减5元 免费配送,11637,2799,2026-08-01
P0198,短信,限时秒杀 免费麦辣鸡腿堡 仅剩78份,快来领取优惠券 新人立减5元 免费配送,25248,4837,2026-08-01
P0199,短信,限时秒杀 免费麦辣鸡腿堡 仅剩77份,快来领取优惠券 新人立减5元 免费配送,46668,105,2026-08-01
P0199,企微1v1,限时秒杀 免费麦辣鸡腿堡 仅剩59份,快来领取优惠券 新人立减5元 免费配送,48958,1023,2026-08-01
P0199,短信,限时秒杀 免费麦辣鸡腿堡 仅剩21份,快来领取优惠券 新人立减5元 免费配送,30877,424,2026-08-01
P0199,APP Push,限时秒杀 免费麦辣鸡腿堡 仅剩83份,快来领取优惠券 新人立减5元 免费配送,36155,2070,2026-08-01
P0199,短信,限时秒杀 免费麦辣鸡腿堡 仅剩21份,快来领取优惠券 新人立减5元 免费配送,48737,4092,2026-08-01
P0199,企微1v1,限时秒杀 免费麦辣鸡腿堡 仅剩11份,快来领取优惠券 新人立减5元 免费配送,46424,2375,2026-08-01
P0199,短信,限时秒杀 免费麦辣鸡腿堡 仅剩85份,快来领取优惠券 新人立减5元 免费配送,12924,3980,2026-08-01
P0199,短信,限时秒杀 免费麦辣鸡腿堡 仅剩14份,快来领取优惠券 新人立减5元 免费配送,38411,4748,2026-08-01
P0199,APP Push,限时秒杀 免费麦辣鸡腿堡 仅剩94份,快来领取优惠券 新人立减5元 免费配送,36424,4520,2026-08-01
P0199,短信,限时秒杀 免费麦辣鸡腿堡 仅剩57份,快来领取优惠券 新人立减5元 免费配送,49984,1258,2026-08-01
P0199,短信,限时秒杀 免费麦辣鸡腿堡 仅剩92份,快来领取优惠券 新人立减5元 免费配送,25521,4247,2026-08-01
P0199,短信,限时秒杀 免费麦辣鸡腿堡 仅剩41份,快来领取优惠券 新人立减5元 免费配送,38049,4632,2026-08-01
P0199,企微1v1,限时秒杀 免费麦辣鸡腿堡 仅剩16份,快来领取优惠券 新人立减5元 免费配送,9270,2986,2026-08-01
P0199,企微1v1,限时秒杀 免费麦辣鸡腿堡 仅剩32份,快来领取优惠券 新人立减5元 免费配送,27711,3741,2026-08-01
P0199,短信,限时秒杀 免费麦辣鸡腿堡 仅剩67份,快来领取优惠券 新人立减5元 免费配送,3991,373,2026-08-01
P0199,APP Push,限时秒杀 免费麦辣鸡腿堡 仅剩83份,快来领取优惠券 新人立减5元 免费配送,28445,1460,2026-08-01
P0199,短信,限时秒杀 免费麦辣鸡腿堡 仅剩73份,快来领取优惠券 新人立减5元 免费配送,27959,1446,2026-08-01
P0199,短信,限时秒杀 免费麦辣鸡腿堡 仅剩52份,快来领取优惠券 新人立减5元 免费配送,5167,2360,2026-08-01
P0199,APP Push,限时秒杀 免费麦辣鸡腿堡 仅剩19份,快来领取优惠券 新人立减5元 免费配送,44830,1822,2026-08-01
P0199,短信,限时秒杀 免费麦辣鸡腿堡 仅剩59份,快来领取优惠券 新人立减5元 免费配送,12925,4173,2026-08-01
P0200,短信,限时秒杀 免费麦辣鸡腿堡 仅剩29份,快来领取优惠券 新人立减5元 免费配送,3649,1806,2026-08-01
P0200,短信,限时秒杀 免费麦辣鸡腿堡 仅剩5份,快来领取优惠券 新人立减5元 免费配送,18841,426,2026-08-01
P0200,短信,限时秒杀 免费麦辣鸡腿堡 仅剩7份,快来领取优惠券 新人立减5元 免费配送,24856,4690,2026-08-01
P0200,APP Push,限时秒杀 免费麦辣鸡腿堡 仅剩88份,快来领取优惠券 新人立减5元 免费配送,49115,3754,2026-08-01
P0200,短信,限时秒杀 免费麦辣鸡腿堡 仅剩27份,快来领取优惠券 新人立减5元 免费配送,46357,1022,2026-08-01
P0200,企微1v1,限时秒杀 免费麦辣鸡腿堡 仅剩37份,快来领取优惠券 新人立减5元 免费配送,14197,2036,2026-08-01
P0200,APP Push,限时秒杀 免费麦辣鸡腿堡 仅剩13份,快来领取优惠券 新人立减5元 免费配送,28035,3010,2026-08-01
P0200,短信,限时秒杀 免费麦辣鸡腿堡 仅剩59份,快来领取优惠券 新人立减5元 免费配送,21267,2487,2026-08-01
P0200,APP Push,限时秒杀 免费麦辣鸡腿堡 仅剩8份,快来领取优惠券 新人立减5元 免费配送,49752,4827,2026-08-01
P0200,短信,限时秒杀 免费麦辣鸡腿堡 仅剩89份,快来领取优惠券 新人立减5元 免费配送,43435,175,2026-08-01
P0200,短信,限时秒杀 免费麦辣鸡腿堡 仅剩79份,快来领取优惠券 新人立减5元 免费配送,5193,3560,2026-08-01
P0200,企微1v1,限时秒杀 免费麦辣鸡腿堡 仅剩59份,快来领取优惠券 新人立减5元 免费配送,45945,555,2026-08-01
P0200,企微1v1,限时秒杀 免费麦辣鸡腿堡 仅剩38份,快来领取优惠券 新人立减5元 免费配送,27074,1503,2026-08-01
P0200,APP Push,限时秒杀 免费麦辣鸡腿堡 仅剩58份,快来领取优惠券 新人立减5元 免费配送,3208,963,2026-08-01
P0200,短信,限时秒杀 免费麦辣鸡腿堡 仅剩17份,快来领取优惠券 新人立减5元 免费配送,42258,4631,2026-08-01
P0200,企微1v1,限时秒杀 免费麦辣鸡腿堡 仅剩64份,快来领取优惠券 新人立减5元 免费配送,39302,2949,2026-08-01
P0200,企微1v1,限时秒杀 免费麦辣鸡腿堡 仅剩39份,快来领取优惠券 新人立减5元 免费配送,5615,1905,2026-08-01
P0200,短信,限时秒杀 免费麦辣鸡腿堡 仅剩98份,快来领取优惠券 新人立减5元 免费配送,46964,4751,2026-08-01
P0200,短信,限时秒杀 免费麦辣鸡腿堡 仅剩49份,快来领取优惠券 新人立减5元 免费配送,25969,2817,2026-08-01
P0200,企微1v1,限时秒杀 免费麦辣鸡腿堡 仅剩86份,快来领取优惠券 新人立减5元 免费配送,26745,1224,2026-08-01
P0201,企微1v1,限时秒杀 免费麦辣鸡腿堡 仅剩59份,快来领取优惠券 新人立减5元 免费配送,26732,2452,2026-08-01
P0201,APP Push,限时秒杀 免费麦辣鸡腿堡 仅剩85份,快来领取优惠券 新人立减5元 免费配送,21433,1713,2026-08-01
P0201,短信,限时秒杀 免费麦辣鸡腿堡 仅剩5份,快来领取优惠券 新人立减5元 免费配送,11778,244,2026-08-01
P0201,企微1v1,限时秒杀 免费麦辣鸡腿堡 仅剩49份,快来领取优惠券 新人立减5元 免费配送,37113,1342,2026-08-01
P0201,短信,限时秒杀 免费麦辣鸡腿堡 仅剩28份,快来领取优惠券 新人立减5元 免费配送,36016,3371,2026-08-01
P0201,APP Push,限时秒杀 免费麦辣鸡腿堡 仅剩2份,快来领取优惠券 新人立减5元 免费配送,8015,893,2026-08-01
P0201,短信,限时秒杀 免费麦辣鸡腿堡 仅剩91份,快来领取优惠券 新人立减5元 免费配送,13922,1085,2026-08-01
P0201,APP Push,限时秒杀 免费麦辣鸡腿堡 仅剩53份,快来领取优惠券 新人立减5元 免费配送,18194,4981,2026-08-01
P0201,短信,限时秒杀 免费麦辣鸡腿堡 仅剩18份,快来领取优惠券 新人立减5元 免费配送,10214,1156,2026-08-01
P0201,短信,限时秒杀 免费麦辣鸡腿堡 仅剩30份,快来领取优惠券 新人立减5元 免费配送,24380,3943,2026-08-01
P0201,短信,限时秒杀 免费麦辣鸡腿堡 仅剩71份,快来领取优惠券 新人立减5元 免费配送,30321,2985,2026-08-01
P0201,企微1v1,限时秒杀 免费麦辣鸡腿堡 仅剩48份,快来领取优惠券 新人立减5元 免费配送,10165,2434,2026-08-01
P0201,APP Push,限时秒杀 免费麦辣鸡腿堡 仅剩48份,快来领取优惠券 新人立减5元 免费配送,34029,198,2026-08-01
P0201,短信,限时秒杀 免费麦辣鸡腿堡 仅剩61份,快来领取优惠券 新人立减5元 免费配送,15173,1510,2026-08-01
P0201,短信,限时秒杀 免费麦辣鸡腿堡 仅剩52份,快来领取优惠券 新人立减5元 免费配送,7452,4541,2026-08-01
P0201,APP Push,限时秒杀 免费麦辣鸡腿堡 仅剩78份,快来领取优惠券 新人立减5元 免费配送,5977,934,2026-08-01
P0201,企微1v1,限时秒杀 免费麦辣鸡腿堡 仅剩44份,快来领取优惠券 新人立减5元 免费配送,37399,2957,2026-08-01
P0201,短信,限时秒杀 免费麦辣鸡腿堡 仅剩11份,快来领取优惠券 新人立减5元 免费配送,27706,874,2026-08-01
P0201,短信,限时秒杀 免费麦辣鸡腿堡 仅剩22份,快来领取优惠券 新人立减5元 免费配送,37065,4159,2026-08-01
P0201,企微1v1,限时秒杀 免费麦辣鸡腿堡 仅剩27份,快来领取优惠券 新人立减5元 免费配送,44006,3170,2026-08-01
P0202,短信,限时秒杀 免费麦辣鸡腿堡 仅剩95份,快来领取优惠券 新人立减5元 免费配送,9058,4744,2026-08-01
P0202,企微1v1,限时秒杀 免费麦辣鸡腿堡 仅剩5份,快来领取优惠券 新人立减5元 免费配送,8313,3762,2026-08-01
P0202,短信,限时秒杀 免费麦辣鸡腿堡 仅剩91份,快来领取优惠券 新人立减5元 免费配送,40023,4163,2026-08-01
P0202,短信,限时秒杀 免费麦辣鸡腿堡 仅剩98份,快来领取优惠券 新人立减5元 免费配送,12030,3547,2026-08-01
P0202,APP Push,限时秒杀 免费麦辣鸡腿堡 仅剩35份,快来领取优惠券 新人立减5元 免费配送,40275,2505,2026-08-01
P0202,APP Push,限时秒杀 免费麦辣鸡腿堡 仅剩22份,快来领取优惠券 新人立减5元 免费配送,22788,4546,2026-08-01
P0202,企微1v1,限时秒杀 免费麦辣鸡腿堡 仅剩35份,快来领取优惠券 新人立减5元 免费配送,38749,4114,2026-08-01
P0202,APP Push,限时秒杀 免费麦辣鸡腿堡 仅剩78份,快来领取优惠券 新人立减5元 免费配送,30437,4756,2026-08-01
P0202,APP Push,限时秒杀 免费麦辣鸡腿堡 仅剩64份,快来领取优惠券 新人立减5元 免费配送,5641,703,2026-08-01
P0202,企微1v1,限时秒杀 免费麦辣鸡腿堡 仅剩32份,快来领取优惠券 新人立减5元 免费配送,47787,4042,2026-08-01
P0202,企微1v1,限时秒杀 免费麦辣鸡腿堡 仅剩32份,快来领取优惠券 新人立减5元 免费配送,7125,2767,2026-08-01
P0202,企微1v1,限时秒杀 免费麦辣鸡腿堡 仅剩18份,快来领取优惠券 新人立减5元 免费配送,22978,4471,2026-08-01
P0202,短信,限时秒杀 免费麦辣鸡腿堡 仅剩73份,快来领取优惠券 新人立减5元 免费配送,13515,4154,2026-08-01
P0202,APP Push,限时秒杀 免费麦辣鸡腿堡 仅剩44份,快来领取优惠券 新人立减5元 免费配送,14986,1001,2026-08-01
P0202,APP Push,限时秒杀 免费麦辣鸡腿堡 仅剩49份,快来领取优惠券 新人立减5元 免费配送,30904,1297,2026-08-01
P0202,企微1v1,限时秒杀 免费麦辣鸡腿堡 仅剩34份,快来领取优惠券 新人立减5元 免费配送,46824,186,2026-08-01
P0202,APP Push,限时秒杀 免费麦辣鸡腿堡 仅剩27份,快来领取优惠券 新人立减5元 免费配送,10234,2092,2026-08-01
P0202,短信,限时秒杀 免费麦辣鸡腿堡 仅剩42份,快来领取优惠券 新人立减5元 免费配送,44419,2002,2026-08-01
P0202,APP Push,限时秒杀 免费麦辣鸡腿堡 仅剩82份,快来领取优惠券 新人立减5元 免费配送,30074,2481,2026-08-01
P0202,企微1v1,限时秒杀 免费麦辣鸡腿堡 仅剩65份,快来领取优惠券 新人立减5元 免费配送,28437,2053,2026-08-01
P0203,企微1v1,限时秒杀 免费麦辣鸡腿堡 仅剩31份,快来领取优惠券 新人立减5元 免费配送,25606,774,2026-08-01
P0203,APP Push,限时秒杀 免费麦辣鸡腿堡 仅剩9份,快来领取优惠券 新人立减5元 免费配送,26433,2901,2026-08-01
P0203,APP Push,限时秒杀 免费麦辣鸡腿堡 仅剩2份,快来领取优惠券 新人立减5元 免费配送,46643,354,2026-08-01
P0203,APP Push,限时秒杀 免费麦辣鸡腿堡 仅剩97份,快来领取优惠券 新人立减5元 免费配送,25945,2467,2026-08-01
P0203,企微1v1,限时秒杀 免费麦辣鸡腿堡 仅剩26份,快来领取优惠券 新人立减5元 免费配送,34557,3774,2026-08-01
P0203,APP Push,限时秒杀 免费麦辣鸡腿堡 仅剩12份,快来领取优惠券 新人立减5元 免费配送,43001,4512,2026-08-01
P0203,APP Push,限时秒杀 免费麦辣鸡腿堡 仅剩15份,快来领取优惠券 新人立减5元 免费配送,24439,2099,2026-08-01
P0203,短信,限时秒杀 免费麦辣鸡腿堡 仅剩81份,快来领取优惠券 新人立减5元 免费配送,21065,2985,2026-08-01
P0203,APP Push,限时秒杀 免费麦辣鸡腿堡 仅剩87份,快来领取优惠券 新人立减5元 免费配送,3510,3294,2026-08-01
P0203,APP Push,限时秒杀 免费麦辣鸡腿堡 仅剩97份,快来领取优惠券 新人立减5元 免费配送,19552,3838,2026-08-01
P0203,短信,限时秒杀 免费麦辣鸡腿堡 仅剩21份,快来领取优惠券 新人立减5元 免费配送,28364,2255,2026-08-01
P0203,APP Push,限时秒杀 免费麦辣鸡腿堡 仅剩77份,快来领取优惠券 新人立减5元 免费配送,38603,2500,2026-08-01
P0203,APP Push,限时秒杀 免费麦辣鸡腿堡 仅剩17份,快来领取优惠券 新人立减5元 免费配送,12114,3258,2026-08-01
P0203,APP Push,限时秒杀 免费麦辣鸡腿堡 仅剩54份,快来领取优惠券 新人立减5元 免费配送,21278,4863,2026-08-01
P0203,APP Push,限时秒杀 免费麦辣鸡腿堡 仅剩52份,快来领取优惠券 新人立减5元 免费配送,21652,4543,2026-08-01
P0203,短信,限时秒杀 免费麦辣鸡腿堡 仅剩4份,快来领取优惠券 新人立减5元 免费配送,19923,1596,2026-08-01
P0203,APP Push,限时秒杀 免费麦辣鸡腿堡 仅剩66份,快来领取优惠券 新人立减5元 免费配送,1969,4687,2026-08-01
P0203,企微1v1,限时秒杀 免费麦辣鸡腿堡 仅剩38份,快来领取优惠券 新人立减5元 免费配送,38343,4152,2026-08-01
P0203,企微1v1,限时秒杀 免费麦辣鸡腿堡 仅剩3份,快来领取优惠券 新人立减5元 免费配送,6152,4201,2026-08-01
P0203,企微1v1,限时秒杀 免费麦辣鸡腿堡 仅剩70份,快来领取优惠券 新人立减5元 免费配送,41885,4863,2026-08-01
P0204,APP Push,限时秒杀 免费麦辣鸡腿堡 仅剩36份,快来领取优惠券 新人立减5元 免费配送,33078,3711,2026-08-01
P0204,APP Push,限时秒杀 免费麦辣鸡腿堡 仅剩92份,快来领取优惠券 新人立减5元 免费配送,17199,206,2026-08-01
P0204,企微1v1,限时秒杀 免费麦辣鸡腿堡 仅剩7份,快来领取优惠券 新人立减5元 免费配送,23512,3744,2026-08-01
P0204,APP Push,限时秒杀 免费麦辣鸡腿堡 仅剩16份,快来领取优惠券 新人立减5元 免费配送,7697,1562,2026-08-01
P0204,短信,限时秒杀 免费麦辣鸡腿堡 仅剩54份,快来领取优惠券 新人立减5元 免费配送,10061,530,2026-08-01
P0204,企微1v1,限时秒杀 免费麦辣鸡腿堡 仅剩53份,快来领取优惠券 新人立减5元 免费配送,17224,1462,2026-08-01
P0204,企微1v1,限时秒杀 免费麦辣鸡腿堡 仅剩24份,快来领取优惠券 新人立减5元 免费配送,6424,607,2026-08-01
P0204,APP Push,限时秒杀 免费麦辣鸡腿堡 仅剩77份,快来领取优惠券 新人立减5元 免费配送,10469,2497,2026-08-01
P0204,APP Push,限时秒杀 免费麦辣鸡腿堡 仅剩70份,快来领取优惠券 新人立减5元 免费配送,13231,2163,2026-08-01
P0204,APP Push,限时秒杀 免费麦辣鸡腿堡 仅剩1份,快来领取优惠券 新人立减5元 免费配送,1140,3604,2026-08-01
P0204,APP Push,限时秒杀 免费麦辣鸡腿堡 仅剩73份,快来领取优惠券 新人立减5元 免费配送,36113,2883,2026-08-01
P0204,APP Push,限时秒杀 免费麦辣鸡腿堡 仅剩27份,快来领取优惠券 新人立减5元 免费配送,4925,4592,2026-08-01
P0204,APP Push,限时秒杀 免费麦辣鸡腿堡 仅剩37份,快来领取优惠券 新人立减5元 免费配送,42722,1113,2026-08-01
P0204,企微1v1,限时秒杀 免费麦辣鸡腿堡 仅剩74份,快来领取优惠券 新人立减5元 免费配送,24312,863,2026-08-01
P0204,APP Push,限时秒杀 免费麦辣鸡腿堡 仅剩42份,快来领取优惠券 新人立减5元 免费配送,38802,4256,2026-08-01
P0204,APP Push,限时秒杀 免费麦辣鸡腿堡 仅剩33份,快来领取优惠券 新人立减5元 免费配送,19039,2662,2026-08-01
P0204,短信,限时秒杀 免费麦辣鸡腿堡 仅剩60份,快来领取优惠券 新人立减5元 免费配送,1712,4712,2026-08-01
P0204,短信,限时秒杀 免费麦辣鸡腿堡 仅剩38份,快来领取优惠券 新人立减5元 免费配送,25148,2972,2026-08-01
P0204,短信,限时秒杀 免费麦辣鸡腿堡 仅剩32份,快来领取优惠券 新人立减5元 免费配送,4166,3499,2026-08-01
P0204,短信,限时秒杀 免费麦辣鸡腿堡 仅剩93份,快来领取优惠券 新人立减5元 免费配送,44342,4722,2026-08-01
P0205,APP Push,限时秒杀 免费麦辣鸡腿堡 仅剩17份,快来领取优惠券 新人立减5元 免费配送,20201,4032,2026-08-01
P0205,短信,限时秒杀 免费麦辣鸡腿堡 仅剩2份,快来领取优惠券 新人立减5元 免费配送,21138,4541,2026-08-01
P0205,APP Push,限时秒杀 免费麦辣鸡腿堡 仅剩15份,快来领取优惠券 新人立减5元 免费配送,16458,4147,2026-08-01
P0205,APP Push,限时秒杀 免费麦辣鸡腿堡 仅剩7份,快来领取优惠券 新人立减5元 免费配送,41368,3182,2026-08-01
P0205,APP Push,限时秒杀 免费麦辣鸡腿堡 仅剩41份,快来领取优惠券 新人立减5元 免费配送,28430,4097,2026-08-01
P0205,企微1v1,限时秒杀 免费麦辣鸡腿堡 仅剩84份,快来领取优惠券 新人立减5元 免费配送,9145,3773,2026-08-01
P0205,APP Push,限时秒杀 免费麦辣鸡腿堡 仅剩72份,快来领取优惠券 新人立减5元 免费配送,37400,4461,2026-08-01
P0205,APP Push,限时秒杀 免费麦辣鸡腿堡 仅剩4份,快来领取优惠券 新人立减5元 免费配送,36501,2329,2026-08-01
P0205,短信,限时秒杀 免费麦辣鸡腿堡 仅剩4份,快来领取优惠券 新人立减5元 免费配送,33233,884,2026-08-01
P0205,企微1v1,限时秒杀 免费麦辣鸡腿堡 仅剩13份,快来领取优惠券 新人立减5元 免费配送,45611,1137,2026-08-01
P0205,APP Push,限时秒杀 免费麦辣鸡腿堡 仅剩27份,快来领取优惠券 新人立减5元 免费配送,3397,1555,2026-08-01
P0205,APP Push,限时秒杀 免费麦辣鸡腿堡 仅剩72份,快来领取优惠券 新人立减5元 免费配送,31780,4845,2026-08-01
P0205,短信,限时秒杀 免费麦辣鸡腿堡 仅剩91份,快来领取优惠券 新人立减5元 免费配送,27422,3842,2026-08-01
P0205,APP Push,限时秒杀 免费麦辣鸡腿堡 仅剩42份,快来领取优惠券 新人立减5元 免费配送,34229,4780,2026-08-01
P0205,APP Push,限时秒杀 免费麦辣鸡腿堡 仅剩82份,快来领取优惠券 新人立减5元 免费配送,38373,4758,2026-08-01
P0205,APP Push,限时秒杀 免费麦辣鸡腿堡 仅剩57份,快来领取优惠券 新人立减5元 免费配送,30003,4414,2026-08-01
P0205,APP Push,限时秒杀 免费麦辣鸡腿堡 仅剩2份,快来领取优惠券 新人立减5元 免费配送,1338,4700,2026-08-01
P0205,短信,限时秒杀 免费麦辣鸡腿堡 仅剩4份,快来领取优惠券 新人立减5元 免费配送,16669,3217,2026-08-01
P0205,APP Push,限时秒杀 免费麦辣鸡腿堡 仅剩90份,快来领取优惠券 新人立减5元 免费配送,49126,1129,2026-08-01
P0205,APP Push,限时秒杀 免费麦辣鸡腿堡 仅剩91份,快来领取优惠券 新人立减5元 免费配送,13128,2479,2026-08-01
P0206,短信,限时秒杀 免费麦辣鸡腿堡 仅剩47份,快来领取优惠券 新人立减5元 免费配送,16313,569,2026-08-01
P0206,企微1v1,限时秒杀 免费麦辣鸡腿堡 仅剩44份,快来领取优惠券 新人立减5元 免费配送,31287,4749,2026-08-01
P0206,短信,限时秒杀 免费麦辣鸡腿堡 仅剩31份,快来领取优惠券 新人立减5元 免费配送,34501,2808,2026-08-01
P0206,企微1v1,限时秒杀 免费麦辣鸡腿堡 仅剩35份,快来领取优惠券 新人立减5元 免费配送,24615,1279,2026-08-01
P0206,短信,限时秒杀 免费麦辣鸡腿堡 仅剩13份,快来领取优惠券 新人立减5元 免费配送,2078,3699,2026-08-01
P0206,APP Push,限时秒杀 免费麦辣鸡腿堡 仅剩43份,快来领取优惠券 新人立减5元 免费配送,49080,1085,2026-08-01
P0206,短信,限时秒杀 免费麦辣鸡腿堡 仅剩27份,快来领取优惠券 新人立减5元 免费配送,9430,1602,2026-08-01
P0206,短信,限时秒杀 免费麦辣鸡腿堡 仅剩74份,快来领取优惠券 新人立减5元 免费配送,7248,4607,2026-08-01
P0206,APP Push,限时秒杀 免费麦辣鸡腿堡 仅剩46份,快来领取优惠券 新人立减5元 免费配送,19627,1229,2026-08-01
P0206,短信,限时秒杀 免费麦辣鸡腿堡 仅剩36份,快来领取优惠券 新人立减5元 免费配送,47293,2177,2026-08-01
P0206,短信,限时秒杀 免费麦辣鸡腿堡 仅剩5份,快来领取优惠券 新人立减5元 免费配送,23624,3214,2026-08-01
P0206,企微1v1,限时秒杀 免费麦辣鸡腿堡 仅剩41份,快来领取优惠券 新人立减5元 免费配送,11090,1529,2026-08-01
P0206,短信,限时秒杀 免费麦辣鸡腿堡 仅剩65份,快来领取优惠券 新人立减5元 免费配送,33931,1261,2026-08-01
P0206,企微1v1,限时秒杀 免费麦辣鸡腿堡 仅剩92份,快来领取优惠券 新人立减5元 免费配送,13899,2103,2026-08-01
P0206,APP Push,限时秒杀 免费麦辣鸡腿堡 仅剩70份,快来领取优惠券 新人立减5元 免费配送,39296,4796,2026-08-01
P0206,APP Push,限时秒杀 免费麦辣鸡腿堡 仅剩61份,快来领取优惠券 新人立减5元 免费配送,34175,2310,2026-08-01
P0206,APP Push,限时秒杀 免费麦辣鸡腿堡 仅剩24份,快来领取优惠券 新人立减5元 免费配送,40505,305,2026-08-01
P0206,APP Push,限时秒杀 免费麦辣鸡腿堡 仅剩40份,快来领取优惠券 新人立减5元 免费配送,33564,2081,2026-08-01
P0206,APP Push,限时秒杀 免费麦辣鸡腿堡 仅剩88份,快来领取优惠券 新人立减5元 免费配送,49697,4786,2026-08-01
P0206,短信,限时秒杀 免费麦辣鸡腿堡 仅剩48份,快来领取优惠券 新人立减5元 免费配送,35217,517,2026-08-01
P0207,APP Push,限时秒杀 免费麦辣鸡腿堡 仅剩70份,快来领取优惠券 新人立减5元 免费配送,29579,4550,2026-08-01
P0207,企微1v1,限时秒杀 免费麦辣鸡腿堡 仅剩4份,快来领取优惠券 新人立减5元 免费配送,46168,4798,2026-08-01
P0207,APP Push,限时秒杀 免费麦辣鸡腿堡 仅剩86份,快来领取优惠券 新人立减5元 免费配送,46228,991,2026-08-01
P0207,APP Push,限时秒杀 免费麦辣鸡腿堡 仅剩7份,快来领取优惠券 新人立减5元 免费配送,2169,3055,2026-08-01
P0207,APP Push,限时秒杀 免费麦辣鸡腿堡 仅剩7份,快来领取优惠券 新人立减5元 免费配送,46287,3962,2026-08-01
P0207,APP Push,限时秒杀 免费麦辣鸡腿堡 仅剩72份,快来领取优惠券 新人立减5元 免费配送,46102,2106,2026-08-01
P0207,企微1v1,限时秒杀 免费麦辣鸡腿堡 仅剩94份,快来领取优惠券 新人立减5元 免费配送,9780,2828,2026-08-01
P0207,企微1v1,限时秒杀 免费麦辣鸡腿堡 仅剩29份,快来领取优惠券 新人立减5元 免费配送,29816,150,2026-08-01
P0207,APP Push,限时秒杀 免费麦辣鸡腿堡 仅剩73份,快来领取优惠券 新人立减5元 免费配送,38960,2206,2026-08-01
P0207,企微1v1,限时秒杀 免费麦辣鸡腿堡 仅剩43份,快来领取优惠券 新人立减5元 免费配送,25616,3495,2026-08-01
P0207,企微1v1,限时秒杀 免费麦辣鸡腿堡 仅剩33份,快来领取优惠券 新人立减5元 免费配送,3089,951,2026-08-01
P0207,APP Push,限时秒杀 免费麦辣鸡腿堡 仅剩98份,快来领取优惠券 新人立减5元 免费配送,23319,4053,2026-08-01
P0207,短信,限时秒杀 免费麦辣鸡腿堡 仅剩57份,快来领取优惠券 新人立减5元 免费配送,13047,2096,2026-08-01
P0207,APP Push,限时秒杀 免费麦辣鸡腿堡 仅剩9份,快来领取优惠券 新人立减5元 免费配送,9608,2194,2026-08-01
P0207,企微1v1,限时秒杀 免费麦辣鸡腿堡 仅剩90份,快来领取优惠券 新人立减5元 免费配送,1949,1020,2026-08-01
P0207,短信,限时秒杀 免费麦辣鸡腿堡 仅剩64份,快来领取优惠券 新人立减5元 免费配送,19374,4620,2026-08-01
P0207,短信,限时秒杀 免费麦辣鸡腿堡 仅剩79份,快来领取优惠券 新人立减5元 免费配送,43930,2613,2026-08-01
P0207,APP Push,限时秒杀 免费麦辣鸡腿堡 仅剩95份,快来领取优惠券 新人立减5元 免费配送,8743,1496,2026-08-01
P0207,短信,限时秒杀 免费麦辣鸡腿堡 仅剩84份,快来领取优惠券 新人立减5元 免费配送,9671,128,2026-08-01
P0207,APP Push,限时秒杀 免费麦辣鸡腿堡 仅剩14份,快来领取优惠券 新人立减5元 免费配送,40789,842,2026-08-01
P0208,短信,限时秒杀 免费麦辣鸡腿堡 仅剩83份,快来领取优惠券 新人立减5元 免费配送,38407,4706,2026-08-01
P0208,企微1v1,限时秒杀 免费麦辣鸡腿堡 仅剩67份,快来领取优惠券 新人立减5元 免费配送,31716,3423,2026-08-01
P0208,APP Push,限时秒杀 免费麦辣鸡腿堡 仅剩18份,快来领取优惠券 新人立减5元 免费配送,16084,4758,2026-08-01
P0208,APP Push,限时秒杀 免费麦辣鸡腿堡 仅剩62份,快来领取优惠券 新人立减5元 免费配送,29045,4721,2026-08-01
P0208,企微1v1,限时秒杀 免费麦辣鸡腿堡 仅剩33份,快来领取优惠券 新人立减5元 免费配送,16387,4877,2026-08-01
P0208,短信,限时秒杀 免费麦辣鸡腿堡 仅剩68份,快来领取优惠券 新人立减5元 免费配送,2548,3379,2026-08-01
P0208,企微1v1,限时秒杀 免费麦辣鸡腿堡 仅剩19份,快来领取优惠券 新人立减5元 免费配送,42374,2867,2026-08-01
P0208,APP Push,限时秒杀 免费麦辣鸡腿堡 仅剩32份,快来领取优惠券 新人立减5元 免费配送,6105,1803,2026-08-01
P0208,企微1v1,限时秒杀 免费麦辣鸡腿堡 仅剩97份,快来领取优惠券 新人立减5元 免费配送,29627,1216,2026-08-01
P0208,短信,限时秒杀 免费麦辣鸡腿堡 仅剩23份,快来领取优惠券 新人立减5元 免费配送,8659,757,2026-08-01
P0208,企微1v1,限时秒杀 免费麦辣鸡腿堡 仅剩7份,快来领取优惠券 新人立减5元 免费配送,22654,692,2026-08-01
P0208,企微1v1,限时秒杀 免费麦辣鸡腿堡 仅剩12份,快来领取优惠券 新人立减5元 免费配送,27562,4646,2026-08-01
P0208,APP Push,限时秒杀 免费麦辣鸡腿堡 仅剩90份,快来领取优惠券 新人立减5元 免费配送,15586,916,2026-08-01
P0208,企微1v1,限时秒杀 免费麦辣鸡腿堡 仅剩72份,快来领取优惠券 新人立减5元 免费配送,35031,2407,2026-08-01
P0208,短信,限时秒杀 免费麦辣鸡腿堡 仅剩54份,快来领取优惠券 新人立减5元 免费配送,44727,2586,2026-08-01
P0208,企微1v1,限时秒杀 免费麦辣鸡腿堡 仅剩89份,快来领取优惠券 新人立减5元 免费配送,9336,436,2026-08-01
P0208,企微1v1,限时秒杀 免费麦辣鸡腿堡 仅剩42份,快来领取优惠券 新人立减5元 免费配送,8333,2786,2026-08-01
P0208,短信,限时秒杀 免费麦辣鸡腿堡 仅剩43份,快来领取优惠券 新人立减5元 免费配送,27306,1734,2026-08-01
P0208,APP Push,限时秒杀 免费麦辣鸡腿堡 仅剩23份,快来领取优惠券 新人立减5元 免费配送,24083,1442,2026-08-01
P0208,短信,限时秒杀 免费麦辣鸡腿堡 仅剩78份,快来领取优惠券 新人立减5元 免费配送,45479,392,2026-08-01
P0209,企微1v1,限时秒杀 免费麦辣鸡腿堡 仅剩9份,快来领取优惠券 新人立减5元 免费配送,28334,4360,2026-08-01
P0209,短信,限时秒杀 免费麦辣鸡腿堡 仅剩86份,快来领取优惠券 新人立减5元 免费配送,1563,3341,2026-08-01
P0209,短信,限时秒杀 免费麦辣鸡腿堡 仅剩82份,快来领取优惠券 新人立减5元 免费配送,9298,4604,2026-08-01
P0209,APP Push,限时秒杀 免费麦辣鸡腿堡 仅剩97份,快来领取优惠券 新人立减5元 免费配送,33001,1883,2026-08-01
P0209,短信,限时秒杀 免费麦辣鸡腿堡 仅剩47份,快来领取优惠券 新人立减5元 免费配送,19763,176,2026-08-01
P0209,短信,限时秒杀 免费麦辣鸡腿堡 仅剩61份,快来领取优惠券 新人立减5元 免费配送,25938,363,2026-08-01
P0209,APP Push,限时秒杀 免费麦辣鸡腿堡 仅剩49份,快来领取优惠券 新人立减5元 免费配送,40599,511,2026-08-01
P0209,APP Push,限时秒杀 免费麦辣鸡腿堡 仅剩36份,快来领取优惠券 新人立减5元 免费配送,35609,2184,2026-08-01
P0209,企微1v1,限时秒杀 免费麦辣鸡腿堡 仅剩37份,快来领取优惠券 新人立减5元 免费配送,8513,1827,2026-08-01
P0209,短信,限时秒杀 免费麦辣鸡腿堡 仅剩53份,快来领取优惠券 新人立减5元 免费配送,8900,3814,2026-08-01
P0209,短信,限时秒杀 免费麦辣鸡腿堡 仅剩92份,快来领取优惠券 新人立减5元 免费配送,46204,2857,2026-08-01
P0209,APP Push,限时秒杀 免费麦辣鸡腿堡 仅剩58份,快来领取优惠券 新人立减5元 免费配送,18961,641,2026-08-01
P0209,企微1v1,限时秒杀 免费麦辣鸡腿堡 仅剩97份,快来领取优惠券 新人立减5元 免费配送,31811,4439,2026-08-01
P0209,APP Push,限时秒杀 免费麦辣鸡腿堡 仅剩72份,快来领取优惠券 新人立减5元 免费配送,6361,2400,2026-08-01
P0209,短信,限时秒杀 免费麦辣鸡腿堡 仅剩25份,快来领取优惠券 新人立减5元 免费配送,6934,4010,2026-08-01
P0209,APP Push,限时秒杀 免费麦辣鸡腿堡 仅剩6份,快来领取优惠券 新人立减5元 免费配送,20862,1651,2026-08-01
P0209,短信,限时秒杀 免费麦辣鸡腿堡 仅剩91份,快来领取优惠券 新人立减5元 免费配送,8204,3175,2026-08-01
P0209,企微1v1,限时秒杀 免费麦辣鸡腿堡 仅剩63份,快来领取优惠券 新人立减5元 免费配送,8776,4682,2026-08-01
P0209,企微1v1,限时秒杀 免费麦辣鸡腿堡 仅剩98份,快来领取优惠券 新人立减5元 免费配送,12532,2674,2026-08-01
P0209,APP Push,限时秒杀 免费麦辣鸡腿堡 仅剩13份,快来领取优惠券 新人立减5元 免费配送,2208,4132,2026-08-01
P0210,APP Push,限时秒杀 免费麦辣鸡腿堡 仅剩78份,快来领取优惠券 新人立减5元 免费配送,22647,3449,2026-08-01
P0210,APP Push,限时秒杀 免费麦辣鸡腿堡 仅剩3份,快来领取优惠券 新人立减5元 免费配送,44139,2089,2026-08-01
P0210,APP Push,限时秒杀 免费麦辣鸡腿堡 仅剩63份,快来领取优惠券 新人立减5元 免费配送,32556,2802,2026-08-01
P0210,短信,限时秒杀 免费麦辣鸡腿堡 仅剩97份,快来领取优惠券 新人立减5元 免费配送,39826,1615,2026-08-01
P0210,短信,限时秒杀 免费麦辣鸡腿堡 仅剩42份,快来领取优惠券 新人立减5元 免费配送,16616,4040,2026-08-01
P0210,APP Push,限时秒杀 免费麦辣鸡腿堡 仅剩86份,快来领取优惠券 新人立减5元 免费配送,45549,2849,2026-08-01
P0210,短信,限时秒杀 免费麦辣鸡腿堡 仅剩73份,快来领取优惠券 新人立减5元 免费配送,46201,541,2026-08-01
P0210,短信,限时秒杀 免费麦辣鸡腿堡 仅剩4份,快来领取优惠券 新人立减5元 免费配送,22715,228,2026-08-01
P0210,短信,限时秒杀 免费麦辣鸡腿堡 仅剩64份,快来领取优惠券 新人立减5元 免费配送,44746,4477,2026-08-01
P0210,短信,限时秒杀 免费麦辣鸡腿堡 仅剩90份,快来领取优惠券 新人立减5元 免费配送,28867,4229,2026-08-01
P0210,短信,限时秒杀 免费麦辣鸡腿堡 仅剩38份,快来领取优惠券 新人立减5元 免费配送,47086,238,2026-08-01
P0210,APP Push,限时秒杀 免费麦辣鸡腿堡 仅剩71份,快来领取优惠券 新人立减5元 免费配送,6526,3588,2026-08-01
P0210,APP Push,限时秒杀 免费麦辣鸡腿堡 仅剩68份,快来领取优惠券 新人立减5元 免费配送,18839,307,2026-08-01
P0210,APP Push,限时秒杀 免费麦辣鸡腿堡 仅剩29份,快来领取优惠券 新人立减5元 免费配送,3804,2796,2026-08-01
P0210,APP Push,限时秒杀 免费麦辣鸡腿堡 仅剩83份,快来领取优惠券 新人立减5元 免费配送,42082,2253,2026-08-01
P0210,企微1v1,限时秒杀 免费麦辣鸡腿堡 仅剩79份,快来领取优惠券 新人立减5元 免费配送,44660,3456,2026-08-01
P0210,企微1v1,限时秒杀 免费麦辣鸡腿堡 仅剩80份,快来领取优惠券 新人立减5元 免费配送,2864,4069,2026-08-01
P0210,短信,限时秒杀 免费麦辣鸡腿堡 仅剩36份,快来领取优惠券 新人立减5元 免费配送,29496,4410,2026-08-01
P0210,企微1v1,限时秒杀 免费麦辣鸡腿堡 仅剩64份,快来领取优惠券 新人立减5元 免费配送,27615,3456,2026-08-01
P0210,短信,限时秒杀 免费麦辣鸡腿堡 仅剩70份,快来领取优惠券 新人立减5元 免费配送,15306,2654,2026-08-01
P0211,企微1v1,限时秒杀 免费麦辣鸡腿堡 仅剩46份,快来领取优惠券 新人立减5元 免费配送,24414,4973,2026-08-01
P0211,APP Push,限时秒杀 免费麦辣鸡腿堡 仅剩85份,快来领取优惠券 新人立减5元 免费配送,38293,2961,2026-08-01
P0211,APP Push,限时秒杀 免费麦辣鸡腿堡 仅剩8份,快来领取优惠券 新人立减5元 免费配送,8694,4831,2026-08-01
P0211,APP Push,限时秒杀 免费麦辣鸡腿堡 仅剩45份,快来领取优惠券 新人立减5元 免费配送,10922,3053,2026-08-01
P0211,短信,限时秒杀 免费麦辣鸡腿堡 仅剩94份,快来领取优惠券 新人立减5元 免费配送,37106,2504,2026-08-01
P0211,企微1v1,限时秒杀 免费麦辣鸡腿堡 仅剩92份,快来领取优惠券 新人立减5元 免费配送,42028,3864,2026-08-01
P0211,企微1v1,限时秒杀 免费麦辣鸡腿堡 仅剩63份,快来领取优惠券 新人立减5元 免费配送,2733,4243,2026-08-01
P0211,短信,限时秒杀 免费麦辣鸡腿堡 仅剩16份,快来领取优惠券 新人立减5元 免费配送,42127,3554,2026-08-01
P0211,APP Push,限时秒杀 免费麦辣鸡腿堡 仅剩94份,快来领取优惠券 新人立减5元 免费配送,39305,4460,2026-08-01
P0211,企微1v1,限时秒杀 免费麦辣鸡腿堡 仅剩40份,快来领取优惠券 新人立减5元 免费配送,22869,3517,2026-08-01
P0211,APP Push,限时秒杀 免费麦辣鸡腿堡 仅剩7份,快来领取优惠券 新人立减5元 免费配送,47548,2565,2026-08-01
P0211,APP Push,限时秒杀 免费麦辣鸡腿堡 仅剩36份,快来领取优惠券 新人立减5元 免费配送,33080,2853,2026-08-01
P0211,APP Push,限时秒杀 免费麦辣鸡腿堡 仅剩77份,快来领取优惠券 新人立减5元 免费配送,15852,4800,2026-08-01
P0211,短信,限时秒杀 免费麦辣鸡腿堡 仅剩6份,快来领取优惠券 新人立减5元 免费配送,1844,4582,2026-08-01
P0211,短信,限时秒杀 免费麦辣鸡腿堡 仅剩72份,快来领取优惠券 新人立减5元 免费配送,24176,4545,2026-08-01
P0211,APP Push,限时秒杀 免费麦辣鸡腿堡 仅剩84份,快来领取优惠券 新人立减5元 免费配送,43682,4603,2026-08-01
P0211,企微1v1,限时秒杀 免费麦辣鸡腿堡 仅剩54份,快来领取优惠券 新人立减5元 免费配送,47886,4638,2026-08-01
P0211,短信,限时秒杀 免费麦辣鸡腿堡 仅剩68份,快来领取优惠券 新人立减5元 免费配送,45007,1876,2026-08-01
P0211,APP Push,限时秒杀 免费麦辣鸡腿堡 仅剩52份,快来领取优惠券 新人立减5元 免费配送,41563,3576,2026-08-01
P0211,短信,限时秒杀 免费麦辣鸡腿堡 仅剩1份,快来领取优惠券 新人立减5元 免费配送,15975,3534,2026-08-01
P0212,APP Push,限时秒杀 免费麦辣鸡腿堡 仅剩99份,快来领取优惠券 新人立减5元 免费配送,34142,1947,2026-08-01
P0212,APP Push,限时秒杀 免费麦辣鸡腿堡 仅剩93份,快来领取优惠券 新人立减5元 免费配送,22753,4104,2026-08-01
P0212,APP Push,限时秒杀 免费麦辣鸡腿堡 仅剩71份,快来领取优惠券 新人立减5元 免费配送,40025,4316,2026-08-01
P0212,APP Push,限时秒杀 免费麦辣鸡腿堡 仅剩69份,快来领取优惠券 新人立减5元 免费配送,18341,4067,2026-08-01
P0212,企微1v1,限时秒杀 免费麦辣鸡腿堡 仅剩42份,快来领取优惠券 新人立减5元 免费配送,19967,3633,2026-08-01
P0212,短信,限时秒杀 免费麦辣鸡腿堡 仅剩85份,快来领取优惠券 新人立减5元 免费配送,23754,1124,2026-08-01
P0212,短信,限时秒杀 免费麦辣鸡腿堡 仅剩73份,快来领取优惠券 新人立减5元 免费配送,42864,3886,2026-08-01
P0212,企微1v1,限时秒杀 免费麦辣鸡腿堡 仅剩43份,快来领取优惠券 新人立减5元 免费配送,8390,4188,2026-08-01
P0212,短信,限时秒杀 免费麦辣鸡腿堡 仅剩17份,快来领取优惠券 新人立减5元 免费配送,10486,2524,2026-08-01
P0212,短信,限时秒杀 免费麦辣鸡腿堡 仅剩90份,快来领取优惠券 新人立减5元 免费配送,20905,3369,2026-08-01
P0212,APP Push,限时秒杀 免费麦辣鸡腿堡 仅剩95份,快来领取优惠券 新人立减5元 免费配送,14105,1771,2026-08-01
P0212,企微1v1,限时秒杀 免费麦辣鸡腿堡 仅剩43份,快来领取优惠券 新人立减5元 免费配送,48400,1341,2026-08-01
P0212,短信,限时秒杀 免费麦辣鸡腿堡 仅剩5份,快来领取优惠券 新人立减5元 免费配送,1870,4637,2026-08-01
P0212,短信,限时秒杀 免费麦辣鸡腿堡 仅剩96份,快来领取优惠券 新人立减5元 免费配送,2892,160,2026-08-01
P0212,企微1v1,限时秒杀 免费麦辣鸡腿堡 仅剩70份,快来领取优惠券 新人立减5元 免费配送,29567,2052,2026-08-01
P0212,企微1v1,限时秒杀 免费麦辣鸡腿堡 仅剩68份,快来领取优惠券 新人立减5元 免费配送,7119,330,2026-08-01
P0212,企微1v1,限时秒杀 免费麦辣鸡腿堡 仅剩22份,快来领取优惠券 新人立减5元 免费配送,29690,3125,2026-08-01
P0212,短信,限时秒杀 免费麦辣鸡腿堡 仅剩65份,快来领取优惠券 新人立减5元 免费配送,19850,3865,2026-08-01
P0212,短信,限时秒杀 免费麦辣鸡腿堡 仅剩33份,快来领取优惠券 新人立减5元 免费配送,28730,187,2026-08-01
P0212,短信,限时秒杀 免费麦辣鸡腿堡 仅剩12份,快来领取优惠券 新人立减5元 免费配送,21830,3951,2026-08-01
P0213,APP Push,限时秒杀 免费麦辣鸡腿堡 仅剩53份,快来领取优惠券 新人立减5元 免费配送,32936,1102,2026-08-01
P0213,APP Push,限时秒杀 免费麦辣鸡腿堡 仅剩88份,快来领取优惠券 新人立减5元 免费配送,46269,1815,2026-08-01
P0213,APP Push,限时秒杀 免费麦辣鸡腿堡 仅剩3份,快来领取优惠券 新人立减5元 免费配送,34509,1027,2026-08-01
P0213,APP Push,限时秒杀 免费麦辣鸡腿堡 仅剩14份,快来领取优惠券 新人立减5元 免费配送,45031,414,2026-08-01
P0213,APP Push,限时秒杀 免费麦辣鸡腿堡 仅剩15份,快来领取优惠券 新人立减5元 免费配送,8307,815,2026-08-01
P0213,APP Push,限时秒杀 免费麦辣鸡腿堡 仅剩12份,快来领取优惠券 新人立减5元 免费配送,13498,4550,2026-08-01
P0213,企微1v1,限时秒杀 免费麦辣鸡腿堡 仅剩80份,快来领取优惠券 新人立减5元 免费配送,38002,4161,2026-08-01
P0213,短信,限时秒杀 免费麦辣鸡腿堡 仅剩23份,快来领取优惠券 新人立减5元 免费配送,41438,4905,2026-08-01
P0213,企微1v1,限时秒杀 免费麦辣鸡腿堡 仅剩24份,快来领取优惠券 新人立减5元 免费配送,13950,229,2026-08-01
P0213,短信,限时秒杀 免费麦辣鸡腿堡 仅剩43份,快来领取优惠券 新人立减5元 免费配送,46651,4716,2026-08-01
P0213,短信,限时秒杀 免费麦辣鸡腿堡 仅剩26份,快来领取优惠券 新人立减5元 免费配送,31285,3006,2026-08-01
P0213,APP Push,限时秒杀 免费麦辣鸡腿堡 仅剩61份,快来领取优惠券 新人立减5元 免费配送,30920,3079,2026-08-01
P0213,APP Push,限时秒杀 免费麦辣鸡腿堡 仅剩68份,快来领取优惠券 新人立减5元 免费配送,13726,679,2026-08-01
P0213,APP Push,限时秒杀 免费麦辣鸡腿堡 仅剩95份,快来领取优惠券 新人立减5元 免费配送,32232,1393,2026-08-01
P0213,APP Push,限时秒杀 免费麦辣鸡腿堡 仅剩91份,快来领取优惠券 新人立减5元 免费配送,30355,4274,2026-08-01
P0213,APP Push,限时秒杀 免费麦辣鸡腿堡 仅剩88份,快来领取优惠券 新人立减5元 免费配送,1805,1017,2026-08-01
P0213,APP Push,限时秒杀 免费麦辣鸡腿堡 仅剩12份,快来领取优惠券 新人立减5元 免费配送,26963,347,2026-08-01
P0213,APP Push,限时秒杀 免费麦辣鸡腿堡 仅剩48份,快来领取优惠券 新人立减5元 免费配送,45591,2496,2026-08-01
P0213,APP Push,限时秒杀 免费麦辣鸡腿堡 仅剩5份,快来领取优惠券 新人立减5元 免费配送,8826,2747,2026-08-01
P0213,APP Push,限时秒杀 免费麦辣鸡腿堡 仅剩27份,快来领取优惠券 新人立减5元 免费配送,18040,4862,2026-08-01
P0214,企微1v1,限时秒杀 免费麦辣鸡腿堡 仅剩80份,快来领取优惠券 新人立减5元 免费配送,46492,2973,2026-08-01
P0214,短信,限时秒杀 免费麦辣鸡腿堡 仅剩69份,快来领取优惠券 新人立减5元 免费配送,15645,1933,2026-08-01
P0214,APP Push,限时秒杀 免费麦辣鸡腿堡 仅剩77份,快来领取优惠券 新人立减5元 免费配送,39641,4667,2026-08-01
P0214,APP Push,限时秒杀 免费麦辣鸡腿堡 仅剩38份,快来领取优惠券 新人立减5元 免费配送,41807,3798,2026-08-01
P0214,企微1v1,限时秒杀 免费麦辣鸡腿堡 仅剩48份,快来领取优惠券 新人立减5元 免费配送,49602,3798,2026-08-01
P0214,APP Push,限时秒杀 免费麦辣鸡腿堡 仅剩47份,快来领取优惠券 新人立减5元 免费配送,45778,2864,2026-08-01
P0214,企微1v1,限时秒杀 免费麦辣鸡腿堡 仅剩99份,快来领取优惠券 新人立减5元 免费配送,40450,219,2026-08-01
P0214,短信,限时秒杀 免费麦辣鸡腿堡 仅剩20份,快来领取优惠券 新人立减5元 免费配送,47867,3190,2026-08-01
P0214,短信,限时秒杀 免费麦辣鸡腿堡 仅剩89份,快来领取优惠券 新人立减5元 免费配送,31459,3068,2026-08-01
P0214,企微1v1,限时秒杀 免费麦辣鸡腿堡 仅剩37份,快来领取优惠券 新人立减5元 免费配送,6910,4576,2026-08-01
P0214,APP Push,限时秒杀 免费麦辣鸡腿堡 仅剩81份,快来领取优惠券 新人立减5元 免费配送,24485,1567,2026-08-01
P0214,短信,限时秒杀 免费麦辣鸡腿堡 仅剩94份,快来领取优惠券 新人立减5元 免费配送,40821,550,2026-08-01
P0214,企微1v1,限时秒杀 免费麦辣鸡腿堡 仅剩54份,快来领取优惠券 新人立减5元 免费配送,23968,1205,2026-08-01
P0214,短信,限时秒杀 免费麦辣鸡腿堡 仅剩32份,快来领取优惠券 新人立减5元 免费配送,47272,270,2026-08-01
P0214,短信,限时秒杀 免费麦辣鸡腿堡 仅剩69份,快来领取优惠券 新人立减5元 免费配送,32401,1180,2026-08-01
P0214,短信,限时秒杀 免费麦辣鸡腿堡 仅剩79份,快来领取优惠券 新人立减5元 免费配送,29358,2066,2026-08-01
P0214,短信,限时秒杀 免费麦辣鸡腿堡 仅剩73份,快来领取优惠券 新人立减5元 免费配送,18795,1361,2026-08-01
P0214,APP Push,限时秒杀 免费麦辣鸡腿堡 仅剩86份,快来领取优惠券 新人立减5元 免费配送,41401,4517,2026-08-01
P0214,企微1v1,限时秒杀 免费麦辣鸡腿堡 仅剩61份,快来领取优惠券 新人立减5元 免费配送,4278,4729,2026-08-01
P0214,短信,限时秒杀 免费麦辣鸡腿堡 仅剩52份,快来领取优惠券 新人立减5元 免费配送,10515,4495,2026-08-01
P0215,企微1v1,限时秒杀 免费麦辣鸡腿堡 仅剩16份,快来领取优惠券 新人立减5元 免费配送,4499,192,2026-08-01
P0215,APP Push,限时秒杀 免费麦辣鸡腿堡 仅剩88份,快来领取优惠券 新人立减5元 免费配送,14215,1185,2026-08-01
P0215,短信,限时秒杀 免费麦辣鸡腿堡 仅剩65份,快来领取优惠券 新人立减5元 免费配送,46320,2807,2026-08-01
P0215,企微1v1,限时秒杀 免费麦辣鸡腿堡 仅剩58份,快来领取优惠券 新人立减5元 免费配送,49072,1297,2026-08-01
P0215,短信,限时秒杀 免费麦辣鸡腿堡 仅剩99份,快来领取优惠券 新人立减5元 免费配送,20170,2814,2026-08-01
P0215,短信,限时秒杀 免费麦辣鸡腿堡 仅剩89份,快来领取优惠券 新人立减5元 免费配送,23207,1834,2026-08-01
P0215,企微1v1,限时秒杀 免费麦辣鸡腿堡 仅剩45份,快来领取优惠券 新人立减5元 免费配送,6987,399,2026-08-01
P0215,企微1v1,限时秒杀 免费麦辣鸡腿堡 仅剩65份,快来领取优惠券 新人立减5元 免费配送,36586,3997,2026-08-01
P0215,企微1v1,限时秒杀 免费麦辣鸡腿堡 仅剩74份,快来领取优惠券 新人立减5元 免费配送,14023,4966,2026-08-01
P0215,APP Push,限时秒杀 免费麦辣鸡腿堡 仅剩62份,快来领取优惠券 新人立减5元 免费配送,8996,2244,2026-08-01
P0215,企微1v1,限时秒杀 免费麦辣鸡腿堡 仅剩77份,快来领取优惠券 新人立减5元 免费配送,17246,3579,2026-08-01
P0215,短信,限时秒杀 免费麦辣鸡腿堡 仅剩47份,快来领取优惠券 新人立减5元 免费配送,27470,4776,2026-08-01
P0215,短信,限时秒杀 免费麦辣鸡腿堡 仅剩71份,快来领取优惠券 新人立减5元 免费配送,19128,449,2026-08-01
P0215,APP Push,限时秒杀 免费麦辣鸡腿堡 仅剩43份,快来领取优惠券 新人立减5元 免费配送,9205,4329,2026-08-01
P0215,短信,限时秒杀 免费麦辣鸡腿堡 仅剩23份,快来领取优惠券 新人立减5元 免费配送,4819,730,2026-08-01
P0215,APP Push,限时秒杀 免费麦辣鸡腿堡 仅剩30份,快来领取优惠券 新人立减5元 免费配送,36582,4567,2026-08-01
P0215,短信,限时秒杀 免费麦辣鸡腿堡 仅剩70份,快来领取优惠券 新人立减5元 免费配送,31831,4084,2026-08-01
P0215,短信,限时秒杀 免费麦辣鸡腿堡 仅剩13份,快来领取优惠券 新人立减5元 免费配送,24188,908,2026-08-01
P0215,企微1v1,限时秒杀 免费麦辣鸡腿堡 仅剩26份,快来领取优惠券 新人立减5元 免费配送,30480,836,2026-08-01
P0215,APP Push,限时秒杀 免费麦辣鸡腿堡 仅剩16份,快来领取优惠券 新人立减5元 免费配送,42576,4028,2026-08-01
P0216,短信,限时秒杀 免费麦辣鸡腿堡 仅剩19份,快来领取优惠券 新人立减5元 免费配送,31844,2517,2026-08-01
P0216,APP Push,限时秒杀 免费麦辣鸡腿堡 仅剩58份,快来领取优惠券 新人立减5元 免费配送,9692,4275,2026-08-01
P0216,企微1v1,限时秒杀 免费麦辣鸡腿堡 仅剩66份,快来领取优惠券 新人立减5元 免费配送,9594,4938,2026-08-01
P0216,APP Push,限时秒杀 免费麦辣鸡腿堡 仅剩95份,快来领取优惠券 新人立减5元 免费配送,5830,440,2026-08-01
P0216,短信,限时秒杀 免费麦辣鸡腿堡 仅剩5份,快来领取优惠券 新人立减5元 免费配送,21286,2386,2026-08-01
P0216,短信,限时秒杀 免费麦辣鸡腿堡 仅剩62份,快来领取优惠券 新人立减5元 免费配送,16397,3824,2026-08-01
P0216,短信,限时秒杀 免费麦辣鸡腿堡 仅剩80份,快来领取优惠券 新人立减5元 免费配送,14233,3088,2026-08-01
P0216,短信,限时秒杀 免费麦辣鸡腿堡 仅剩49份,快来领取优惠券 新人立减5元 免费配送,15024,3591,2026-08-01
P0216,短信,限时秒杀 免费麦辣鸡腿堡 仅剩77份,快来领取优惠券 新人立减5元 免费配送,10079,694,2026-08-01
P0216,短信,限时秒杀 免费麦辣鸡腿堡 仅剩30份,快来领取优惠券 新人立减5元 免费配送,42802,3587,2026-08-01
P0216,企微1v1,限时秒杀 免费麦辣鸡腿堡 仅剩27份,快来领取优惠券 新人立减5元 免费配送,20162,1314,2026-08-01
P0216,APP Push,限时秒杀 免费麦辣鸡腿堡 仅剩36份,快来领取优惠券 新人立减5元 免费配送,24430,975,2026-08-01
P0216,APP Push,限时秒杀 免费麦辣鸡腿堡 仅剩48份,快来领取优惠券 新人立减5元 免费配送,45602,4600,2026-08-01
P0216,企微1v1,限时秒杀 免费麦辣鸡腿堡 仅剩15份,快来领取优惠券 新人立减5元 免费配送,14519,3075,2026-08-01
P0216,企微1v1,限时秒杀 免费麦辣鸡腿堡 仅剩24份,快来领取优惠券 新人立减5元 免费配送,13176,3364,2026-08-01
P0216,企微1v1,限时秒杀 免费麦辣鸡腿堡 仅剩80份,快来领取优惠券 新人立减5元 免费配送,49019,1320,2026-08-01
P0216,APP Push,限时秒杀 免费麦辣鸡腿堡 仅剩47份,快来领取优惠券 新人立减5元 免费配送,49100,293,2026-08-01
P0216,企微1v1,限时秒杀 免费麦辣鸡腿堡 仅剩61份,快来领取优惠券 新人立减5元 免费配送,22047,1503,2026-08-01
P0216,短信,限时秒杀 免费麦辣鸡腿堡 仅剩79份,快来领取优惠券 新人立减5元 免费配送,14890,656,2026-08-01
P0216,短信,限时秒杀 免费麦辣鸡腿堡 仅剩8份,快来领取优惠券 新人立减5元 免费配送,13295,292,2026-08-01
P0217,企微1v1,限时秒杀 免费麦辣鸡腿堡 仅剩77份,快来领取优惠券 新人立减5元 免费配送,24387,3320,2026-08-01
P0217,企微1v1,限时秒杀 免费麦辣鸡腿堡 仅剩9份,快来领取优惠券 新人立减5元 免费配送,6857,950,2026-08-01
P0217,短信,限时秒杀 免费麦辣鸡腿堡 仅剩93份,快来领取优惠券 新人立减5元 免费配送,16409,884,2026-08-01
P0217,APP Push,限时秒杀 免费麦辣鸡腿堡 仅剩53份,快来领取优惠券 新人立减5元 免费配送,14968,1654,2026-08-01
P0217,短信,限时秒杀 免费麦辣鸡腿堡 仅剩60份,快来领取优惠券 新人立减5元 免费配送,13438,166,2026-08-01
P0217,APP Push,限时秒杀 免费麦辣鸡腿堡 仅剩83份,快来领取优惠券 新人立减5元 免费配送,12864,203,2026-08-01
P0217,企微1v1,限时秒杀 免费麦辣鸡腿堡 仅剩21份,快来领取优惠券 新人立减5元 免费配送,4486,4676,2026-08-01
P0217,企微1v1,限时秒杀 免费麦辣鸡腿堡 仅剩56份,快来领取优惠券 新人立减5元 免费配送,5567,3061,2026-08-01
P0217,企微1v1,限时秒杀 免费麦辣鸡腿堡 仅剩86份,快来领取优惠券 新人立减5元 免费配送,1899,3456,2026-08-01
P0217,企微1v1,限时秒杀 免费麦辣鸡腿堡 仅剩45份,快来领取优惠券 新人立减5元 免费配送,22211,2851,2026-08-01
P0217,短信,限时秒杀 免费麦辣鸡腿堡 仅剩55份,快来领取优惠券 新人立减5元 免费配送,25431,3041,2026-08-01
P0217,企微1v1,限时秒杀 免费麦辣鸡腿堡 仅剩89份,快来领取优惠券 新人立减5元 免费配送,23317,1116,2026-08-01
P0217,短信,限时秒杀 免费麦辣鸡腿堡 仅剩65份,快来领取优惠券 新人立减5元 免费配送,37657,4536,2026-08-01
P0217,APP Push,限时秒杀 免费麦辣鸡腿堡 仅剩79份,快来领取优惠券 新人立减5元 免费配送,48491,4545,2026-08-01
P0217,企微1v1,限时秒杀 免费麦辣鸡腿堡 仅剩82份,快来领取优惠券 新人立减5元 免费配送,6379,2046,2026-08-01
P0217,APP Push,限时秒杀 免费麦辣鸡腿堡 仅剩40份,快来领取优惠券 新人立减5元 免费配送,6006,2175,2026-08-01
P0217,企微1v1,限时秒杀 免费麦辣鸡腿堡 仅剩25份,快来领取优惠券 新人立减5元 免费配送,30763,4836,2026-08-01
P0217,APP Push,限时秒杀 免费麦辣鸡腿堡 仅剩36份,快来领取优惠券 新人立减5元 免费配送,1668,4765,2026-08-01
P0217,企微1v1,限时秒杀 免费麦辣鸡腿堡 仅剩40份,快来领取优惠券 新人立减5元 免费配送,42513,4588,2026-08-01
P0217,短信,限时秒杀 免费麦辣鸡腿堡 仅剩99份,快来领取优惠券 新人立减5元 免费配送,7183,948,2026-08-01
P0218,短信,限时秒杀 免费麦辣鸡腿堡 仅剩39份,快来领取优惠券 新人立减5元 免费配送,7048,1678,2026-08-01
P0218,企微1v1,限时秒杀 免费麦辣鸡腿堡 仅剩32份,快来领取优惠券 新人立减5元 免费配送,48925,2748,2026-08-01
P0218,短信,限时秒杀 免费麦辣鸡腿堡 仅剩82份,快来领取优惠券 新人立减5元 免费配送,20176,1769,2026-08-01
P0218,短信,限时秒杀 免费麦辣鸡腿堡 仅剩89份,快来领取优惠券 新人立减5元 免费配送,7754,4448,2026-08-01
P0218,短信,限时秒杀 免费麦辣鸡腿堡 仅剩70份,快来领取优惠券 新人立减5元 免费配送,30549,3955,2026-08-01
P0218,企微1v1,限时秒杀 免费麦辣鸡腿堡 仅剩17份,快来领取优惠券 新人立减5元 免费配送,28166,988,2026-08-01
P0218,企微1v1,限时秒杀 免费麦辣鸡腿堡 仅剩53份,快来领取优惠券 新人立减5元 免费配送,44948,948,2026-08-01
P0218,APP Push,限时秒杀 免费麦辣鸡腿堡 仅剩31份,快来领取优惠券 新人立减5元 免费配送,29674,2760,2026-08-01
P0218,短信,限时秒杀 免费麦辣鸡腿堡 仅剩37份,快来领取优惠券 新人立减5元 免费配送,27520,4057,2026-08-01
P0218,APP Push,限时秒杀 免费麦辣鸡腿堡 仅剩3份,快来领取优惠券 新人立减5元 免费配送,49003,4754,2026-08-01
P0218,APP Push,限时秒杀 免费麦辣鸡腿堡 仅剩31份,快来领取优惠券 新人立减5元 免费配送,25276,2793,2026-08-01
P0218,APP Push,限时秒杀 免费麦辣鸡腿堡 仅剩87份,快来领取优惠券 新人立减5元 免费配送,11076,3934,2026-08-01
P0218,企微1v1,限时秒杀 免费麦辣鸡腿堡 仅剩96份,快来领取优惠券 新人立减5元 免费配送,1198,4668,2026-08-01
P0218,企微1v1,限时秒杀 免费麦辣鸡腿堡 仅剩7份,快来领取优惠券 新人立减5元 免费配送,2643,2540,2026-08-01
P0218,短信,限时秒杀 免费麦辣鸡腿堡 仅剩18份,快来领取优惠券 新人立减5元 免费配送,6137,3632,2026-08-01
P0218,短信,限时秒杀 免费麦辣鸡腿堡 仅剩72份,快来领取优惠券 新人立减5元 免费配送,28294,2789,2026-08-01
P0218,企微1v1,限时秒杀 免费麦辣鸡腿堡 仅剩26份,快来领取优惠券 新人立减5元 免费配送,17010,2270,2026-08-01
P0218,APP Push,限时秒杀 免费麦辣鸡腿堡 仅剩83份,快来领取优惠券 新人立减5元 免费配送,19356,3647,2026-08-01
P0218,APP Push,限时秒杀 免费麦辣鸡腿堡 仅剩82份,快来领取优惠券 新人立减5元 免费配送,9614,1540,2026-08-01
P0218,短信,限时秒杀 免费麦辣鸡腿堡 仅剩97份,快来领取优惠券 新人立减5元 免费配送,11897,2150,2026-08-01
P0219,短信,限时秒杀 免费麦辣鸡腿堡 仅剩35份,快来领取优惠券 新人立减5元 免费配送,48405,2762,2026-08-01
P0219,企微1v1,限时秒杀 免费麦辣鸡腿堡 仅剩40份,快来领取优惠券 新人立减5元 免费配送,12920,971,2026-08-01
P0219,企微1v1,限时秒杀 免费麦辣鸡腿堡 仅剩60份,快来领取优惠券 新人立减5元 免费配送,13435,1176,2026-08-01
P0219,企微1v1,限时秒杀 免费麦辣鸡腿堡 仅剩61份,快来领取优惠券 新人立减5元 免费配送,35957,2134,2026-08-01
P0219,短信,限时秒杀 免费麦辣鸡腿堡 仅剩37份,快来领取优惠券 新人立减5元 免费配送,5342,599,2026-08-01
P0219,企微1v1,限时秒杀 免费麦辣鸡腿堡 仅剩90份,快来领取优惠券 新人立减5元 免费配送,21869,1993,2026-08-01
P0219,APP Push,限时秒杀 免费麦辣鸡腿堡 仅剩24份,快来领取优惠券 新人立减5元 免费配送,47054,3999,2026-08-01
P0219,短信,限时秒杀 免费麦辣鸡腿堡 仅剩83份,快来领取优惠券 新人立减5元 免费配送,22473,4556,2026-08-01
P0219,企微1v1,限时秒杀 免费麦辣鸡腿堡 仅剩32份,快来领取优惠券 新人立减5元 免费配送,23567,819,2026-08-01
P0219,企微1v1,限时秒杀 免费麦辣鸡腿堡 仅剩14份,快来领取优惠券 新人立减5元 免费配送,41718,2497,2026-08-01
P0219,APP Push,限时秒杀 免费麦辣鸡腿堡 仅剩20份,快来领取优惠券 新人立减5元 免费配送,35706,4896,2026-08-01
P0219,APP Push,限时秒杀 免费麦辣鸡腿堡 仅剩63份,快来领取优惠券 新人立减5元 免费配送,11463,4089,2026-08-01
P0219,企微1v1,限时秒杀 免费麦辣鸡腿堡 仅剩32份,快来领取优惠券 新人立减5元 免费配送,12047,4978,2026-08-01
P0219,短信,限时秒杀 免费麦辣鸡腿堡 仅剩94份,快来领取优惠券 新人立减5元 免费配送,16711,1532,2026-08-01
P0219,企微1v1,限时秒杀 免费麦辣鸡腿堡 仅剩3份,快来领取优惠券 新人立减5元 免费配送,38055,1206,2026-08-01
P0219,短信,限时秒杀 免费麦辣鸡腿堡 仅剩90份,快来领取优惠券 新人立减5元 免费配送,17202,3862,2026-08-01
P0219,企微1v1,限时秒杀 免费麦辣鸡腿堡 仅剩48份,快来领取优惠券 新人立减5元 免费配送,40699,4151,2026-08-01
P0219,APP Push,限时秒杀 免费麦辣鸡腿堡 仅剩66份,快来领取优惠券 新人立减5元 免费配送,38506,4203,2026-08-01
P0219,企微1v1,限时秒杀 免费麦辣鸡腿堡 仅剩14份,快来领取优惠券 新人立减5元 免费配送,14770,3914,2026-08-01
P0219,APP Push,限时秒杀 免费麦辣鸡腿堡 仅剩3份,快来领取优惠券 新人立减5元 免费配送,30812,107,2026-08-01
P0220,APP Push,限时秒杀 免费麦辣鸡腿堡 仅剩64份,快来领取优惠券 新人立减5元 免费配送,14423,690,2026-08-01
P0220,APP Push,限时秒杀 免费麦辣鸡腿堡 仅剩55份,快来领取优惠券 新人立减5元 免费配送,41539,4910,2026-08-01
P0220,短信,限时秒杀 免费麦辣鸡腿堡 仅剩3份,快来领取优惠券 新人立减5元 免费配送,12366,3430,2026-08-01
P0220,企微1v1,限时秒杀 免费麦辣鸡腿堡 仅剩48份,快来领取优惠券 新人立减5元 免费配送,40798,2914,2026-08-01
P0220,短信,限时秒杀 免费麦辣鸡腿堡 仅剩8份,快来领取优惠券 新人立减5元 免费配送,48466,2138,2026-08-01
P0220,短信,限时秒杀 免费麦辣鸡腿堡 仅剩35份,快来领取优惠券 新人立减5元 免费配送,10813,2636,2026-08-01
P0220,APP Push,限时秒杀 免费麦辣鸡腿堡 仅剩38份,快来领取优惠券 新人立减5元 免费配送,20361,3704,2026-08-01
P0220,短信,限时秒杀 免费麦辣鸡腿堡 仅剩4份,快来领取优惠券 新人立减5元 免费配送,2666,2914,2026-08-01
P0220,企微1v1,限时秒杀 免费麦辣鸡腿堡 仅剩86份,快来领取优惠券 新人立减5元 免费配送,39773,581,2026-08-01
P0220,短信,限时秒杀 免费麦辣鸡腿堡 仅剩25份,快来领取优惠券 新人立减5元 免费配送,23265,1902,2026-08-01
P0220,企微1v1,限时秒杀 免费麦辣鸡腿堡 仅剩94份,快来领取优惠券 新人立减5元 免费配送,34293,4589,2026-08-01
P0220,企微1v1,限时秒杀 免费麦辣鸡腿堡 仅剩10份,快来领取优惠券 新人立减5元 免费配送,38825,864,2026-08-01
P0220,APP Push,限时秒杀 免费麦辣鸡腿堡 仅剩42份,快来领取优惠券 新人立减5元 免费配送,35147,1473,2026-08-01
P0220,企微1v1,限时秒杀 免费麦辣鸡腿堡 仅剩74份,快来领取优惠券 新人立减5元 免费配送,9791,257,2026-08-01
P0220,企微1v1,限时秒杀 免费麦辣鸡腿堡 仅剩79份,快来领取优惠券 新人立减5元 免费配送,22976,2748,2026-08-01
P0220,APP Push,限时秒杀 免费麦辣鸡腿堡 仅剩11份,快来领取优惠券 新人立减5元 免费配送,21494,945,2026-08-01
P0220,企微1v1,限时秒杀 免费麦辣鸡腿堡 仅剩6份,快来领取优惠券 新人立减5元 免费配送,44950,815,2026-08-01
P0220,短信,限时秒杀 免费麦辣鸡腿堡 仅剩84份,快来领取优惠券 新人立减5元 免费配送,32901,355,2026-08-01
P0220,企微1v1,限时秒杀 免费麦辣鸡腿堡 仅剩73份,快来领取优惠券 新人立减5元 免费配送,39028,928,2026-08-01
P0220,企微1v1,限时秒杀 免费麦辣鸡腿堡 仅剩52份,快来领取优惠券 新人立减5元 免费配送,24819,4960,2026-08-01
P0221,短信,限时秒杀 免费麦辣鸡腿堡 仅剩90份,快来领取优惠券 新人立减5元 免费配送,11334,945,2026-08-01
P0221,短信,限时秒杀 免费麦辣鸡腿堡 仅剩20份,快来领取优惠券 新人立减5元 免费配送,46617,2507,2026-08-01
P0221,企微1v1,限时秒杀 免费麦辣鸡腿堡 仅剩99份,快来领取优惠券 新人立减5元 免费配送,2168,3074,2026-08-01
P0221,短信,限时秒杀 免费麦辣鸡腿堡 仅剩43份,快来领取优惠券 新人立减5元 免费配送,33162,4667,2026-08-01
P0221,短信,限时秒杀 免费麦辣鸡腿堡 仅剩44份,快来领取优惠券 新人立减5元 免费配送,34317,1526,2026-08-01
P0221,APP Push,限时秒杀 免费麦辣鸡腿堡 仅剩59份,快来领取优惠券 新人立减5元 免费配送,13501,3115,2026-08-01
P0221,短信,限时秒杀 免费麦辣鸡腿堡 仅剩4份,快来领取优惠券 新人立减5元 免费配送,5689,1042,2026-08-01
P0221,APP Push,限时秒杀 免费麦辣鸡腿堡 仅剩49份,快来领取优惠券 新人立减5元 免费配送,37778,2000,2026-08-01
P0221,短信,限时秒杀 免费麦辣鸡腿堡 仅剩64份,快来领取优惠券 新人立减5元 免费配送,6975,3408,2026-08-01
P0221,企微1v1,限时秒杀 免费麦辣鸡腿堡 仅剩30份,快来领取优惠券 新人立减5元 免费配送,1073,3340,2026-08-01
P0221,APP Push,限时秒杀 免费麦辣鸡腿堡 仅剩68份,快来领取优惠券 新人立减5元 免费配送,38879,3135,2026-08-01
P0221,企微1v1,限时秒杀 免费麦辣鸡腿堡 仅剩83份,快来领取优惠券 新人立减5元 免费配送,13421,2595,2026-08-01
P0221,APP Push,限时秒杀 免费麦辣鸡腿堡 仅剩84份,快来领取优惠券 新人立减5元 免费配送,40578,792,2026-08-01
P0221,企微1v1,限时秒杀 免费麦辣鸡腿堡 仅剩62份,快来领取优惠券 新人立减5元 免费配送,3808,1460,2026-08-01
P0221,企微1v1,限时秒杀 免费麦辣鸡腿堡 仅剩9份,快来领取优惠券 新人立减5元 免费配送,26144,4000,2026-08-01
P0221,APP Push,限时秒杀 免费麦辣鸡腿堡 仅剩75份,快来领取优惠券 新人立减5元 免费配送,18622,3257,2026-08-01
P0221,APP Push,限时秒杀 免费麦辣鸡腿堡 仅剩69份,快来领取优惠券 新人立减5元 免费配送,4121,1574,2026-08-01
P0221,企微1v1,限时秒杀 免费麦辣鸡腿堡 仅剩89份,快来领取优惠券 新人立减5元 免费配送,9338,3375,2026-08-01
P0221,APP Push,限时秒杀 免费麦辣鸡腿堡 仅剩31份,快来领取优惠券 新人立减5元 免费配送,30085,4851,2026-08-01
P0221,APP Push,限时秒杀 免费麦辣鸡腿堡 仅剩8份,快来领取优惠券 新人立减5元 免费配送,38400,1802,2026-08-01
P0222,短信,限时秒杀 免费麦辣鸡腿堡 仅剩22份,快来领取优惠券 新人立减5元 免费配送,41855,4495,2026-08-01
P0222,短信,限时秒杀 免费麦辣鸡腿堡 仅剩48份,快来领取优惠券 新人立减5元 免费配送,11873,1662,2026-08-01
P0222,APP Push,限时秒杀 免费麦辣鸡腿堡 仅剩61份,快来领取优惠券 新人立减5元 免费配送,37537,3889,2026-08-01
P0222,短信,限时秒杀 免费麦辣鸡腿堡 仅剩48份,快来领取优惠券 新人立减5元 免费配送,39489,2930,2026-08-01
P0222,短信,限时秒杀 免费麦辣鸡腿堡 仅剩61份,快来领取优惠券 新人立减5元 免费配送,5311,3652,2026-08-01
P0222,企微1v1,限时秒杀 免费麦辣鸡腿堡 仅剩58份,快来领取优惠券 新人立减5元 免费配送,40710,3924,2026-08-01
P0222,企微1v1,限时秒杀 免费麦辣鸡腿堡 仅剩80份,快来领取优惠券 新人立减5元 免费配送,10126,3305,2026-08-01
P0222,短信,限时秒杀 免费麦辣鸡腿堡 仅剩56份,快来领取优惠券 新人立减5元 免费配送,3197,3287,2026-08-01
P0222,企微1v1,限时秒杀 免费麦辣鸡腿堡 仅剩5份,快来领取优惠券 新人立减5元 免费配送,20364,1772,2026-08-01
P0222,APP Push,限时秒杀 免费麦辣鸡腿堡 仅剩77份,快来领取优惠券 新人立减5元 免费配送,21332,2576,2026-08-01
P0222,企微1v1,限时秒杀 免费麦辣鸡腿堡 仅剩80份,快来领取优惠券 新人立减5元 免费配送,23239,1671,2026-08-01
P0222,APP Push,限时秒杀 免费麦辣鸡腿堡 仅剩19份,快来领取优惠券 新人立减5元 免费配送,18524,4718,2026-08-01
P0222,短信,限时秒杀 免费麦辣鸡腿堡 仅剩54份,快来领取优惠券 新人立减5元 免费配送,5167,646,2026-08-01
P0222,企微1v1,限时秒杀 免费麦辣鸡腿堡 仅剩24份,快来领取优惠券 新人立减5元 免费配送,47413,3746,2026-08-01
P0222,企微1v1,限时秒杀 免费麦辣鸡腿堡 仅剩91份,快来领取优惠券 新人立减5元 免费配送,47972,392,2026-08-01
P0222,短信,限时秒杀 免费麦辣鸡腿堡 仅剩41份,快来领取优惠券 新人立减5元 免费配送,1751,3936,2026-08-01
P0222,APP Push,限时秒杀 免费麦辣鸡腿堡 仅剩2份,快来领取优惠券 新人立减5元 免费配送,23759,3130,2026-08-01
P0222,APP Push,限时秒杀 免费麦辣鸡腿堡 仅剩33份,快来领取优惠券 新人立减5元 免费配送,9667,2213,2026-08-01
P0222,APP Push,限时秒杀 免费麦辣鸡腿堡 仅剩35份,快来领取优惠券 新人立减5元 免费配送,18368,2747,2026-08-01
P0222,短信,限时秒杀 免费麦辣鸡腿堡 仅剩49份,快来领取优惠券 新人立减5元 免费配送,29839,1273,2026-08-01
P0223,企微1v1,限时秒杀 免费麦辣鸡腿堡 仅剩30份,快来领取优惠券 新人立减5元 免费配送,10448,4936,2026-08-01
P0223,短信,限时秒杀 免费麦辣鸡腿堡 仅剩39份,快来领取优惠券 新人立减5元 免费配送,44497,533,2026-08-01
P0223,APP Push,限时秒杀 免费麦辣鸡腿堡 仅剩35份,快来领取优惠券 新人立减5元 免费配送,27704,2246,2026-08-01
P0223,短信,限时秒杀 免费麦辣鸡腿堡 仅剩5份,快来领取优惠券 新人立减5元 免费配送,22519,1932,2026-08-01
P0223,企微1v1,限时秒杀 免费麦辣鸡腿堡 仅剩12份,快来领取优惠券 新人立减5元 免费配送,42025,3804,2026-08-01
P0223,APP Push,限时秒杀 免费麦辣鸡腿堡 仅剩71份,快来领取优惠券 新人立减5元 免费配送,22843,4785,2026-08-01
P0223,APP Push,限时秒杀 免费麦辣鸡腿堡 仅剩19份,快来领取优惠券 新人立减5元 免费配送,5383,2885,2026-08-01
P0223,APP Push,限时秒杀 免费麦辣鸡腿堡 仅剩36份,快来领取优惠券 新人立减5元 免费配送,39415,365,2026-08-01
P0223,短信,限时秒杀 免费麦辣鸡腿堡 仅剩9份,快来领取优惠券 新人立减5元 免费配送,1416,1732,2026-08-01
P0223,APP Push,限时秒杀 免费麦辣鸡腿堡 仅剩14份,快来领取优惠券 新人立减5元 免费配送,9294,758,2026-08-01
P0223,短信,限时秒杀 免费麦辣鸡腿堡 仅剩8份,快来领取优惠券 新人立减5元 免费配送,38543,4747,2026-08-01
P0223,企微1v1,限时秒杀 免费麦辣鸡腿堡 仅剩2份,快来领取优惠券 新人立减5元 免费配送,36234,966,2026-08-01
P0223,企微1v1,限时秒杀 免费麦辣鸡腿堡 仅剩60份,快来领取优惠券 新人立减5元 免费配送,30017,781,2026-08-01
P0223,企微1v1,限时秒杀 免费麦辣鸡腿堡 仅剩30份,快来领取优惠券 新人立减5元 免费配送,29992,467,2026-08-01
P0223,短信,限时秒杀 免费麦辣鸡腿堡 仅剩65份,快来领取优惠券 新人立减5元 免费配送,31632,2786,2026-08-01
P0223,企微1v1,限时秒杀 免费麦辣鸡腿堡 仅剩57份,快来领取优惠券 新人立减5元 免费配送,33773,545,2026-08-01
P0223,短信,限时秒杀 免费麦辣鸡腿堡 仅剩47份,快来领取优惠券 新人立减5元 免费配送,41738,3997,2026-08-01
P0223,企微1v1,限时秒杀 免费麦辣鸡腿堡 仅剩30份,快来领取优惠券 新人立减5元 免费配送,41200,1843,2026-08-01
P0223,短信,限时秒杀 免费麦辣鸡腿堡 仅剩11份,快来领取优惠券 新人立减5元 免费配送,20546,2311,2026-08-01
P0223,APP Push,限时秒杀 免费麦辣鸡腿堡 仅剩44份,快来领取优惠券 新人立减5元 免费配送,6749,2843,2026-08-01
P0224,企微1v1,限时秒杀 免费麦辣鸡腿堡 仅剩67份,快来领取优惠券 新人立减5元 免费配送,11410,1437,2026-08-01
P0224,短信,限时秒杀 免费麦辣鸡腿堡 仅剩30份,快来领取优惠券 新人立减5元 免费配送,36257,473,2026-08-01
P0224,企微1v1,限时秒杀 免费麦辣鸡腿堡 仅剩88份,快来领取优惠券 新人立减5元 免费配送,12782,2247,2026-08-01
P0224,企微1v1,限时秒杀 免费麦辣鸡腿堡 仅剩65份,快来领取优惠券 新人立减5元 免费配送,13307,1907,2026-08-01
P0224,短信,限时秒杀 免费麦辣鸡腿堡 仅剩68份,快来领取优惠券 新人立减5元 免费配送,35925,769,2026-08-01
P0224,APP Push,限时秒杀 免费麦辣鸡腿堡 仅剩74份,快来领取优惠券 新人立减5元 免费配送,14489,1276,2026-08-01
P0224,APP Push,限时秒杀 免费麦辣鸡腿堡 仅剩20份,快来领取优惠券 新人立减5元 免费配送,9558,4203,2026-08-01
P0224,APP Push,限时秒杀 免费麦辣鸡腿堡 仅剩50份,快来领取优惠券 新人立减5元 免费配送,35564,3616,2026-08-01
P0224,短信,限时秒杀 免费麦辣鸡腿堡 仅剩39份,快来领取优惠券 新人立减5元 免费配送,17063,595,2026-08-01
P0224,企微1v1,限时秒杀 免费麦辣鸡腿堡 仅剩18份,快来领取优惠券 新人立减5元 免费配送,23884,922,2026-08-01
P0224,企微1v1,限时秒杀 免费麦辣鸡腿堡 仅剩14份,快来领取优惠券 新人立减5元 免费配送,36523,719,2026-08-01
P0224,短信,限时秒杀 免费麦辣鸡腿堡 仅剩81份,快来领取优惠券 新人立减5元 免费配送,40837,2759,2026-08-01
P0224,短信,限时秒杀 免费麦辣鸡腿堡 仅剩32份,快来领取优惠券 新人立减5元 免费配送,35045,1994,2026-08-01
P0224,短信,限时秒杀 免费麦辣鸡腿堡 仅剩13份,快来领取优惠券 新人立减5元 免费配送,3474,409,2026-08-01
P0224,短信,限时秒杀 免费麦辣鸡腿堡 仅剩92份,快来领取优惠券 新人立减5元 免费配送,21153,3467,2026-08-01
P0224,企微1v1,限时秒杀 免费麦辣鸡腿堡 仅剩13份,快来领取优惠券 新人立减5元 免费配送,2444,289,2026-08-01
P0224,APP Push,限时秒杀 免费麦辣鸡腿堡 仅剩7份,快来领取优惠券 新人立减5元 免费配送,18014,2918,2026-08-01
P0224,短信,限时秒杀 免费麦辣鸡腿堡 仅剩78份,快来领取优惠券 新人立减5元 免费配送,44823,3132,2026-08-01
P0224,企微1v1,限时秒杀 免费麦辣鸡腿堡 仅剩14份,快来领取优惠券 新人立减5元 免费配送,5737,1947,2026-08-01
P0224,企微1v1,限时秒杀 免费麦辣鸡腿堡 仅剩34份,快来领取优惠券 新人立减5元 免费配送,38223,4408,2026-08-01
P0225,APP Push,限时秒杀 免费麦辣鸡腿堡 仅剩51份,快来领取优惠券 新人立减5元 免费配送,42048,4403,2026-08-01
P0225,APP Push,限时秒杀 免费麦辣鸡腿堡 仅剩14份,快来领取优惠券 新人立减5元 免费配送,21137,530,2026-08-01
P0225,短信,限时秒杀 免费麦辣鸡腿堡 仅剩16份,快来领取优惠券 新人立减5元 免费配送,43002,2003,2026-08-01
P0225,短信,限时秒杀 免费麦辣鸡腿堡 仅剩73份,快来领取优惠券 新人立减5元 免费配送,9827,571,2026-08-01
P0225,企微1v1,限时秒杀 免费麦辣鸡腿堡 仅剩9份,快来领取优惠券 新人立减5元 免费配送,23258,1083,2026-08-01
P0225,企微1v1,限时秒杀 免费麦辣鸡腿堡 仅剩89份,快来领取优惠券 新人立减5元 免费配送,21922,554,2026-08-01
P0225,企微1v1,限时秒杀 免费麦辣鸡腿堡 仅剩10份,快来领取优惠券 新人立减5元 免费配送,18992,4695,2026-08-01
P0225,企微1v1,限时秒杀 免费麦辣鸡腿堡 仅剩34份,快来领取优惠券 新人立减5元 免费配送,29582,930,2026-08-01
P0225,短信,限时秒杀 免费麦辣鸡腿堡 仅剩72份,快来领取优惠券 新人立减5元 免费配送,25423,2963,2026-08-01
P0225,企微1v1,限时秒杀 免费麦辣鸡腿堡 仅剩47份,快来领取优惠券 新人立减5元 免费配送,26318,4592,2026-08-01
P0225,短信,限时秒杀 免费麦辣鸡腿堡 仅剩28份,快来领取优惠券 新人立减5元 免费配送,46499,1259,2026-08-01
P0225,短信,限时秒杀 免费麦辣鸡腿堡 仅剩96份,快来领取优惠券 新人立减5元 免费配送,29284,3831,2026-08-01
P0225,企微1v1,限时秒杀 免费麦辣鸡腿堡 仅剩60份,快来领取优惠券 新人立减5元 免费配送,33341,4199,2026-08-01
P0225,短信,限时秒杀 免费麦辣鸡腿堡 仅剩98份,快来领取优惠券 新人立减5元 免费配送,22774,597,2026-08-01
P0225,APP Push,限时秒杀 免费麦辣鸡腿堡 仅剩17份,快来领取优惠券 新人立减5元 免费配送,10269,4336,2026-08-01
P0225,APP Push,限时秒杀 免费麦辣鸡腿堡 仅剩71份,快来领取优惠券 新人立减5元 免费配送,46174,3694,2026-08-01
P0225,企微1v1,限时秒杀 免费麦辣鸡腿堡 仅剩76份,快来领取优惠券 新人立减5元 免费配送,28495,1874,2026-08-01
P0225,短信,限时秒杀 免费麦辣鸡腿堡 仅剩31份,快来领取优惠券 新人立减5元 免费配送,21042,2711,2026-08-01
P0225,企微1v1,限时秒杀 免费麦辣鸡腿堡 仅剩82份,快来领取优惠券 新人立减5元 免费配送,10683,4113,2026-08-01
P0225,短信,限时秒杀 免费麦辣鸡腿堡 仅剩37份,快来领取优惠券 新人立减5元 免费配送,22019,1516,2026-08-01
P0226,APP Push,限时秒杀 免费麦辣鸡腿堡 仅剩34份,快来领取优惠券 新人立减5元 免费配送,8601,376,2026-08-01
P0226,APP Push,限时秒杀 免费麦辣鸡腿堡 仅剩33份,快来领取优惠券 新人立减5元 免费配送,38329,4706,2026-08-01
P0226,APP Push,限时秒杀 免费麦辣鸡腿堡 仅剩88份,快来领取优惠券 新人立减5元 免费配送,4911,337,2026-08-01
P0226,短信,限时秒杀 免费麦辣鸡腿堡 仅剩24份,快来领取优惠券 新人立减5元 免费配送,3303,978,2026-08-01
P0226,APP Push,限时秒杀 免费麦辣鸡腿堡 仅剩57份,快来领取优惠券 新人立减5元 免费配送,25473,451,2026-08-01
P0226,APP Push,限时秒杀 免费麦辣鸡腿堡 仅剩97份,快来领取优惠券 新人立减5元 免费配送,19250,2287,2026-08-01
P0226,短信,限时秒杀 免费麦辣鸡腿堡 仅剩50份,快来领取优惠券 新人立减5元 免费配送,4160,1432,2026-08-01
P0226,短信,限时秒杀 免费麦辣鸡腿堡 仅剩96份,快来领取优惠券 新人立减5元 免费配送,25996,2361,2026-08-01
P0226,APP Push,限时秒杀 免费麦辣鸡腿堡 仅剩73份,快来领取优惠券 新人立减5元 免费配送,18269,707,2026-08-01
P0226,企微1v1,限时秒杀 免费麦辣鸡腿堡 仅剩22份,快来领取优惠券 新人立减5元 免费配送,16780,4042,2026-08-01
P0226,企微1v1,限时秒杀 免费麦辣鸡腿堡 仅剩63份,快来领取优惠券 新人立减5元 免费配送,45010,3902,2026-08-01
P0226,APP Push,限时秒杀 免费麦辣鸡腿堡 仅剩52份,快来领取优惠券 新人立减5元 免费配送,12933,2757,2026-08-01
P0226,短信,限时秒杀 免费麦辣鸡腿堡 仅剩92份,快来领取优惠券 新人立减5元 免费配送,26522,1735,2026-08-01
P0226,企微1v1,限时秒杀 免费麦辣鸡腿堡 仅剩82份,快来领取优惠券 新人立减5元 免费配送,25350,432,2026-08-01
P0226,企微1v1,限时秒杀 免费麦辣鸡腿堡 仅剩25份,快来领取优惠券 新人立减5元 免费配送,35008,2292,2026-08-01
P0226,APP Push,限时秒杀 免费麦辣鸡腿堡 仅剩13份,快来领取优惠券 新人立减5元 免费配送,4857,2249,2026-08-01
P0226,APP Push,限时秒杀 免费麦辣鸡腿堡 仅剩37份,快来领取优惠券 新人立减5元 免费配送,35504,3522,2026-08-01
P0226,企微1v1,限时秒杀 免费麦辣鸡腿堡 仅剩14份,快来领取优惠券 新人立减5元 免费配送,36875,4400,2026-08-01
P0226,APP Push,限时秒杀 免费麦辣鸡腿堡 仅剩3份,快来领取优惠券 新人立减5元 免费配送,43533,4074,2026-08-01
P0226,APP Push,限时秒杀 免费麦辣鸡腿堡 仅剩99份,快来领取优惠券 新人立减5元 免费配送,26965,4557,2026-08-01
P0227,APP Push,限时秒杀 免费麦辣鸡腿堡 仅剩80份,快来领取优惠券 新人立减5元 免费配送,14824,452,2026-08-01
P0227,APP Push,限时秒杀 免费麦辣鸡腿堡 仅剩80份,快来领取优惠券 新人立减5元 免费配送,47448,3942,2026-08-01
P0227,APP Push,限时秒杀 免费麦辣鸡腿堡 仅剩51份,快来领取优惠券 新人立减5元 免费配送,24938,2385,2026-08-01
P0227,企微1v1,限时秒杀 免费麦辣鸡腿堡 仅剩89份,快来领取优惠券 新人立减5元 免费配送,33929,380,2026-08-01
P0227,企微1v1,限时秒杀 免费麦辣鸡腿堡 仅剩23份,快来领取优惠券 新人立减5元 免费配送,25438,856,2026-08-01
P0227,短信,限时秒杀 免费麦辣鸡腿堡 仅剩25份,快来领取优惠券 新人立减5元 免费配送,40463,4230,2026-08-01
P0227,APP Push,限时秒杀 免费麦辣鸡腿堡 仅剩47份,快来领取优惠券 新人立减5元 免费配送,8919,4195,2026-08-01
P0227,短信,限时秒杀 免费麦辣鸡腿堡 仅剩63份,快来领取优惠券 新人立减5元 免费配送,7195,4214,2026-08-01
P0227,短信,限时秒杀 免费麦辣鸡腿堡 仅剩9份,快来领取优惠券 新人立减5元 免费配送,45129,2960,2026-08-01
P0227,企微1v1,限时秒杀 免费麦辣鸡腿堡 仅剩16份,快来领取优惠券 新人立减5元 免费配送,11280,1505,2026-08-01
P0227,企微1v1,限时秒杀 免费麦辣鸡腿堡 仅剩31份,快来领取优惠券 新人立减5元 免费配送,33842,441,2026-08-01
P0227,短信,限时秒杀 免费麦辣鸡腿堡 仅剩52份,快来领取优惠券 新人立减5元 免费配送,35937,1100,2026-08-01
P0227,短信,限时秒杀 免费麦辣鸡腿堡 仅剩48份,快来领取优惠券 新人立减5元 免费配送,42959,1275,2026-08-01
P0227,APP Push,限时秒杀 免费麦辣鸡腿堡 仅剩45份,快来领取优惠券 新人立减5元 免费配送,39750,4386,2026-08-01
P0227,企微1v1,限时秒杀 免费麦辣鸡腿堡 仅剩54份,快来领取优惠券 新人立减5元 免费配送,25444,122,2026-08-01
P0227,短信,限时秒杀 免费麦辣鸡腿堡 仅剩83份,快来领取优惠券 新人立减5元 免费配送,11984,3916,2026-08-01
P0227,APP Push,限时秒杀 免费麦辣鸡腿堡 仅剩6份,快来领取优惠券 新人立减5元 免费配送,43381,2623,2026-08-01
P0227,短信,限时秒杀 免费麦辣鸡腿堡 仅剩85份,快来领取优惠券 新人立减5元 免费配送,12653,1502,2026-08-01
P0227,APP Push,限时秒杀 免费麦辣鸡腿堡 仅剩2份,快来领取优惠券 新人立减5元 免费配送,15658,1804,2026-08-01
P0227,短信,限时秒杀 免费麦辣鸡腿堡 仅剩9份,快来领取优惠券 新人立减5元 免费配送,6352,3867,2026-08-01
P0228,企微1v1,限时秒杀 免费麦辣鸡腿堡 仅剩68份,快来领取优惠券 新人立减5元 免费配送,43223,970,2026-08-01
P0228,短信,限时秒杀 免费麦辣鸡腿堡 仅剩84份,快来领取优惠券 新人立减5元 免费配送,6491,4716,2026-08-01
P0228,企微1v1,限时秒杀 免费麦辣鸡腿堡 仅剩55份,快来领取优惠券 新人立减5元 免费配送,38865,1604,2026-08-01
P0228,短信,限时秒杀 免费麦辣鸡腿堡 仅剩19份,快来领取优惠券 新人立减5元 免费配送,13767,4861,2026-08-01
P0228,短信,限时秒杀 免费麦辣鸡腿堡 仅剩50份,快来领取优惠券 新人立减5元 免费配送,37267,1817,2026-08-01
P0228,APP Push,限时秒杀 免费麦辣鸡腿堡 仅剩79份,快来领取优惠券 新人立减5元 免费配送,38413,3817,2026-08-01
P0228,企微1v1,限时秒杀 免费麦辣鸡腿堡 仅剩49份,快来领取优惠券 新人立减5元 免费配送,24273,3237,2026-08-01
P0228,APP Push,限时秒杀 免费麦辣鸡腿堡 仅剩25份,快来领取优惠券 新人立减5元 免费配送,36066,609,2026-08-01
P0228,企微1v1,限时秒杀 免费麦辣鸡腿堡 仅剩11份,快来领取优惠券 新人立减5元 免费配送,7561,2746,2026-08-01
P0228,短信,限时秒杀 免费麦辣鸡腿堡 仅剩46份,快来领取优惠券 新人立减5元 免费配送,17674,1527,2026-08-01
P0228,APP Push,限时秒杀 免费麦辣鸡腿堡 仅剩87份,快来领取优惠券 新人立减5元 免费配送,43079,3091,2026-08-01
P0228,APP Push,限时秒杀 免费麦辣鸡腿堡 仅剩79份,快来领取优惠券 新人立减5元 免费配送,45139,4828,2026-08-01
P0228,企微1v1,限时秒杀 免费麦辣鸡腿堡 仅剩91份,快来领取优惠券 新人立减5元 免费配送,16539,3603,2026-08-01
P0228,APP Push,限时秒杀 免费麦辣鸡腿堡 仅剩93份,快来领取优惠券 新人立减5元 免费配送,23717,2190,2026-08-01
P0228,短信,限时秒杀 免费麦辣鸡腿堡 仅剩90份,快来领取优惠券 新人立减5元 免费配送,38593,4782,2026-08-01
P0228,短信,限时秒杀 免费麦辣鸡腿堡 仅剩74份,快来领取优惠券 新人立减5元 免费配送,12746,4261,2026-08-01
P0228,APP Push,限时秒杀 免费麦辣鸡腿堡 仅剩32份,快来领取优惠券 新人立减5元 免费配送,2624,1896,2026-08-01
P0228,APP Push,限时秒杀 免费麦辣鸡腿堡 仅剩71份,快来领取优惠券 新人立减5元 免费配送,13979,3690,2026-08-01
P0228,APP Push,限时秒杀 免费麦辣鸡腿堡 仅剩45份,快来领取优惠券 新人立减5元 免费配送,26886,3442,2026-08-01
P0228,APP Push,限时秒杀 免费麦辣鸡腿堡 仅剩75份,快来领取优惠券 新人立减5元 免费配送,8275,4454,2026-08-01
P0229,APP Push,限时秒杀 免费麦辣鸡腿堡 仅剩66份,快来领取优惠券 新人立减5元 免费配送,17768,2377,2026-08-01
P0229,APP Push,限时秒杀 免费麦辣鸡腿堡 仅剩20份,快来领取优惠券 新人立减5元 免费配送,31687,2503,2026-08-01
P0229,短信,限时秒杀 免费麦辣鸡腿堡 仅剩58份,快来领取优惠券 新人立减5元 免费配送,1573,877,2026-08-01
P0229,APP Push,限时秒杀 免费麦辣鸡腿堡 仅剩9份,快来领取优惠券 新人立减5元 免费配送,37994,1811,2026-08-01
P0229,APP Push,限时秒杀 免费麦辣鸡腿堡 仅剩5份,快来领取优惠券 新人立减5元 免费配送,4747,992,2026-08-01
P0229,APP Push,限时秒杀 免费麦辣鸡腿堡 仅剩30份,快来领取优惠券 新人立减5元 免费配送,3833,3817,2026-08-01
P0229,短信,限时秒杀 免费麦辣鸡腿堡 仅剩10份,快来领取优惠券 新人立减5元 免费配送,30082,2186,2026-08-01
P0229,短信,限时秒杀 免费麦辣鸡腿堡 仅剩14份,快来领取优惠券 新人立减5元 免费配送,19246,1388,2026-08-01
P0229,APP Push,限时秒杀 免费麦辣鸡腿堡 仅剩48份,快来领取优惠券 新人立减5元 免费配送,46286,3281,2026-08-01
P0229,APP Push,限时秒杀 免费麦辣鸡腿堡 仅剩1份,快来领取优惠券 新人立减5元 免费配送,24765,1858,2026-08-01
P0229,短信,限时秒杀 免费麦辣鸡腿堡 仅剩63份,快来领取优惠券 新人立减5元 免费配送,35423,3907,2026-08-01
P0229,企微1v1,限时秒杀 免费麦辣鸡腿堡 仅剩88份,快来领取优惠券 新人立减5元 免费配送,46477,1712,2026-08-01
P0229,APP Push,限时秒杀 免费麦辣鸡腿堡 仅剩20份,快来领取优惠券 新人立减5元 免费配送,42388,816,2026-08-01
P0229,企微1v1,限时秒杀 免费麦辣鸡腿堡 仅剩39份,快来领取优惠券 新人立减5元 免费配送,35273,3625,2026-08-01
P0229,企微1v1,限时秒杀 免费麦辣鸡腿堡 仅剩73份,快来领取优惠券 新人立减5元 免费配送,33069,1684,2026-08-01
P0229,企微1v1,限时秒杀 免费麦辣鸡腿堡 仅剩50份,快来领取优惠券 新人立减5元 免费配送,35421,4984,2026-08-01
P0229,企微1v1,限时秒杀 免费麦辣鸡腿堡 仅剩88份,快来领取优惠券 新人立减5元 免费配送,35890,4299,2026-08-01
P0229,APP Push,限时秒杀 免费麦辣鸡腿堡 仅剩30份,快来领取优惠券 新人立减5元 免费配送,31040,3589,2026-08-01
P0229,企微1v1,限时秒杀 免费麦辣鸡腿堡 仅剩65份,快来领取优惠券 新人立减5元 免费配送,40538,2485,2026-08-01
P0229,企微1v1,限时秒杀 免费麦辣鸡腿堡 仅剩67份,快来领取优惠券 新人立减5元 免费配送,19284,1993,2026-08-01
P0230,APP Push,限时秒杀 免费麦辣鸡腿堡 仅剩40份,快来领取优惠券 新人立减5元 免费配送,13598,2666,2026-08-01
P0230,企微1v1,限时秒杀 免费麦辣鸡腿堡 仅剩64份,快来领取优惠券 新人立减5元 免费配送,17388,1659,2026-08-01
P0230,短信,限时秒杀 免费麦辣鸡腿堡 仅剩29份,快来领取优惠券 新人立减5元 免费配送,45813,1538,2026-08-01
P0230,企微1v1,限时秒杀 免费麦辣鸡腿堡 仅剩72份,快来领取优惠券 新人立减5元 免费配送,21441,453,2026-08-01
P0230,APP Push,限时秒杀 免费麦辣鸡腿堡 仅剩88份,快来领取优惠券 新人立减5元 免费配送,35359,251,2026-08-01
P0230,APP Push,限时秒杀 免费麦辣鸡腿堡 仅剩47份,快来领取优惠券 新人立减5元 免费配送,28571,1722,2026-08-01
P0230,APP Push,限时秒杀 免费麦辣鸡腿堡 仅剩49份,快来领取优惠券 新人立减5元 免费配送,12747,4880,2026-08-01
P0230,短信,限时秒杀 免费麦辣鸡腿堡 仅剩17份,快来领取优惠券 新人立减5元 免费配送,34087,1756,2026-08-01
P0230,企微1v1,限时秒杀 免费麦辣鸡腿堡 仅剩67份,快来领取优惠券 新人立减5元 免费配送,28413,4070,2026-08-01
P0230,企微1v1,限时秒杀 免费麦辣鸡腿堡 仅剩91份,快来领取优惠券 新人立减5元 免费配送,14289,764,2026-08-01
P0230,APP Push,限时秒杀 免费麦辣鸡腿堡 仅剩72份,快来领取优惠券 新人立减5元 免费配送,21862,4918,2026-08-01
P0230,企微1v1,限时秒杀 免费麦辣鸡腿堡 仅剩2份,快来领取优惠券 新人立减5元 免费配送,46934,4002,2026-08-01
P0230,企微1v1,限时秒杀 免费麦辣鸡腿堡 仅剩80份,快来领取优惠券 新人立减5元 免费配送,19602,2115,2026-08-01
P0230,短信,限时秒杀 免费麦辣鸡腿堡 仅剩61份,快来领取优惠券 新人立减5元 免费配送,46889,1394,2026-08-01
P0230,APP Push,限时秒杀 免费麦辣鸡腿堡 仅剩78份,快来领取优惠券 新人立减5元 免费配送,41058,3088,2026-08-01
P0230,短信,限时秒杀 免费麦辣鸡腿堡 仅剩24份,快来领取优惠券 新人立减5元 免费配送,6764,2772,2026-08-01
P0230,短信,限时秒杀 免费麦辣鸡腿堡 仅剩69份,快来领取优惠券 新人立减5元 免费配送,23333,3247,2026-08-01
P0230,企微1v1,限时秒杀 免费麦辣鸡腿堡 仅剩76份,快来领取优惠券 新人立减5元 免费配送,31082,3064,2026-08-01
P0230,APP Push,限时秒杀 免费麦辣鸡腿堡 仅剩12份,快来领取优惠券 新人立减5元 免费配送,5583,3773,2026-08-01
P0230,短信,限时秒杀 免费麦辣鸡腿堡 仅剩36份,快来领取优惠券 新人立减5元 免费配送,14006,4442,2026-08-01
P0231,企微1v1,限时秒杀 免费麦辣鸡腿堡 仅剩79份,快来领取优惠券 新人立减5元 免费配送,37339,4069,2026-08-01
P0231,短信,限时秒杀 免费麦辣鸡腿堡 仅剩83份,快来领取优惠券 新人立减5元 免费配送,20425,4366,2026-08-01
P0231,短信,限时秒杀 免费麦辣鸡腿堡 仅剩27份,快来领取优惠券 新人立减5元 免费配送,29521,699,2026-08-01
P0231,短信,限时秒杀 免费麦辣鸡腿堡 仅剩80份,快来领取优惠券 新人立减5元 免费配送,15295,3850,2026-08-01
P0231,短信,限时秒杀 免费麦辣鸡腿堡 仅剩5份,快来领取优惠券 新人立减5元 免费配送,15697,1102,2026-08-01
P0231,短信,限时秒杀 免费麦辣鸡腿堡 仅剩47份,快来领取优惠券 新人立减5元 免费配送,22487,2361,2026-08-01
P0231,短信,限时秒杀 免费麦辣鸡腿堡 仅剩82份,快来领取优惠券 新人立减5元 免费配送,27501,2744,2026-08-01
P0231,APP Push,限时秒杀 免费麦辣鸡腿堡 仅剩60份,快来领取优惠券 新人立减5元 免费配送,11007,843,2026-08-01
P0231,APP Push,限时秒杀 免费麦辣鸡腿堡 仅剩95份,快来领取优惠券 新人立减5元 免费配送,36504,1812,2026-08-01
P0231,企微1v1,限时秒杀 免费麦辣鸡腿堡 仅剩30份,快来领取优惠券 新人立减5元 免费配送,17342,1436,2026-08-01
P0231,短信,限时秒杀 免费麦辣鸡腿堡 仅剩56份,快来领取优惠券 新人立减5元 免费配送,6273,1944,2026-08-01
P0231,APP Push,限时秒杀 免费麦辣鸡腿堡 仅剩59份,快来领取优惠券 新人立减5元 免费配送,7131,2049,2026-08-01
P0231,短信,限时秒杀 免费麦辣鸡腿堡 仅剩44份,快来领取优惠券 新人立减5元 免费配送,42107,2364,2026-08-01
P0231,短信,限时秒杀 免费麦辣鸡腿堡 仅剩4份,快来领取优惠券 新人立减5元 免费配送,44947,1190,2026-08-01
P0231,短信,限时秒杀 免费麦辣鸡腿堡 仅剩98份,快来领取优惠券 新人立减5元 免费配送,2265,1594,2026-08-01
P0231,APP Push,限时秒杀 免费麦辣鸡腿堡 仅剩78份,快来领取优惠券 新人立减5元 免费配送,4799,2023,2026-08-01
P0231,企微1v1,限时秒杀 免费麦辣鸡腿堡 仅剩59份,快来领取优惠券 新人立减5元 免费配送,48849,3428,2026-08-01
P0231,短信,限时秒杀 免费麦辣鸡腿堡 仅剩63份,快来领取优惠券 新人立减5元 免费配送,19357,1623,2026-08-01
P0231,短信,限时秒杀 免费麦辣鸡腿堡 仅剩40份,快来领取优惠券 新人立减5元 免费配送,31829,3687,2026-08-01
P0231,企微1v1,限时秒杀 免费麦辣鸡腿堡 仅剩79份,快来领取优惠券 新人立减5元 免费配送,13626,2659,2026-08-01
P0232,短信,限时秒杀 免费麦辣鸡腿堡 仅剩67份,快来领取优惠券 新人立减5元 免费配送,38118,4552,2026-08-01
P0232,短信,限时秒杀 免费麦辣鸡腿堡 仅剩82份,快来领取优惠券 新人立减5元 免费配送,11517,1824,2026-08-01
P0232,APP Push,限时秒杀 免费麦辣鸡腿堡 仅剩36份,快来领取优惠券 新人立减5元 免费配送,9191,3681,2026-08-01
P0232,企微1v1,限时秒杀 免费麦辣鸡腿堡 仅剩75份,快来领取优惠券 新人立减5元 免费配送,31975,3680,2026-08-01
P0232,短信,限时秒杀 免费麦辣鸡腿堡 仅剩98份,快来领取优惠券 新人立减5元 免费配送,45051,4811,2026-08-01
P0232,短信,限时秒杀 免费麦辣鸡腿堡 仅剩14份,快来领取优惠券 新人立减5元 免费配送,27640,2401,2026-08-01
P0232,短信,限时秒杀 免费麦辣鸡腿堡 仅剩23份,快来领取优惠券 新人立减5元 免费配送,26846,597,2026-08-01
P0232,短信,限时秒杀 免费麦辣鸡腿堡 仅剩3份,快来领取优惠券 新人立减5元 免费配送,18276,4262,2026-08-01
P0232,企微1v1,限时秒杀 免费麦辣鸡腿堡 仅剩23份,快来领取优惠券 新人立减5元 免费配送,44136,2637,2026-08-01
P0232,短信,限时秒杀 免费麦辣鸡腿堡 仅剩83份,快来领取优惠券 新人立减5元 免费配送,30731,2919,2026-08-01
P0232,企微1v1,限时秒杀 免费麦辣鸡腿堡 仅剩72份,快来领取优惠券 新人立减5元 免费配送,35895,3493,2026-08-01
P0232,短信,限时秒杀 免费麦辣鸡腿堡 仅剩52份,快来领取优惠券 新人立减5元 免费配送,6443,1562,2026-08-01
P0232,短信,限时秒杀 免费麦辣鸡腿堡 仅剩20份,快来领取优惠券 新人立减5元 免费配送,47487,2132,2026-08-01
P0232,APP Push,限时秒杀 免费麦辣鸡腿堡 仅剩94份,快来领取优惠券 新人立减5元 免费配送,37519,4403,2026-08-01
P0232,短信,限时秒杀 免费麦辣鸡腿堡 仅剩40份,快来领取优惠券 新人立减5元 免费配送,17312,635,2026-08-01
P0232,企微1v1,限时秒杀 免费麦辣鸡腿堡 仅剩64份,快来领取优惠券 新人立减5元 免费配送,1718,2502,2026-08-01
P0232,APP Push,限时秒杀 免费麦辣鸡腿堡 仅剩3份,快来领取优惠券 新人立减5元 免费配送,33412,4463,2026-08-01
P0232,APP Push,限时秒杀 免费麦辣鸡腿堡 仅剩20份,快来领取优惠券 新人立减5元 免费配送,27294,2547,2026-08-01
P0232,短信,限时秒杀 免费麦辣鸡腿堡 仅剩30份,快来领取优惠券 新人立减5元 免费配送,46926,4023,2026-08-01
P0232,企微1v1,限时秒杀 免费麦辣鸡腿堡 仅剩73份,快来领取优惠券 新人立减5元 免费配送,27342,2637,2026-08-01
P0233,短信,限时秒杀 免费麦辣鸡腿堡 仅剩6份,快来领取优惠券 新人立减5元 免费配送,3801,185,2026-08-01
P0233,企微1v1,限时秒杀 免费麦辣鸡腿堡 仅剩16份,快来领取优惠券 新人立减5元 免费配送,13176,2310,2026-08-01
P0233,APP Push,限时秒杀 免费麦辣鸡腿堡 仅剩34份,快来领取优惠券 新人立减5元 免费配送,3114,3551,2026-08-01
P0233,企微1v1,限时秒杀 免费麦辣鸡腿堡 仅剩1份,快来领取优惠券 新人立减5元 免费配送,5118,3578,2026-08-01
P0233,短信,限时秒杀 免费麦辣鸡腿堡 仅剩36份,快来领取优惠券 新人立减5元 免费配送,13959,2108,2026-08-01
P0233,企微1v1,限时秒杀 免费麦辣鸡腿堡 仅剩15份,快来领取优惠券 新人立减5元 免费配送,5814,3110,2026-08-01
P0233,企微1v1,限时秒杀 免费麦辣鸡腿堡 仅剩68份,快来领取优惠券 新人立减5元 免费配送,4367,2945,2026-08-01
P0233,APP Push,限时秒杀 免费麦辣鸡腿堡 仅剩37份,快来领取优惠券 新人立减5元 免费配送,44551,3221,2026-08-01
P0233,APP Push,限时秒杀 免费麦辣鸡腿堡 仅剩60份,快来领取优惠券 新人立减5元 免费配送,39338,2704,2026-08-01
P0233,短信,限时秒杀 免费麦辣鸡腿堡 仅剩17份,快来领取优惠券 新人立减5元 免费配送,7360,313,2026-08-01
P0233,企微1v1,限时秒杀 免费麦辣鸡腿堡 仅剩68份,快来领取优惠券 新人立减5元 免费配送,44452,1125,2026-08-01
P0233,短信,限时秒杀 免费麦辣鸡腿堡 仅剩92份,快来领取优惠券 新人立减5元 免费配送,48097,2469,2026-08-01
P0233,APP Push,限时秒杀 免费麦辣鸡腿堡 仅剩48份,快来领取优惠券 新人立减5元 免费配送,20860,4984,2026-08-01
P0233,短信,限时秒杀 免费麦辣鸡腿堡 仅剩78份,快来领取优惠券 新人立减5元 免费配送,30937,1619,2026-08-01
P0233,APP Push,限时秒杀 免费麦辣鸡腿堡 仅剩36份,快来领取优惠券 新人立减5元 免费配送,40596,4394,2026-08-01
P0233,APP Push,限时秒杀 免费麦辣鸡腿堡 仅剩69份,快来领取优惠券 新人立减5元 免费配送,32500,2534,2026-08-01
P0233,APP Push,限时秒杀 免费麦辣鸡腿堡 仅剩15份,快来领取优惠券 新人立减5元 免费配送,37742,2040,2026-08-01
P0233,企微1v1,限时秒杀 免费麦辣鸡腿堡 仅剩76份,快来领取优惠券 新人立减5元 免费配送,42433,3454,2026-08-01
P0233,短信,限时秒杀 免费麦辣鸡腿堡 仅剩7份,快来领取优惠券 新人立减5元 免费配送,26254,2949,2026-08-01
P0233,APP Push,限时秒杀 免费麦辣鸡腿堡 仅剩46份,快来领取优惠券 新人立减5元 免费配送,37437,1838,2026-08-01
P0234,短信,限时秒杀 免费麦辣鸡腿堡 仅剩68份,快来领取优惠券 新人立减5元 免费配送,48073,2985,2026-08-01
P0234,APP Push,限时秒杀 免费麦辣鸡腿堡 仅剩52份,快来领取优惠券 新人立减5元 免费配送,32250,1832,2026-08-01
P0234,APP Push,限时秒杀 免费麦辣鸡腿堡 仅剩60份,快来领取优惠券 新人立减5元 免费配送,42660,2234,2026-08-01
P0234,企微1v1,限时秒杀 免费麦辣鸡腿堡 仅剩32份,快来领取优惠券 新人立减5元 免费配送,20817,2419,2026-08-01
P0234,APP Push,限时秒杀 免费麦辣鸡腿堡 仅剩7份,快来领取优惠券 新人立减5元 免费配送,11465,1489,2026-08-01
P0234,短信,限时秒杀 免费麦辣鸡腿堡 仅剩21份,快来领取优惠券 新人立减5元 免费配送,23104,4986,2026-08-01
P0234,短信,限时秒杀 免费麦辣鸡腿堡 仅剩30份,快来领取优惠券 新人立减5元 免费配送,21399,476,2026-08-01
P0234,企微1v1,限时秒杀 免费麦辣鸡腿堡 仅剩75份,快来领取优惠券 新人立减5元 免费配送,10316,2913,2026-08-01
P0234,短信,限时秒杀 免费麦辣鸡腿堡 仅剩7份,快来领取优惠券 新人立减5元 免费配送,48165,4522,2026-08-01
P0234,短信,限时秒杀 免费麦辣鸡腿堡 仅剩93份,快来领取优惠券 新人立减5元 免费配送,10740,3571,2026-08-01
P0234,短信,限时秒杀 免费麦辣鸡腿堡 仅剩26份,快来领取优惠券 新人立减5元 免费配送,30703,3462,2026-08-01
P0234,APP Push,限时秒杀 免费麦辣鸡腿堡 仅剩48份,快来领取优惠券 新人立减5元 免费配送,21565,2489,2026-08-01
P0234,短信,限时秒杀 免费麦辣鸡腿堡 仅剩51份,快来领取优惠券 新人立减5元 免费配送,36877,2025,2026-08-01
P0234,企微1v1,限时秒杀 免费麦辣鸡腿堡 仅剩41份,快来领取优惠券 新人立减5元 免费配送,4751,1237,2026-08-01
P0234,APP Push,限时秒杀 免费麦辣鸡腿堡 仅剩99份,快来领取优惠券 新人立减5元 免费配送,7193,3416,2026-08-01
P0234,企微1v1,限时秒杀 免费麦辣鸡腿堡 仅剩31份,快来领取优惠券 新人立减5元 免费配送,1877,3493,2026-08-01
P0234,短信,限时秒杀 免费麦辣鸡腿堡 仅剩92份,快来领取优惠券 新人立减5元 免费配送,5853,4074,2026-08-01
P0234,企微1v1,限时秒杀 免费麦辣鸡腿堡 仅剩24份,快来领取优惠券 新人立减5元 免费配送,46249,742,2026-08-01
P0234,企微1v1,限时秒杀 免费麦辣鸡腿堡 仅剩45份,快来领取优惠券 新人立减5元 免费配送,27957,3014,2026-08-01
P0234,短信,限时秒杀 免费麦辣鸡腿堡 仅剩44份,快来领取优惠券 新人立减5元 免费配送,7765,333,2026-08-01
P0235,短信,限时秒杀 免费麦辣鸡腿堡 仅剩68份,快来领取优惠券 新人立减5元 免费配送,34173,3768,2026-08-01
P0235,企微1v1,限时秒杀 免费麦辣鸡腿堡 仅剩6份,快来领取优惠券 新人立减5元 免费配送,7010,190,2026-08-01
P0235,APP Push,限时秒杀 免费麦辣鸡腿堡 仅剩87份,快来领取优惠券 新人立减5元 免费配送,39831,660,2026-08-01
P0235,企微1v1,限时秒杀 免费麦辣鸡腿堡 仅剩35份,快来领取优惠券 新人立减5元 免费配送,19451,1290,2026-08-01
P0235,企微1v1,限时秒杀 免费麦辣鸡腿堡 仅剩64份,快来领取优惠券 新人立减5元 免费配送,33205,3729,2026-08-01
P0235,企微1v1,限时秒杀 免费麦辣鸡腿堡 仅剩46份,快来领取优惠券 新人立减5元 免费配送,38268,2896,2026-08-01
P0235,企微1v1,限时秒杀 免费麦辣鸡腿堡 仅剩66份,快来领取优惠券 新人立减5元 免费配送,11339,3319,2026-08-01
P0235,APP Push,限时秒杀 免费麦辣鸡腿堡 仅剩85份,快来领取优惠券 新人立减5元 免费配送,34156,3943,2026-08-01
P0235,企微1v1,限时秒杀 免费麦辣鸡腿堡 仅剩62份,快来领取优惠券 新人立减5元 免费配送,5270,662,2026-08-01
P0235,APP Push,限时秒杀 免费麦辣鸡腿堡 仅剩81份,快来领取优惠券 新人立减5元 免费配送,5549,3016,2026-08-01
P0235,企微1v1,限时秒杀 免费麦辣鸡腿堡 仅剩22份,快来领取优惠券 新人立减5元 免费配送,37901,1709,2026-08-01
P0235,短信,限时秒杀 免费麦辣鸡腿堡 仅剩92份,快来领取优惠券 新人立减5元 免费配送,45343,3458,2026-08-01
P0235,APP Push,限时秒杀 免费麦辣鸡腿堡 仅剩84份,快来领取优惠券 新人立减5元 免费配送,40754,3208,2026-08-01
P0235,短信,限时秒杀 免费麦辣鸡腿堡 仅剩2份,快来领取优惠券 新人立减5元 免费配送,13722,2760,2026-08-01
P0235,APP Push,限时秒杀 免费麦辣鸡腿堡 仅剩90份,快来领取优惠券 新人立减5元 免费配送,4971,867,2026-08-01
P0235,短信,限时秒杀 免费麦辣鸡腿堡 仅剩51份,快来领取优惠券 新人立减5元 免费配送,42813,4349,2026-08-01
P0235,APP Push,限时秒杀 免费麦辣鸡腿堡 仅剩47份,快来领取优惠券 新人立减5元 免费配送,6177,4921,2026-08-01
P0235,短信,限时秒杀 免费麦辣鸡腿堡 仅剩21份,快来领取优惠券 新人立减5元 免费配送,6451,2446,2026-08-01
P0235,短信,限时秒杀 免费麦辣鸡腿堡 仅剩72份,快来领取优惠券 新人立减5元 免费配送,29726,205,2026-08-01
P0235,短信,限时秒杀 免费麦辣鸡腿堡 仅剩78份,快来领取优惠券 新人立减5元 免费配送,8026,1460,2026-08-01
P0236,短信,限时秒杀 免费麦辣鸡腿堡 仅剩1份,快来领取优惠券 新人立减5元 免费配送,14922,2555,2026-08-01
P0236,APP Push,限时秒杀 免费麦辣鸡腿堡 仅剩86份,快来领取优惠券 新人立减5元 免费配送,22395,1483,2026-08-01
P0236,企微1v1,限时秒杀 免费麦辣鸡腿堡 仅剩31份,快来领取优惠券 新人立减5元 免费配送,3776,4770,2026-08-01
P0236,短信,限时秒杀 免费麦辣鸡腿堡 仅剩52份,快来领取优惠券 新人立减5元 免费配送,44155,3202,2026-08-01
P0236,APP Push,限时秒杀 免费麦辣鸡腿堡 仅剩15份,快来领取优惠券 新人立减5元 免费配送,25601,4844,2026-08-01
P0236,短信,限时秒杀 免费麦辣鸡腿堡 仅剩67份,快来领取优惠券 新人立减5元 免费配送,8076,601,2026-08-01
P0236,短信,限时秒杀 免费麦辣鸡腿堡 仅剩78份,快来领取优惠券 新人立减5元 免费配送,35792,3857,2026-08-01
P0236,短信,限时秒杀 免费麦辣鸡腿堡 仅剩99份,快来领取优惠券 新人立减5元 免费配送,6260,3013,2026-08-01
P0236,APP Push,限时秒杀 免费麦辣鸡腿堡 仅剩56份,快来领取优惠券 新人立减5元 免费配送,49172,2322,2026-08-01
P0236,短信,限时秒杀 免费麦辣鸡腿堡 仅剩78份,快来领取优惠券 新人立减5元 免费配送,4025,251,2026-08-01
P0236,APP Push,限时秒杀 免费麦辣鸡腿堡 仅剩49份,快来领取优惠券 新人立减5元 免费配送,41623,1864,2026-08-01
P0236,短信,限时秒杀 免费麦辣鸡腿堡 仅剩57份,快来领取优惠券 新人立减5元 免费配送,10747,4819,2026-08-01
P0236,企微1v1,限时秒杀 免费麦辣鸡腿堡 仅剩37份,快来领取优惠券 新人立减5元 免费配送,20934,473,2026-08-01
P0236,APP Push,限时秒杀 免费麦辣鸡腿堡 仅剩10份,快来领取优惠券 新人立减5元 免费配送,16056,4906,2026-08-01
P0236,短信,限时秒杀 免费麦辣鸡腿堡 仅剩13份,快来领取优惠券 新人立减5元 免费配送,29097,604,2026-08-01
P0236,企微1v1,限时秒杀 免费麦辣鸡腿堡 仅剩14份,快来领取优惠券 新人立减5元 免费配送,23226,2379,2026-08-01
P0236,企微1v1,限时秒杀 免费麦辣鸡腿堡 仅剩60份,快来领取优惠券 新人立减5元 免费配送,45502,283,2026-08-01
P0236,短信,限时秒杀 免费麦辣鸡腿堡 仅剩33份,快来领取优惠券 新人立减5元 免费配送,48883,4942,2026-08-01
P0236,企微1v1,限时秒杀 免费麦辣鸡腿堡 仅剩65份,快来领取优惠券 新人立减5元 免费配送,22473,2889,2026-08-01
P0236,APP Push,限时秒杀 免费麦辣鸡腿堡 仅剩80份,快来领取优惠券 新人立减5元 免费配送,9688,1334,2026-08-01
P0237,短信,限时秒杀 免费麦辣鸡腿堡 仅剩36份,快来领取优惠券 新人立减5元 免费配送,21592,1185,2026-08-01
P0237,企微1v1,限时秒杀 免费麦辣鸡腿堡 仅剩41份,快来领取优惠券 新人立减5元 免费配送,7667,3875,2026-08-01
P0237,企微1v1,限时秒杀 免费麦辣鸡腿堡 仅剩20份,快来领取优惠券 新人立减5元 免费配送,35649,3138,2026-08-01
P0237,短信,限时秒杀 免费麦辣鸡腿堡 仅剩26份,快来领取优惠券 新人立减5元 免费配送,48232,4142,2026-08-01
P0237,企微1v1,限时秒杀 免费麦辣鸡腿堡 仅剩27份,快来领取优惠券 新人立减5元 免费配送,45872,1486,2026-08-01
P0237,企微1v1,限时秒杀 免费麦辣鸡腿堡 仅剩78份,快来领取优惠券 新人立减5元 免费配送,49221,4618,2026-08-01
P0237,企微1v1,限时秒杀 免费麦辣鸡腿堡 仅剩74份,快来领取优惠券 新人立减5元 免费配送,21317,834,2026-08-01
P0237,APP Push,限时秒杀 免费麦辣鸡腿堡 仅剩31份,快来领取优惠券 新人立减5元 免费配送,44697,2720,2026-08-01
P0237,APP Push,限时秒杀 免费麦辣鸡腿堡 仅剩2份,快来领取优惠券 新人立减5元 免费配送,16571,4379,2026-08-01
P0237,APP Push,限时秒杀 免费麦辣鸡腿堡 仅剩92份,快来领取优惠券 新人立减5元 免费配送,48246,4780,2026-08-01
P0237,短信,限时秒杀 免费麦辣鸡腿堡 仅剩13份,快来领取优惠券 新人立减5元 免费配送,1678,2778,2026-08-01
P0237,企微1v1,限时秒杀 免费麦辣鸡腿堡 仅剩75份,快来领取优惠券 新人立减5元 免费配送,2235,4915,2026-08-01
P0237,APP Push,限时秒杀 免费麦辣鸡腿堡 仅剩92份,快来领取优惠券 新人立减5元 免费配送,11885,4170,2026-08-01
P0237,短信,限时秒杀 免费麦辣鸡腿堡 仅剩84份,快来领取优惠券 新人立减5元 免费配送,9166,4896,2026-08-01
P0237,企微1v1,限时秒杀 免费麦辣鸡腿堡 仅剩69份,快来领取优惠券 新人立减5元 免费配送,5825,2376,2026-08-01
P0237,APP Push,限时秒杀 免费麦辣鸡腿堡 仅剩66份,快来领取优惠券 新人立减5元 免费配送,4731,398,2026-08-01
P0237,短信,限时秒杀 免费麦辣鸡腿堡 仅剩23份,快来领取优惠券 新人立减5元 免费配送,5161,1774,2026-08-01
P0237,企微1v1,限时秒杀 免费麦辣鸡腿堡 仅剩21份,快来领取优惠券 新人立减5元 免费配送,11400,919,2026-08-01
P0237,APP Push,限时秒杀 免费麦辣鸡腿堡 仅剩72份,快来领取优惠券 新人立减5元 免费配送,39981,989,2026-08-01
P0237,APP Push,限时秒杀 免费麦辣鸡腿堡 仅剩76份,快来领取优惠券 新人立减5元 免费配送,19452,2543,2026-08-01
P0238,APP Push,限时秒杀 免费麦辣鸡腿堡 仅剩79份,快来领取优惠券 新人立减5元 免费配送,14172,1108,2026-08-01
P0238,APP Push,限时秒杀 免费麦辣鸡腿堡 仅剩41份,快来领取优惠券 新人立减5元 免费配送,7010,1074,2026-08-01
P0238,企微1v1,限时秒杀 免费麦辣鸡腿堡 仅剩9份,快来领取优惠券 新人立减5元 免费配送,11480,1451,2026-08-01
P0238,短信,限时秒杀 免费麦辣鸡腿堡 仅剩76份,快来领取优惠券 新人立减5元 免费配送,36902,699,2026-08-01
P0238,短信,限时秒杀 免费麦辣鸡腿堡 仅剩32份,快来领取优惠券 新人立减5元 免费配送,10813,1592,2026-08-01
P0238,企微1v1,限时秒杀 免费麦辣鸡腿堡 仅剩70份,快来领取优惠券 新人立减5元 免费配送,23884,4920,2026-08-01
P0238,APP Push,限时秒杀 免费麦辣鸡腿堡 仅剩94份,快来领取优惠券 新人立减5元 免费配送,46488,340,2026-08-01
P0238,企微1v1,限时秒杀 免费麦辣鸡腿堡 仅剩92份,快来领取优惠券 新人立减5元 免费配送,29616,2372,2026-08-01
P0238,企微1v1,限时秒杀 免费麦辣鸡腿堡 仅剩64份,快来领取优惠券 新人立减5元 免费配送,31092,3808,2026-08-01
P0238,企微1v1,限时秒杀 免费麦辣鸡腿堡 仅剩9份,快来领取优惠券 新人立减5元 免费配送,6455,1245,2026-08-01
P0238,短信,限时秒杀 免费麦辣鸡腿堡 仅剩15份,快来领取优惠券 新人立减5元 免费配送,16394,545,2026-08-01
P0238,短信,限时秒杀 免费麦辣鸡腿堡 仅剩90份,快来领取优惠券 新人立减5元 免费配送,40383,1020,2026-08-01
P0238,APP Push,限时秒杀 免费麦辣鸡腿堡 仅剩54份,快来领取优惠券 新人立减5元 免费配送,25123,949,2026-08-01
P0238,企微1v1,限时秒杀 免费麦辣鸡腿堡 仅剩62份,快来领取优惠券 新人立减5元 免费配送,40928,3235,2026-08-01
P0238,短信,限时秒杀 免费麦辣鸡腿堡 仅剩61份,快来领取优惠券 新人立减5元 免费配送,14656,4450,2026-08-01
P0238,APP Push,限时秒杀 免费麦辣鸡腿堡 仅剩92份,快来领取优惠券 新人立减5元 免费配送,48853,3323,2026-08-01
P0238,企微1v1,限时秒杀 免费麦辣鸡腿堡 仅剩28份,快来领取优惠券 新人立减5元 免费配送,20817,4147,2026-08-01
P0238,短信,限时秒杀 免费麦辣鸡腿堡 仅剩65份,快来领取优惠券 新人立减5元 免费配送,31436,3118,2026-08-01
P0238,APP Push,限时秒杀 免费麦辣鸡腿堡 仅剩50份,快来领取优惠券 新人立减5元 免费配送,15557,252,2026-08-01
P0238,企微1v1,限时秒杀 免费麦辣鸡腿堡 仅剩94份,快来领取优惠券 新人立减5元 免费配送,34502,1478,2026-08-01
P0239,短信,限时秒杀 免费麦辣鸡腿堡 仅剩49份,快来领取优惠券 新人立减5元 免费配送,28733,3015,2026-08-01
P0239,企微1v1,限时秒杀 免费麦辣鸡腿堡 仅剩14份,快来领取优惠券 新人立减5元 免费配送,20389,2376,2026-08-01
P0239,APP Push,限时秒杀 免费麦辣鸡腿堡 仅剩53份,快来领取优惠券 新人立减5元 免费配送,25008,2986,2026-08-01
P0239,企微1v1,限时秒杀 免费麦辣鸡腿堡 仅剩61份,快来领取优惠券 新人立减5元 免费配送,17247,4190,2026-08-01
P0239,APP Push,限时秒杀 免费麦辣鸡腿堡 仅剩55份,快来领取优惠券 新人立减5元 免费配送,20178,722,2026-08-01
P0239,企微1v1,限时秒杀 免费麦辣鸡腿堡 仅剩43份,快来领取优惠券 新人立减5元 免费配送,10937,4509,2026-08-01
P0239,APP Push,限时秒杀 免费麦辣鸡腿堡 仅剩36份,快来领取优惠券 新人立减5元 免费配送,10990,4804,2026-08-01
P0239,企微1v1,限时秒杀 免费麦辣鸡腿堡 仅剩21份,快来领取优惠券 新人立减5元 免费配送,23299,2126,2026-08-01
P0239,企微1v1,限时秒杀 免费麦辣鸡腿堡 仅剩58份,快来领取优惠券 新人立减5元 免费配送,49633,2184,2026-08-01
P0239,APP Push,限时秒杀 免费麦辣鸡腿堡 仅剩38份,快来领取优惠券 新人立减5元 免费配送,22990,347,2026-08-01
P0239,APP Push,限时秒杀 免费麦辣鸡腿堡 仅剩76份,快来领取优惠券 新人立减5元 免费配送,2937,3984,2026-08-01
P0239,企微1v1,限时秒杀 免费麦辣鸡腿堡 仅剩7份,快来领取优惠券 新人立减5元 免费配送,42581,3381,2026-08-01
P0239,APP Push,限时秒杀 免费麦辣鸡腿堡 仅剩6份,快来领取优惠券 新人立减5元 免费配送,4518,702,2026-08-01
P0239,APP Push,限时秒杀 免费麦辣鸡腿堡 仅剩93份,快来领取优惠券 新人立减5元 免费配送,19754,2907,2026-08-01
P0239,APP Push,限时秒杀 免费麦辣鸡腿堡 仅剩41份,快来领取优惠券 新人立减5元 免费配送,46074,4461,2026-08-01
P0239,APP Push,限时秒杀 免费麦辣鸡腿堡 仅剩95份,快来领取优惠券 新人立减5元 免费配送,47858,2661,2026-08-01
P0239,APP Push,限时秒杀 免费麦辣鸡腿堡 仅剩90份,快来领取优惠券 新人立减5元 免费配送,26505,1375,2026-08-01
P0239,企微1v1,限时秒杀 免费麦辣鸡腿堡 仅剩67份,快来领取优惠券 新人立减5元 免费配送,37125,4456,2026-08-01
P0239,APP Push,限时秒杀 免费麦辣鸡腿堡 仅剩99份,快来领取优惠券 新人立减5元 免费配送,18603,635,2026-08-01
P0239,企微1v1,限时秒杀 免费麦辣鸡腿堡 仅剩57份,快来领取优惠券 新人立减5元 免费配送,35497,681,2026-08-01
P0240,短信,限时秒杀 免费麦辣鸡腿堡 仅剩77份,快来领取优惠券 新人立减5元 免费配送,30933,2025,2026-08-01
P0240,企微1v1,限时秒杀 免费麦辣鸡腿堡 仅剩95份,快来领取优惠券 新人立减5元 免费配送,17058,3545,2026-08-01
P0240,短信,限时秒杀 免费麦辣鸡腿堡 仅剩52份,快来领取优惠券 新人立减5元 免费配送,19221,1123,2026-08-01
P0240,企微1v1,限时秒杀 免费麦辣鸡腿堡 仅剩76份,快来领取优惠券 新人立减5元 免费配送,30948,3145,2026-08-01
P0240,短信,限时秒杀 免费麦辣鸡腿堡 仅剩58份,快来领取优惠券 新人立减5元 免费配送,37655,4979,2026-08-01
P0240,短信,限时秒杀 免费麦辣鸡腿堡 仅剩31份,快来领取优惠券 新人立减5元 免费配送,41928,354,2026-08-01
P0240,企微1v1,限时秒杀 免费麦辣鸡腿堡 仅剩34份,快来领取优惠券 新人立减5元 免费配送,30920,3067,2026-08-01
P0240,企微1v1,限时秒杀 免费麦辣鸡腿堡 仅剩33份,快来领取优惠券 新人立减5元 免费配送,16870,4035,2026-08-01
P0240,APP Push,限时秒杀 免费麦辣鸡腿堡 仅剩35份,快来领取优惠券 新人立减5元 免费配送,21577,1941,2026-08-01
P0240,APP Push,限时秒杀 免费麦辣鸡腿堡 仅剩83份,快来领取优惠券 新人立减5元 免费配送,21796,1357,2026-08-01
P0240,短信,限时秒杀 免费麦辣鸡腿堡 仅剩54份,快来领取优惠券 新人立减5元 免费配送,21487,1646,2026-08-01
P0240,APP Push,限时秒杀 免费麦辣鸡腿堡 仅剩57份,快来领取优惠券 新人立减5元 免费配送,33619,3481,2026-08-01
P0240,企微1v1,限时秒杀 免费麦辣鸡腿堡 仅剩7份,快来领取优惠券 新人立减5元 免费配送,46982,2331,2026-08-01
P0240,短信,限时秒杀 免费麦辣鸡腿堡 仅剩84份,快来领取优惠券 新人立减5元 免费配送,37780,1804,2026-08-01
P0240,APP Push,限时秒杀 免费麦辣鸡腿堡 仅剩5份,快来领取优惠券 新人立减5元 免费配送,21051,1401,2026-08-01
P0240,企微1v1,限时秒杀 免费麦辣鸡腿堡 仅剩93份,快来领取优惠券 新人立减5元 免费配送,9409,4429,2026-08-01
P0240,APP Push,限时秒杀 免费麦辣鸡腿堡 仅剩71份,快来领取优惠券 新人立减5元 免费配送,32605,4283,2026-08-01
P0240,企微1v1,限时秒杀 免费麦辣鸡腿堡 仅剩28份,快来领取优惠券 新人立减5元 免费配送,39877,4234,2026-08-01
P0240,APP Push,限时秒杀 免费麦辣鸡腿堡 仅剩17份,快来领取优惠券 新人立减5元 免费配送,32396,111,2026-08-01
P0240,短信,限时秒杀 免费麦辣鸡腿堡 仅剩1份,快来领取优惠券 新人立减5元 免费配送,16388,398,2026-08-01
P0241,短信,限时秒杀 免费麦辣鸡腿堡 仅剩85份,快来领取优惠券 新人立减5元 免费配送,45238,3646,2026-08-01
P0241,短信,限时秒杀 免费麦辣鸡腿堡 仅剩72份,快来领取优惠券 新人立减5元 免费配送,5251,2798,2026-08-01
P0241,短信,限时秒杀 免费麦辣鸡腿堡 仅剩50份,快来领取优惠券 新人立减5元 免费配送,5272,2690,2026-08-01
P0241,APP Push,限时秒杀 免费麦辣鸡腿堡 仅剩18份,快来领取优惠券 新人立减5元 免费配送,43678,4783,2026-08-01
P0241,短信,限时秒杀 免费麦辣鸡腿堡 仅剩5份,快来领取优惠券 新人立减5元 免费配送,27696,4853,2026-08-01
P0241,企微1v1,限时秒杀 免费麦辣鸡腿堡 仅剩81份,快来领取优惠券 新人立减5元 免费配送,34394,1891,2026-08-01
P0241,短信,限时秒杀 免费麦辣鸡腿堡 仅剩3份,快来领取优惠券 新人立减5元 免费配送,10787,4538,2026-08-01
P0241,企微1v1,限时秒杀 免费麦辣鸡腿堡 仅剩31份,快来领取优惠券 新人立减5元 免费配送,19019,297,2026-08-01
P0241,短信,限时秒杀 免费麦辣鸡腿堡 仅剩86份,快来领取优惠券 新人立减5元 免费配送,22821,3016,2026-08-01
P0241,企微1v1,限时秒杀 免费麦辣鸡腿堡 仅剩67份,快来领取优惠券 新人立减5元 免费配送,40945,4890,2026-08-01
P0241,APP Push,限时秒杀 免费麦辣鸡腿堡 仅剩43份,快来领取优惠券 新人立减5元 免费配送,33663,1542,2026-08-01
P0241,APP Push,限时秒杀 免费麦辣鸡腿堡 仅剩70份,快来领取优惠券 新人立减5元 免费配送,3739,2630,2026-08-01
P0241,短信,限时秒杀 免费麦辣鸡腿堡 仅剩65份,快来领取优惠券 新人立减5元 免费配送,38157,1879,2026-08-01
P0241,企微1v1,限时秒杀 免费麦辣鸡腿堡 仅剩57份,快来领取优惠券 新人立减5元 免费配送,36907,4686,2026-08-01
P0241,APP Push,限时秒杀 免费麦辣鸡腿堡 仅剩4份,快来领取优惠券 新人立减5元 免费配送,35617,2598,2026-08-01
P0241,APP Push,限时秒杀 免费麦辣鸡腿堡 仅剩15份,快来领取优惠券 新人立减5元 免费配送,28330,3780,2026-08-01
P0241,企微1v1,限时秒杀 免费麦辣鸡腿堡 仅剩9份,快来领取优惠券 新人立减5元 免费配送,9111,2607,2026-08-01
P0241,APP Push,限时秒杀 免费麦辣鸡腿堡 仅剩9份,快来领取优惠券 新人立减5元 免费配送,48773,1751,2026-08-01
P0241,短信,限时秒杀 免费麦辣鸡腿堡 仅剩38份,快来领取优惠券 新人立减5元 免费配送,11366,462,2026-08-01
P0241,短信,限时秒杀 免费麦辣鸡腿堡 仅剩92份,快来领取优惠券 新人立减5元 免费配送,17478,1156,2026-08-01
P0242,企微1v1,限时秒杀 免费麦辣鸡腿堡 仅剩26份,快来领取优惠券 新人立减5元 免费配送,47614,2111,2026-08-01
P0242,短信,限时秒杀 免费麦辣鸡腿堡 仅剩97份,快来领取优惠券 新人立减5元 免费配送,47541,685,2026-08-01
P0242,企微1v1,限时秒杀 免费麦辣鸡腿堡 仅剩68份,快来领取优惠券 新人立减5元 免费配送,1107,2834,2026-08-01
P0242,APP Push,限时秒杀 免费麦辣鸡腿堡 仅剩69份,快来领取优惠券 新人立减5元 免费配送,18729,2714,2026-08-01
P0242,APP Push,限时秒杀 免费麦辣鸡腿堡 仅剩90份,快来领取优惠券 新人立减5元 免费配送,33583,2578,2026-08-01
P0242,短信,限时秒杀 免费麦辣鸡腿堡 仅剩52份,快来领取优惠券 新人立减5元 免费配送,25779,3777,2026-08-01
P0242,APP Push,限时秒杀 免费麦辣鸡腿堡 仅剩88份,快来领取优惠券 新人立减5元 免费配送,4251,2239,2026-08-01
P0242,短信,限时秒杀 免费麦辣鸡腿堡 仅剩94份,快来领取优惠券 新人立减5元 免费配送,1527,4875,2026-08-01
P0242,企微1v1,限时秒杀 免费麦辣鸡腿堡 仅剩31份,快来领取优惠券 新人立减5元 免费配送,47960,3821,2026-08-01
P0242,短信,限时秒杀 免费麦辣鸡腿堡 仅剩31份,快来领取优惠券 新人立减5元 免费配送,44787,3116,2026-08-01
P0242,企微1v1,限时秒杀 免费麦辣鸡腿堡 仅剩64份,快来领取优惠券 新人立减5元 免费配送,49440,1910,2026-08-01
P0242,短信,限时秒杀 免费麦辣鸡腿堡 仅剩78份,快来领取优惠券 新人立减5元 免费配送,6362,573,2026-08-01
P0242,APP Push,限时秒杀 免费麦辣鸡腿堡 仅剩44份,快来领取优惠券 新人立减5元 免费配送,14818,522,2026-08-01
P0242,APP Push,限时秒杀 免费麦辣鸡腿堡 仅剩97份,快来领取优惠券 新人立减5元 免费配送,28550,4166,2026-08-01
P0242,APP Push,限时秒杀 免费麦辣鸡腿堡 仅剩11份,快来领取优惠券 新人立减5元 免费配送,46274,212,2026-08-01
P0242,企微1v1,限时秒杀 免费麦辣鸡腿堡 仅剩19份,快来领取优惠券 新人立减5元 免费配送,9618,3084,2026-08-01
P0242,短信,限时秒杀 免费麦辣鸡腿堡 仅剩88份,快来领取优惠券 新人立减5元 免费配送,41640,767,2026-08-01
P0242,APP Push,限时秒杀 免费麦辣鸡腿堡 仅剩43份,快来领取优惠券 新人立减5元 免费配送,43600,4835,2026-08-01
P0242,企微1v1,限时秒杀 免费麦辣鸡腿堡 仅剩87份,快来领取优惠券 新人立减5元 免费配送,48730,722,2026-08-01
P0242,APP Push,限时秒杀 免费麦辣鸡腿堡 仅剩70份,快来领取优惠券 新人立减5元 免费配送,43724,1820,2026-08-01
P0243,短信,限时秒杀 免费麦辣鸡腿堡 仅剩32份,快来领取优惠券 新人立减5元 免费配送,29518,1274,2026-08-01
P0243,APP Push,限时秒杀 免费麦辣鸡腿堡 仅剩37份,快来领取优惠券 新人立减5元 免费配送,1650,3724,2026-08-01
P0243,APP Push,限时秒杀 免费麦辣鸡腿堡 仅剩55份,快来领取优惠券 新人立减5元 免费配送,47238,4875,2026-08-01
P0243,短信,限时秒杀 免费麦辣鸡腿堡 仅剩3份,快来领取优惠券 新人立减5元 免费配送,27696,1589,2026-08-01
P0243,APP Push,限时秒杀 免费麦辣鸡腿堡 仅剩42份,快来领取优惠券 新人立减5元 免费配送,3748,3141,2026-08-01
P0243,APP Push,限时秒杀 免费麦辣鸡腿堡 仅剩70份,快来领取优惠券 新人立减5元 免费配送,7658,1850,2026-08-01
P0243,企微1v1,限时秒杀 免费麦辣鸡腿堡 仅剩63份,快来领取优惠券 新人立减5元 免费配送,22564,130,2026-08-01
P0243,APP Push,限时秒杀 免费麦辣鸡腿堡 仅剩28份,快来领取优惠券 新人立减5元 免费配送,20535,4536,2026-08-01
P0243,短信,限时秒杀 免费麦辣鸡腿堡 仅剩47份,快来领取优惠券 新人立减5元 免费配送,33923,2227,2026-08-01
P0243,APP Push,限时秒杀 免费麦辣鸡腿堡 仅剩48份,快来领取优惠券 新人立减5元 免费配送,1738,3822,2026-08-01
P0243,短信,限时秒杀 免费麦辣鸡腿堡 仅剩98份,快来领取优惠券 新人立减5元 免费配送,18315,733,2026-08-01
P0243,企微1v1,限时秒杀 免费麦辣鸡腿堡 仅剩91份,快来领取优惠券 新人立减5元 免费配送,9169,3059,2026-08-01
P0243,企微1v1,限时秒杀 免费麦辣鸡腿堡 仅剩2份,快来领取优惠券 新人立减5元 免费配送,6069,3591,2026-08-01
P0243,短信,限时秒杀 免费麦辣鸡腿堡 仅剩22份,快来领取优惠券 新人立减5元 免费配送,2006,2820,2026-08-01
P0243,企微1v1,限时秒杀 免费麦辣鸡腿堡 仅剩62份,快来领取优惠券 新人立减5元 免费配送,36860,2152,2026-08-01
P0243,APP Push,限时秒杀 免费麦辣鸡腿堡 仅剩74份,快来领取优惠券 新人立减5元 免费配送,38265,395,2026-08-01
P0243,APP Push,限时秒杀 免费麦辣鸡腿堡 仅剩48份,快来领取优惠券 新人立减5元 免费配送,5506,2976,2026-08-01
P0243,APP Push,限时秒杀 免费麦辣鸡腿堡 仅剩66份,快来领取优惠券 新人立减5元 免费配送,21417,1630,2026-08-01
P0243,短信,限时秒杀 免费麦辣鸡腿堡 仅剩87份,快来领取优惠券 新人立减5元 免费配送,8049,2779,2026-08-01
P0243,APP Push,限时秒杀 免费麦辣鸡腿堡 仅剩75份,快来领取优惠券 新人立减5元 免费配送,10799,4138,2026-08-01
P0244,短信,限时秒杀 免费麦辣鸡腿堡 仅剩76份,快来领取优惠券 新人立减5元 免费配送,42105,1333,2026-08-01
P0244,企微1v1,限时秒杀 免费麦辣鸡腿堡 仅剩59份,快来领取优惠券 新人立减5元 免费配送,19685,4993,2026-08-01
P0244,企微1v1,限时秒杀 免费麦辣鸡腿堡 仅剩54份,快来领取优惠券 新人立减5元 免费配送,47656,1549,2026-08-01
P0244,企微1v1,限时秒杀 免费麦辣鸡腿堡 仅剩97份,快来领取优惠券 新人立减5元 免费配送,39938,3346,2026-08-01
P0244,APP Push,限时秒杀 免费麦辣鸡腿堡 仅剩12份,快来领取优惠券 新人立减5元 免费配送,7038,4490,2026-08-01
P0244,短信,限时秒杀 免费麦辣鸡腿堡 仅剩23份,快来领取优惠券 新人立减5元 免费配送,45979,338,2026-08-01
P0244,企微1v1,限时秒杀 免费麦辣鸡腿堡 仅剩33份,快来领取优惠券 新人立减5元 免费配送,16452,2737,2026-08-01
P0244,企微1v1,限时秒杀 免费麦辣鸡腿堡 仅剩93份,快来领取优惠券 新人立减5元 免费配送,12015,227,2026-08-01
P0244,企微1v1,限时秒杀 免费麦辣鸡腿堡 仅剩43份,快来领取优惠券 新人立减5元 免费配送,15075,248,2026-08-01
P0244,短信,限时秒杀 免费麦辣鸡腿堡 仅剩53份,快来领取优惠券 新人立减5元 免费配送,37039,4659,2026-08-01
P0244,APP Push,限时秒杀 免费麦辣鸡腿堡 仅剩3份,快来领取优惠券 新人立减5元 免费配送,38137,4390,2026-08-01
P0244,APP Push,限时秒杀 免费麦辣鸡腿堡 仅剩28份,快来领取优惠券 新人立减5元 免费配送,48431,606,2026-08-01
P0244,短信,限时秒杀 免费麦辣鸡腿堡 仅剩49份,快来领取优惠券 新人立减5元 免费配送,32071,2434,2026-08-01
P0244,APP Push,限时秒杀 免费麦辣鸡腿堡 仅剩15份,快来领取优惠券 新人立减5元 免费配送,33560,4785,2026-08-01
P0244,APP Push,限时秒杀 免费麦辣鸡腿堡 仅剩22份,快来领取优惠券 新人立减5元 免费配送,9083,4396,2026-08-01
P0244,短信,限时秒杀 免费麦辣鸡腿堡 仅剩94份,快来领取优惠券 新人立减5元 免费配送,31166,2649,2026-08-01
P0244,APP Push,限时秒杀 免费麦辣鸡腿堡 仅剩85份,快来领取优惠券 新人立减5元 免费配送,25928,2972,2026-08-01
P0244,企微1v1,限时秒杀 免费麦辣鸡腿堡 仅剩49份,快来领取优惠券 新人立减5元 免费配送,19055,3204,2026-08-01
P0244,企微1v1,限时秒杀 免费麦辣鸡腿堡 仅剩32份,快来领取优惠券 新人立减5元 免费配送,31769,2111,2026-08-01
P0244,短信,限时秒杀 免费麦辣鸡腿堡 仅剩37份,快来领取优惠券 新人立减5元 免费配送,35847,3472,2026-08-01
P0245,企微1v1,限时秒杀 免费麦辣鸡腿堡 仅剩22份,快来领取优惠券 新人立减5元 免费配送,8950,814,2026-08-01
P0245,短信,限时秒杀 免费麦辣鸡腿堡 仅剩2份,快来领取优惠券 新人立减5元 免费配送,4465,4252,2026-08-01
P0245,短信,限时秒杀 免费麦辣鸡腿堡 仅剩27份,快来领取优惠券 新人立减5元 免费配送,41865,4457,2026-08-01
P0245,企微1v1,限时秒杀 免费麦辣鸡腿堡 仅剩15份,快来领取优惠券 新人立减5元 免费配送,39498,2039,2026-08-01
P0245,短信,限时秒杀 免费麦辣鸡腿堡 仅剩75份,快来领取优惠券 新人立减5元 免费配送,12482,3324,2026-08-01
P0245,APP Push,限时秒杀 免费麦辣鸡腿堡 仅剩86份,快来领取优惠券 新人立减5元 免费配送,20255,1840,2026-08-01
P0245,APP Push,限时秒杀 免费麦辣鸡腿堡 仅剩14份,快来领取优惠券 新人立减5元 免费配送,28050,4262,2026-08-01
P0245,短信,限时秒杀 免费麦辣鸡腿堡 仅剩92份,快来领取优惠券 新人立减5元 免费配送,2839,1579,2026-08-01
P0245,企微1v1,限时秒杀 免费麦辣鸡腿堡 仅剩36份,快来领取优惠券 新人立减5元 免费配送,40904,2810,2026-08-01
P0245,企微1v1,限时秒杀 免费麦辣鸡腿堡 仅剩51份,快来领取优惠券 新人立减5元 免费配送,40019,4940,2026-08-01
P0245,企微1v1,限时秒杀 免费麦辣鸡腿堡 仅剩19份,快来领取优惠券 新人立减5元 免费配送,39821,4199,2026-08-01
P0245,企微1v1,限时秒杀 免费麦辣鸡腿堡 仅剩24份,快来领取优惠券 新人立减5元 免费配送,46784,519,2026-08-01
P0245,短信,限时秒杀 免费麦辣鸡腿堡 仅剩46份,快来领取优惠券 新人立减5元 免费配送,39819,3990,2026-08-01
P0245,企微1v1,限时秒杀 免费麦辣鸡腿堡 仅剩13份,快来领取优惠券 新人立减5元 免费配送,48089,1365,2026-08-01
P0245,企微1v1,限时秒杀 免费麦辣鸡腿堡 仅剩29份,快来领取优惠券 新人立减5元 免费配送,21491,4346,2026-08-01
P0245,APP Push,限时秒杀 免费麦辣鸡腿堡 仅剩86份,快来领取优惠券 新人立减5元 免费配送,1211,1404,2026-08-01
P0245,短信,限时秒杀 免费麦辣鸡腿堡 仅剩44份,快来领取优惠券 新人立减5元 免费配送,4242,2305,2026-08-01
P0245,短信,限时秒杀 免费麦辣鸡腿堡 仅剩96份,快来领取优惠券 新人立减5元 免费配送,26115,3364,2026-08-01
P0245,短信,限时秒杀 免费麦辣鸡腿堡 仅剩73份,快来领取优惠券 新人立减5元 免费配送,36773,2591,2026-08-01
P0245,短信,限时秒杀 免费麦辣鸡腿堡 仅剩61份,快来领取优惠券 新人立减5元 免费配送,11506,3833,2026-08-01
P0246,企微1v1,限时秒杀 免费麦辣鸡腿堡 仅剩61份,快来领取优惠券 新人立减5元 免费配送,15504,1890,2026-08-01
P0246,短信,限时秒杀 免费麦辣鸡腿堡 仅剩23份,快来领取优惠券 新人立减5元 免费配送,8223,4215,2026-08-01
P0246,APP Push,限时秒杀 免费麦辣鸡腿堡 仅剩47份,快来领取优惠券 新人立减5元 免费配送,16066,2276,2026-08-01
P0246,短信,限时秒杀 免费麦辣鸡腿堡 仅剩79份,快来领取优惠券 新人立减5元 免费配送,13225,2359,2026-08-01
P0246,APP Push,限时秒杀 免费麦辣鸡腿堡 仅剩50份,快来领取优惠券 新人立减5元 免费配送,11976,1371,2026-08-01
P0246,短信,限时秒杀 免费麦辣鸡腿堡 仅剩84份,快来领取优惠券 新人立减5元 免费配送,45222,3453,2026-08-01
P0246,企微1v1,限时秒杀 免费麦辣鸡腿堡 仅剩61份,快来领取优惠券 新人立减5元 免费配送,48124,683,2026-08-01
P0246,企微1v1,限时秒杀 免费麦辣鸡腿堡 仅剩25份,快来领取优惠券 新人立减5元 免费配送,13181,2454,2026-08-01
P0246,短信,限时秒杀 免费麦辣鸡腿堡 仅剩50份,快来领取优惠券 新人立减5元 免费配送,32176,4871,2026-08-01
P0246,短信,限时秒杀 免费麦辣鸡腿堡 仅剩58份,快来领取优惠券 新人立减5元 免费配送,12501,2855,2026-08-01
P0246,企微1v1,限时秒杀 免费麦辣鸡腿堡 仅剩60份,快来领取优惠券 新人立减5元 免费配送,49370,3123,2026-08-01
P0246,APP Push,限时秒杀 免费麦辣鸡腿堡 仅剩73份,快来领取优惠券 新人立减5元 免费配送,37791,4480,2026-08-01
P0246,企微1v1,限时秒杀 免费麦辣鸡腿堡 仅剩44份,快来领取优惠券 新人立减5元 免费配送,37464,2956,2026-08-01
P0246,企微1v1,限时秒杀 免费麦辣鸡腿堡 仅剩12份,快来领取优惠券 新人立减5元 免费配送,6824,1238,2026-08-01
P0246,短信,限时秒杀 免费麦辣鸡腿堡 仅剩46份,快来领取优惠券 新人立减5元 免费配送,7698,2370,2026-08-01
P0246,企微1v1,限时秒杀 免费麦辣鸡腿堡 仅剩18份,快来领取优惠券 新人立减5元 免费配送,26616,1625,2026-08-01
P0246,APP Push,限时秒杀 免费麦辣鸡腿堡 仅剩59份,快来领取优惠券 新人立减5元 免费配送,19278,2075,2026-08-01
P0246,短信,限时秒杀 免费麦辣鸡腿堡 仅剩49份,快来领取优惠券 新人立减5元 免费配送,41260,1650,2026-08-01
P0246,短信,限时秒杀 免费麦辣鸡腿堡 仅剩21份,快来领取优惠券 新人立减5元 免费配送,36690,2579,2026-08-01
P0246,短信,限时秒杀 免费麦辣鸡腿堡 仅剩21份,快来领取优惠券 新人立减5元 免费配送,31029,2138,2026-08-01
P0247,短信,限时秒杀 免费麦辣鸡腿堡 仅剩12份,快来领取优惠券 新人立减5元 免费配送,45355,3027,2026-08-01
P0247,APP Push,限时秒杀 免费麦辣鸡腿堡 仅剩69份,快来领取优惠券 新人立减5元 免费配送,49784,1660,2026-08-01
P0247,企微1v1,限时秒杀 免费麦辣鸡腿堡 仅剩49份,快来领取优惠券 新人立减5元 免费配送,4172,342,2026-08-01
P0247,APP Push,限时秒杀 免费麦辣鸡腿堡 仅剩31份,快来领取优惠券 新人立减5元 免费配送,46793,419,2026-08-01
P0247,APP Push,限时秒杀 免费麦辣鸡腿堡 仅剩59份,快来领取优惠券 新人立减5元 免费配送,36893,4444,2026-08-01
P0247,短信,限时秒杀 免费麦辣鸡腿堡 仅剩51份,快来领取优惠券 新人立减5元 免费配送,1523,764,2026-08-01
P0247,APP Push,限时秒杀 免费麦辣鸡腿堡 仅剩84份,快来领取优惠券 新人立减5元 免费配送,48381,1901,2026-08-01
P0247,APP Push,限时秒杀 免费麦辣鸡腿堡 仅剩35份,快来领取优惠券 新人立减5元 免费配送,21854,1175,2026-08-01
P0247,APP Push,限时秒杀 免费麦辣鸡腿堡 仅剩88份,快来领取优惠券 新人立减5元 免费配送,39703,1505,2026-08-01
P0247,APP Push,限时秒杀 免费麦辣鸡腿堡 仅剩85份,快来领取优惠券 新人立减5元 免费配送,1638,1958,2026-08-01
P0247,企微1v1,限时秒杀 免费麦辣鸡腿堡 仅剩83份,快来领取优惠券 新人立减5元 免费配送,16935,2295,2026-08-01
P0247,短信,限时秒杀 免费麦辣鸡腿堡 仅剩54份,快来领取优惠券 新人立减5元 免费配送,45588,1484,2026-08-01
P0247,企微1v1,限时秒杀 免费麦辣鸡腿堡 仅剩37份,快来领取优惠券 新人立减5元 免费配送,18253,2175,2026-08-01
P0247,APP Push,限时秒杀 免费麦辣鸡腿堡 仅剩5份,快来领取优惠券 新人立减5元 免费配送,39654,4258,2026-08-01
P0247,短信,限时秒杀 免费麦辣鸡腿堡 仅剩64份,快来领取优惠券 新人立减5元 免费配送,7415,338,2026-08-01
P0247,短信,限时秒杀 免费麦辣鸡腿堡 仅剩87份,快来领取优惠券 新人立减5元 免费配送,23540,4232,2026-08-01
P0247,APP Push,限时秒杀 免费麦辣鸡腿堡 仅剩58份,快来领取优惠券 新人立减5元 免费配送,3475,4548,2026-08-01
P0247,短信,限时秒杀 免费麦辣鸡腿堡 仅剩48份,快来领取优惠券 新人立减5元 免费配送,44379,1988,2026-08-01
P0247,企微1v1,限时秒杀 免费麦辣鸡腿堡 仅剩21份,快来领取优惠券 新人立减5元 免费配送,33667,1258,2026-08-01
P0247,APP Push,限时秒杀 免费麦辣鸡腿堡 仅剩25份,快来领取优惠券 新人立减5元 免费配送,16148,1854,2026-08-01
P0248,企微1v1,限时秒杀 免费麦辣鸡腿堡 仅剩18份,快来领取优惠券 新人立减5元 免费配送,23742,4697,2026-08-01
P0248,APP Push,限时秒杀 免费麦辣鸡腿堡 仅剩13份,快来领取优惠券 新人立减5元 免费配送,13632,4846,2026-08-01
P0248,APP Push,限时秒杀 免费麦辣鸡腿堡 仅剩41份,快来领取优惠券 新人立减5元 免费配送,37329,3229,2026-08-01
P0248,企微1v1,限时秒杀 免费麦辣鸡腿堡 仅剩91份,快来领取优惠券 新人立减5元 免费配送,1468,3637,2026-08-01
P0248,企微1v1,限时秒杀 免费麦辣鸡腿堡 仅剩9份,快来领取优惠券 新人立减5元 免费配送,8752,4819,2026-08-01
P0248,APP Push,限时秒杀 免费麦辣鸡腿堡 仅剩3份,快来领取优惠券 新人立减5元 免费配送,38703,463,2026-08-01
P0248,企微1v1,限时秒杀 免费麦辣鸡腿堡 仅剩32份,快来领取优惠券 新人立减5元 免费配送,18982,4087,2026-08-01
P0248,APP Push,限时秒杀 免费麦辣鸡腿堡 仅剩9份,快来领取优惠券 新人立减5元 免费配送,13097,1035,2026-08-01
P0248,企微1v1,限时秒杀 免费麦辣鸡腿堡 仅剩61份,快来领取优惠券 新人立减5元 免费配送,44307,3274,2026-08-01
P0248,企微1v1,限时秒杀 免费麦辣鸡腿堡 仅剩90份,快来领取优惠券 新人立减5元 免费配送,8538,4838,2026-08-01
P0248,企微1v1,限时秒杀 免费麦辣鸡腿堡 仅剩38份,快来领取优惠券 新人立减5元 免费配送,18078,549,2026-08-01
P0248,APP Push,限时秒杀 免费麦辣鸡腿堡 仅剩87份,快来领取优惠券 新人立减5元 免费配送,15867,2433,2026-08-01
P0248,短信,限时秒杀 免费麦辣鸡腿堡 仅剩75份,快来领取优惠券 新人立减5元 免费配送,39174,2711,2026-08-01
P0248,企微1v1,限时秒杀 免费麦辣鸡腿堡 仅剩35份,快来领取优惠券 新人立减5元 免费配送,30416,1107,2026-08-01
P0248,企微1v1,限时秒杀 免费麦辣鸡腿堡 仅剩38份,快来领取优惠券 新人立减5元 免费配送,6155,2336,2026-08-01
P0248,APP Push,限时秒杀 免费麦辣鸡腿堡 仅剩66份,快来领取优惠券 新人立减5元 免费配送,16871,3154,2026-08-01
P0248,短信,限时秒杀 免费麦辣鸡腿堡 仅剩2份,快来领取优惠券 新人立减5元 免费配送,25607,3739,2026-08-01
P0248,APP Push,限时秒杀 免费麦辣鸡腿堡 仅剩47份,快来领取优惠券 新人立减5元 免费配送,18043,2188,2026-08-01
P0248,APP Push,限时秒杀 免费麦辣鸡腿堡 仅剩10份,快来领取优惠券 新人立减5元 免费配送,46528,3078,2026-08-01
P0248,APP Push,限时秒杀 免费麦辣鸡腿堡 仅剩64份,快来领取优惠券 新人立减5元 免费配送,25636,274,2026-08-01
P0249,APP Push,限时秒杀 免费麦辣鸡腿堡 仅剩89份,快来领取优惠券 新人立减5元 免费配送,7644,2876,2026-08-01
P0249,短信,限时秒杀 免费麦辣鸡腿堡 仅剩98份,快来领取优惠券 新人立减5元 免费配送,35612,113,2026-08-01
P0249,短信,限时秒杀 免费麦辣鸡腿堡 仅剩7份,快来领取优惠券 新人立减5元 免费配送,27390,3009,2026-08-01
P0249,企微1v1,限时秒杀 免费麦辣鸡腿堡 仅剩81份,快来领取优惠券 新人立减5元 免费配送,15741,193,2026-08-01
P0249,企微1v1,限时秒杀 免费麦辣鸡腿堡 仅剩44份,快来领取优惠券 新人立减5元 免费配送,1484,3151,2026-08-01
P0249,短信,限时秒杀 免费麦辣鸡腿堡 仅剩74份,快来领取优惠券 新人立减5元 免费配送,5001,652,2026-08-01
P0249,企微1v1,限时秒杀 免费麦辣鸡腿堡 仅剩13份,快来领取优惠券 新人立减5元 免费配送,41975,4379,2026-08-01
P0249,APP Push,限时秒杀 免费麦辣鸡腿堡 仅剩73份,快来领取优惠券 新人立减5元 免费配送,40398,1380,2026-08-01
P0249,企微1v1,限时秒杀 免费麦辣鸡腿堡 仅剩57份,快来领取优惠券 新人立减5元 免费配送,13573,4353,2026-08-01
P0249,短信,限时秒杀 免费麦辣鸡腿堡 仅剩10份,快来领取优惠券 新人立减5元 免费配送,32358,4877,2026-08-01
P0249,企微1v1,限时秒杀 免费麦辣鸡腿堡 仅剩34份,快来领取优惠券 新人立减5元 免费配送,28654,4469,2026-08-01
P0249,短信,限时秒杀 免费麦辣鸡腿堡 仅剩86份,快来领取优惠券 新人立减5元 免费配送,32656,2787,2026-08-01
P0249,短信,限时秒杀 免费麦辣鸡腿堡 仅剩62份,快来领取优惠券 新人立减5元 免费配送,22449,4183,2026-08-01
P0249,短信,限时秒杀 免费麦辣鸡腿堡 仅剩84份,快来领取优惠券 新人立减5元 免费配送,3085,3054,2026-08-01
P0249,短信,限时秒杀 免费麦辣鸡腿堡 仅剩68份,快来领取优惠券 新人立减5元 免费配送,25108,3697,2026-08-01
P0249,APP Push,限时秒杀 免费麦辣鸡腿堡 仅剩69份,快来领取优惠券 新人立减5元 免费配送,45807,1340,2026-08-01
P0249,短信,限时秒杀 免费麦辣鸡腿堡 仅剩51份,快来领取优惠券 新人立减5元 免费配送,34036,995,2026-08-01
P0249,APP Push,限时秒杀 免费麦辣鸡腿堡 仅剩68份,快来领取优惠券 新人立减5元 免费配送,27113,4359,2026-08-01
P0249,企微1v1,限时秒杀 免费麦辣鸡腿堡 仅剩73份,快来领取优惠券 新人立减5元 免费配送,31386,2672,2026-08-01
P0249,APP Push,限时秒杀 免费麦辣鸡腿堡 仅剩95份,快来领取优惠券 新人立减5元 免费配送,14945,4108,2026-08-01
